{"level":"info","message":"Database connection successful","timestamp":"2025-01-27 07:15:39"}
{"level":"info","message":"Server is running on port 5000","timestamp":"2025-01-27 07:15:39"}
{"level":"info","message":"Initial origins update completed","timestamp":"2025-01-27 07:15:39"}
{"level":"info","message":"GET /api/v1/academy/domain/localhost:3000/pages/home 200 21.608 ms - 2089","timestamp":"2025-01-27 07:15:57"}
{"level":"info","message":"GET /api/v1/navigation/domain/localhost:3000 200 29.322 ms - 2005","timestamp":"2025-01-27 07:15:57"}
{"level":"error","statusCode":404,"timestamp":"2025-01-27 07:15:57"}
{"level":"info","message":"GET /api/v1/academy/domain/localhost:3000/pages/coach1.jpg 404 7.769 ms - 349","timestamp":"2025-01-27 07:15:57"}
{"level":"info","message":"GET /api/v1/navigation/domain/localhost:3000 200 8.055 ms - 2005","timestamp":"2025-01-27 07:15:57"}
{"level":"error","statusCode":404,"timestamp":"2025-01-27 07:15:57"}
{"level":"info","message":"GET /api/v1/academy/domain/localhost:3000/pages/coach2.jpg 404 6.360 ms - 349","timestamp":"2025-01-27 07:15:57"}
{"level":"info","message":"GET /api/v1/navigation/domain/localhost:3000 200 6.901 ms - 2005","timestamp":"2025-01-27 07:15:57"}
{"level":"error","statusCode":404,"timestamp":"2025-01-27 07:15:57"}
{"level":"info","message":"GET /api/v1/academy/domain/localhost:3000/pages/coach1.jpg 404 10.577 ms - 349","timestamp":"2025-01-27 07:15:57"}
{"level":"error","statusCode":404,"timestamp":"2025-01-27 07:15:57"}
{"level":"info","message":"GET /api/v1/academy/domain/localhost:3000/pages/coach2.jpg 404 9.249 ms - 349","timestamp":"2025-01-27 07:15:57"}
{"level":"error","statusCode":404,"timestamp":"2025-01-27 07:15:58"}
{"level":"info","message":"GET /api/v1/academy/domain/localhost:3000/pages/coach1.jpg 404 5.687 ms - 349","timestamp":"2025-01-27 07:15:58"}
{"level":"info","message":"GET /api/v1/navigation/domain/localhost:3000 200 7.919 ms - 2005","timestamp":"2025-01-27 07:15:58"}
{"level":"error","statusCode":404,"timestamp":"2025-01-27 07:15:58"}
{"level":"info","message":"GET /api/v1/academy/domain/localhost:3000/pages/coach2.jpg 404 5.050 ms - 349","timestamp":"2025-01-27 07:15:58"}
{"level":"info","message":"GET /api/v1/navigation/domain/localhost:3000 200 7.552 ms - 2005","timestamp":"2025-01-27 07:15:58"}
{"level":"info","message":"OPTIONS /api/v1/permission 200 0.435 ms - -","timestamp":"2025-01-27 07:16:15"}
{"level":"info","message":"GET /api/v1/permission 401 17.960 ms - 46","timestamp":"2025-01-27 07:16:15"}
{"level":"info","message":"OPTIONS /api/v1/notifications 200 0.237 ms - -","timestamp":"2025-01-27 07:16:15"}
{"level":"info","message":"OPTIONS /api/v1/dashboard 200 0.256 ms - -","timestamp":"2025-01-27 07:16:15"}
{"level":"info","message":"GET /api/v1/notifications 401 12.386 ms - 46","timestamp":"2025-01-27 07:16:15"}
{"level":"info","message":"GET /api/v1/dashboard 401 8.350 ms - 46","timestamp":"2025-01-27 07:16:15"}
{"level":"info","message":"OPTIONS /api/v1/permission 200 0.217 ms - -","timestamp":"2025-01-27 07:16:40"}
{"level":"info","message":"GET /api/v1/permission 304 30.079 ms - -","timestamp":"2025-01-27 07:16:40"}
{"level":"info","message":"OPTIONS /api/v1/notifications 200 0.254 ms - -","timestamp":"2025-01-27 07:16:40"}
{"level":"info","message":"OPTIONS /api/v1/dashboard 200 0.264 ms - -","timestamp":"2025-01-27 07:16:40"}
{"level":"info","message":"GET /api/v1/notifications 304 16.368 ms - -","timestamp":"2025-01-27 07:16:41"}
{"level":"info","message":"GET /api/v1/dashboard 304 48.238 ms - -","timestamp":"2025-01-27 07:16:41"}
{"level":"info","message":"OPTIONS /api/v1/tasks 200 0.093 ms - -","timestamp":"2025-01-27 07:16:55"}
{"level":"info","message":"GET /api/v1/tasks 401 3.358 ms - 46","timestamp":"2025-01-27 07:16:55"}
{"level":"info","message":"OPTIONS /api/v1/dashboard/student-stats 200 0.110 ms - -","timestamp":"2025-01-27 07:16:55"}
{"level":"info","message":"GET /api/v1/dashboard/student-stats 401 3.860 ms - 46","timestamp":"2025-01-27 07:16:55"}
{"level":"info","message":"OPTIONS /api/v1/student/all-students 200 0.211 ms - -","timestamp":"2025-01-27 07:16:57"}
{"level":"info","message":"OPTIONS /api/v1/coach/all-coaches 200 0.283 ms - -","timestamp":"2025-01-27 07:16:57"}
{"level":"info","message":"OPTIONS /api/v1/batch/options 200 0.257 ms - -","timestamp":"2025-01-27 07:16:57"}
{"level":"info","message":"GET /api/v1/student/all-students 304 69.218 ms - -","timestamp":"2025-01-27 07:16:57"}
{"level":"info","message":"GET /api/v1/batch/options 304 39.574 ms - -","timestamp":"2025-01-27 07:16:57"}
{"level":"info","message":"GET /api/v1/coach/all-coaches 304 67.149 ms - -","timestamp":"2025-01-27 07:16:57"}
{"level":"info","message":"GET /api/v1/academy/domain/chess-in-chunks/pages/home 200 8.242 ms - 2089","timestamp":"2025-01-27 07:17:01"}
{"level":"info","message":"GET /api/v1/navigation/domain/chess-in-chunks 200 8.591 ms - 2005","timestamp":"2025-01-27 07:17:01"}
{"level":"info","message":"GET /api/v1/academy/domain/chess-in-chunks/pages/home 200 9.835 ms - 2089","timestamp":"2025-01-27 07:17:01"}
{"level":"error","statusCode":404,"timestamp":"2025-01-27 07:17:01"}
{"level":"info","message":"GET /api/v1/academy/domain/chess-in-chunks/pages/coach1.jpg 404 7.614 ms - 349","timestamp":"2025-01-27 07:17:01"}
{"level":"info","message":"GET /api/v1/navigation/domain/chess-in-chunks 200 11.826 ms - 2005","timestamp":"2025-01-27 07:17:01"}
{"level":"error","statusCode":404,"timestamp":"2025-01-27 07:17:01"}
{"level":"info","message":"GET /api/v1/academy/domain/chess-in-chunks/pages/coach1.jpg 404 6.102 ms - 349","timestamp":"2025-01-27 07:17:01"}
{"level":"error","statusCode":404,"timestamp":"2025-01-27 07:17:01"}
{"level":"info","message":"GET /api/v1/academy/domain/chess-in-chunks/pages/coach2.jpg 404 5.604 ms - 349","timestamp":"2025-01-27 07:17:01"}
{"level":"error","statusCode":404,"timestamp":"2025-01-27 07:17:01"}
{"level":"info","message":"GET /api/v1/academy/domain/chess-in-chunks/pages/coach2.jpg 404 5.717 ms - 349","timestamp":"2025-01-27 07:17:01"}
{"level":"info","message":"GET /api/v1/navigation/domain/chess-in-chunks 200 10.947 ms - 2005","timestamp":"2025-01-27 07:17:01"}
{"level":"error","statusCode":404,"timestamp":"2025-01-27 07:17:02"}
{"level":"info","message":"GET /api/v1/academy/domain/chess-in-chunks/pages/coach1.jpg 404 4.704 ms - 349","timestamp":"2025-01-27 07:17:02"}
{"level":"info","message":"GET /api/v1/navigation/domain/chess-in-chunks 200 8.658 ms - 2005","timestamp":"2025-01-27 07:17:02"}
{"level":"error","statusCode":404,"timestamp":"2025-01-27 07:17:02"}
{"level":"info","message":"GET /api/v1/academy/domain/chess-in-chunks/pages/coach1.jpg 404 5.840 ms - 349","timestamp":"2025-01-27 07:17:02"}
{"level":"error","statusCode":404,"timestamp":"2025-01-27 07:17:02"}
{"level":"info","message":"GET /api/v1/academy/domain/chess-in-chunks/pages/coach2.jpg 404 6.108 ms - 349","timestamp":"2025-01-27 07:17:02"}
{"level":"error","statusCode":404,"timestamp":"2025-01-27 07:17:02"}
{"level":"info","message":"GET /api/v1/academy/domain/chess-in-chunks/pages/coach2.jpg 404 6.001 ms - 349","timestamp":"2025-01-27 07:17:02"}
{"level":"info","message":"GET /api/v1/navigation/domain/chess-in-chunks 200 10.872 ms - 2005","timestamp":"2025-01-27 07:17:02"}
{"level":"info","message":"OPTIONS /api/v1/auth/check-mfa 200 0.208 ms - -","timestamp":"2025-01-27 07:17:16"}
{"level":"info","message":"POST /api/v1/auth/check-mfa 200 261.478 ms - 49","timestamp":"2025-01-27 07:17:16"}
{"level":"info","message":"POST /api/v1/auth/login-with-password 200 251.377 ms - 868","timestamp":"2025-01-27 07:17:16"}
{"level":"info","message":"OPTIONS /api/v1/tasks 200 0.171 ms - -","timestamp":"2025-01-27 07:17:18"}
{"level":"info","message":"OPTIONS /api/v1/dashboard/student-stats 200 0.235 ms - -","timestamp":"2025-01-27 07:17:19"}
{"level":"info","message":"GET /api/v1/tasks 200 28.484 ms - 2","timestamp":"2025-01-27 07:17:19"}
{"level":"error","statusCode":500,"timestamp":"2025-01-27 07:17:19"}
{"level":"info","message":"GET /api/v1/dashboard/student-stats 500 73.853 ms - 501","timestamp":"2025-01-27 07:17:19"}
{"level":"info","message":"OPTIONS /api/v1/tasks 200 0.246 ms - -","timestamp":"2025-01-27 07:17:45"}
{"level":"info","message":"GET /api/v1/tasks 304 18.114 ms - -","timestamp":"2025-01-27 07:17:45"}
{"level":"info","message":"OPTIONS /api/v1/dashboard/student-stats 200 0.228 ms - -","timestamp":"2025-01-27 07:17:45"}
{"level":"info","message":"GET /api/v1/dashboard/student-stats 200 35.898 ms - 1030","timestamp":"2025-01-27 07:17:45"}
{"level":"info","message":"OPTIONS /api/v1/dashboard/student/chess-stats?startDate=2024-12-27&endDate=2025-01-27 200 0.240 ms - -","timestamp":"2025-01-27 07:17:46"}
{"level":"info","message":"OPTIONS /api/v1/events/student 200 0.245 ms - -","timestamp":"2025-01-27 07:17:46"}
{"level":"info","message":"OPTIONS /api/v1/quiz/student-attempts 200 0.210 ms - -","timestamp":"2025-01-27 07:17:46"}
{"level":"info","message":"GET /api/v1/dashboard/student/chess-stats?startDate=2024-12-27&endDate=2025-01-27 200 35.213 ms - 386","timestamp":"2025-01-27 07:17:46"}
{"level":"info","message":"GET /api/v1/quiz/student-attempts 200 28.692 ms - 2","timestamp":"2025-01-27 07:17:46"}
{"level":"info","message":"GET /api/v1/events/student 304 38.809 ms - -","timestamp":"2025-01-27 07:17:46"}
{"level":"info","message":"OPTIONS /api/v1/messages/conversations 200 0.182 ms - -","timestamp":"2025-01-27 07:18:01"}
{"level":"info","message":"User: 5ddc4f9b-2c01-45d1-85ea-a3566fba6f38 fetching conversations","timestamp":"2025-01-27 07:18:01"}
{"level":"info","message":"No conversations found for User: 5ddc4f9b-2c01-45d1-85ea-a3566fba6f38","timestamp":"2025-01-27 07:18:01"}
{"level":"info","message":"GET /api/v1/messages/conversations 200 15.374 ms - 2","timestamp":"2025-01-27 07:18:01"}
{"level":"info","message":"OPTIONS /api/v1/messages?conversationWith=5ddc4f9b-2c01-45d1-85ea-a3566fba6f38 200 0.174 ms - -","timestamp":"2025-01-27 07:18:01"}
{"level":"info","message":"User: 8230d585-2d2c-4e71-9008-daf84804ede7 fetching messages with User: 5ddc4f9b-2c01-45d1-85ea-a3566fba6f38","timestamp":"2025-01-27 07:18:01"}
{"level":"info","message":"GET /api/v1/messages?conversationWith=5ddc4f9b-2c01-45d1-85ea-a3566fba6f38 200 10.412 ms - 2","timestamp":"2025-01-27 07:18:01"}
{"level":"info","message":"OPTIONS /api/v1/messages 200 0.173 ms - -","timestamp":"2025-01-27 07:18:05"}
{"level":"info","message":"User: 8230d585-2d2c-4e71-9008-daf84804ede7 sending message to User: 5ddc4f9b-2c01-45d1-85ea-a3566fba6f38","timestamp":"2025-01-27 07:18:06"}
{"level":"info","message":"Message sent from User: 8230d585-2d2c-4e71-9008-daf84804ede7 to User: 5ddc4f9b-2c01-45d1-85ea-a3566fba6f38","timestamp":"2025-01-27 07:18:06"}
{"level":"info","message":"POST /api/v1/messages 200 34.316 ms - 295","timestamp":"2025-01-27 07:18:06"}
{"level":"info","message":"User: 8230d585-2d2c-4e71-9008-daf84804ede7 fetching messages with User: 5ddc4f9b-2c01-45d1-85ea-a3566fba6f38","timestamp":"2025-01-27 07:18:06"}
{"level":"info","message":"GET /api/v1/messages?conversationWith=5ddc4f9b-2c01-45d1-85ea-a3566fba6f38 200 11.369 ms - 162","timestamp":"2025-01-27 07:18:06"}
{"level":"info","message":"OPTIONS /api/v1/messages/conversations 200 0.184 ms - -","timestamp":"2025-01-27 07:18:11"}
{"level":"info","message":"User: 5ddc4f9b-2c01-45d1-85ea-a3566fba6f38 fetching conversations","timestamp":"2025-01-27 07:18:11"}
{"level":"info","message":"GET /api/v1/messages/conversations 200 20.220 ms - 199","timestamp":"2025-01-27 07:18:11"}
{"level":"info","message":"OPTIONS /api/v1/messages?conversationWith=8230d585-2d2c-4e71-9008-daf84804ede7 200 0.182 ms - -","timestamp":"2025-01-27 07:18:15"}
{"level":"info","message":"User: 5ddc4f9b-2c01-45d1-85ea-a3566fba6f38 fetching messages with User: 8230d585-2d2c-4e71-9008-daf84804ede7","timestamp":"2025-01-27 07:18:15"}
{"level":"info","message":"GET /api/v1/messages?conversationWith=8230d585-2d2c-4e71-9008-daf84804ede7 200 12.399 ms - 162","timestamp":"2025-01-27 07:18:15"}
{"level":"info","message":"OPTIONS /api/v1/tasks 200 0.275 ms - -","timestamp":"2025-01-27 07:19:46"}
{"level":"info","message":"GET /api/v1/tasks 304 20.953 ms - -","timestamp":"2025-01-27 07:19:46"}
{"level":"info","message":"OPTIONS /api/v1/dashboard/student-stats 200 0.178 ms - -","timestamp":"2025-01-27 07:19:46"}
{"level":"info","message":"GET /api/v1/dashboard/student-stats 304 24.466 ms - -","timestamp":"2025-01-27 07:19:46"}
{"level":"info","message":"OPTIONS /api/v1/dashboard/student/chess-stats?startDate=2024-12-27&endDate=2025-01-27 200 0.206 ms - -","timestamp":"2025-01-27 07:19:46"}
{"level":"info","message":"OPTIONS /api/v1/events/student 200 0.164 ms - -","timestamp":"2025-01-27 07:19:46"}
{"level":"info","message":"OPTIONS /api/v1/quiz/student-attempts 200 0.173 ms - -","timestamp":"2025-01-27 07:19:46"}
{"level":"info","message":"GET /api/v1/dashboard/student/chess-stats?startDate=2024-12-27&endDate=2025-01-27 304 25.923 ms - -","timestamp":"2025-01-27 07:19:46"}
{"level":"info","message":"GET /api/v1/quiz/student-attempts 304 21.646 ms - -","timestamp":"2025-01-27 07:19:46"}
{"level":"info","message":"GET /api/v1/events/student 304 30.724 ms - -","timestamp":"2025-01-27 07:19:46"}
{"level":"info","message":"Database connection successful","timestamp":"2025-01-27 07:22:41"}
{"level":"info","message":"Server is running on port 5000","timestamp":"2025-01-27 07:22:41"}
{"level":"info","message":"Initial origins update completed","timestamp":"2025-01-27 07:22:41"}
{"level":"info","message":"Database connection successful","timestamp":"2025-01-27 07:22:43"}
{"level":"info","message":"Server is running on port 5000","timestamp":"2025-01-27 07:22:43"}
{"level":"info","message":"Initial origins update completed","timestamp":"2025-01-27 07:22:43"}
{"level":"info","message":"OPTIONS /api/v1/messages/conversations 200 1.604 ms - -","timestamp":"2025-01-27 07:23:33"}
{"level":"info","message":"User: 5ddc4f9b-2c01-45d1-85ea-a3566fba6f38 fetching conversations","timestamp":"2025-01-27 07:23:33"}
{"level":"info","message":"GET /api/v1/messages/conversations 304 43.133 ms - -","timestamp":"2025-01-27 07:23:33"}
{"level":"info","message":"OPTIONS /api/v1/messages?conversationWith=8230d585-2d2c-4e71-9008-daf84804ede7 200 0.245 ms - -","timestamp":"2025-01-27 07:23:35"}
{"level":"info","message":"User: 5ddc4f9b-2c01-45d1-85ea-a3566fba6f38 fetching messages with User: 8230d585-2d2c-4e71-9008-daf84804ede7","timestamp":"2025-01-27 07:23:35"}
{"level":"info","message":"GET /api/v1/messages?conversationWith=8230d585-2d2c-4e71-9008-daf84804ede7 304 14.501 ms - -","timestamp":"2025-01-27 07:23:35"}
{"level":"info","message":"Database connection successful","timestamp":"2025-01-27 07:25:51"}
{"level":"info","message":"Server is running on port 5000","timestamp":"2025-01-27 07:25:51"}
{"level":"info","message":"Initial origins update completed","timestamp":"2025-01-27 07:25:51"}
{"level":"info","message":"Database connection successful","timestamp":"2025-01-27 07:25:53"}
{"level":"info","message":"Server is running on port 5000","timestamp":"2025-01-27 07:25:53"}
{"level":"info","message":"Initial origins update completed","timestamp":"2025-01-27 07:25:53"}
{"level":"info","message":"Database connection successful","timestamp":"2025-01-27 07:26:01"}
{"level":"info","message":"Server is running on port 5000","timestamp":"2025-01-27 07:26:01"}
{"level":"info","message":"Initial origins update completed","timestamp":"2025-01-27 07:26:01"}
{"level":"info","message":"Database connection successful","timestamp":"2025-01-27 07:26:06"}
{"level":"info","message":"Server is running on port 5000","timestamp":"2025-01-27 07:26:06"}
{"level":"info","message":"Initial origins update completed","timestamp":"2025-01-27 07:26:06"}
{"level":"info","message":"Database connection successful","timestamp":"2025-01-27 07:26:37"}
{"level":"info","message":"Server is running on port 5000","timestamp":"2025-01-27 07:26:37"}
{"level":"info","message":"Initial origins update completed","timestamp":"2025-01-27 07:26:37"}
{"level":"info","message":"OPTIONS /api/v1/messages?conversationWith=8230d585-2d2c-4e71-9008-daf84804ede7 200 1.506 ms - -","timestamp":"2025-01-27 07:27:42"}
{"level":"info","message":"User: 5ddc4f9b-2c01-45d1-85ea-a3566fba6f38 fetching messages with User: 8230d585-2d2c-4e71-9008-daf84804ede7","timestamp":"2025-01-27 07:27:42"}
{"level":"info","message":"GET /api/v1/messages?conversationWith=8230d585-2d2c-4e71-9008-daf84804ede7 304 34.330 ms - -","timestamp":"2025-01-27 07:27:42"}
{"level":"info","message":"Database connection successful","timestamp":"2025-01-27 07:32:45"}
{"level":"info","message":"Server is running on port 5000","timestamp":"2025-01-27 07:32:45"}
{"level":"info","message":"Initial origins update completed","timestamp":"2025-01-27 07:32:45"}
{"level":"info","message":"Database connection successful","timestamp":"2025-01-27 07:32:46"}
{"level":"info","message":"Server is running on port 5000","timestamp":"2025-01-27 07:32:46"}
{"level":"info","message":"Initial origins update completed","timestamp":"2025-01-27 07:32:46"}
{"level":"info","message":"Database connection successful","timestamp":"2025-01-27 07:35:56"}
{"level":"info","message":"Server is running on port 5000","timestamp":"2025-01-27 07:35:56"}
{"level":"info","message":"Initial origins update completed","timestamp":"2025-01-27 07:35:56"}
{"level":"info","message":"OPTIONS /api/v1/tasks 200 2.313 ms - -","timestamp":"2025-01-27 07:35:59"}
{"level":"info","message":"OPTIONS /api/v1/dashboard/student-stats 200 0.286 ms - -","timestamp":"2025-01-27 07:35:59"}
{"level":"info","message":"GET /api/v1/tasks 304 57.109 ms - -","timestamp":"2025-01-27 07:35:59"}
{"level":"info","message":"GET /api/v1/dashboard/student-stats 304 88.438 ms - -","timestamp":"2025-01-27 07:35:59"}
{"level":"info","message":"OPTIONS /api/v1/dashboard/student/chess-stats?startDate=2024-12-27&endDate=2025-01-27 200 0.254 ms - -","timestamp":"2025-01-27 07:36:00"}
{"level":"info","message":"OPTIONS /api/v1/events/student 200 0.283 ms - -","timestamp":"2025-01-27 07:36:00"}
{"level":"info","message":"OPTIONS /api/v1/quiz/student-attempts 200 0.233 ms - -","timestamp":"2025-01-27 07:36:00"}
{"level":"info","message":"GET /api/v1/dashboard/student/chess-stats?startDate=2024-12-27&endDate=2025-01-27 304 37.262 ms - -","timestamp":"2025-01-27 07:36:00"}
{"level":"info","message":"GET /api/v1/quiz/student-attempts 304 32.439 ms - -","timestamp":"2025-01-27 07:36:00"}
{"level":"info","message":"GET /api/v1/events/student 304 45.547 ms - -","timestamp":"2025-01-27 07:36:00"}
{"level":"info","message":"OPTIONS /api/v1/permission 200 0.204 ms - -","timestamp":"2025-01-27 07:40:03"}
{"level":"info","message":"GET /api/v1/permission 401 8.001 ms - 46","timestamp":"2025-01-27 07:40:03"}
{"level":"info","message":"OPTIONS /api/v1/notifications 200 0.189 ms - -","timestamp":"2025-01-27 07:40:03"}
{"level":"info","message":"OPTIONS /api/v1/dashboard 200 0.161 ms - -","timestamp":"2025-01-27 07:40:03"}
{"level":"info","message":"GET /api/v1/notifications 401 8.889 ms - 46","timestamp":"2025-01-27 07:40:03"}
{"level":"info","message":"GET /api/v1/dashboard 401 6.957 ms - 46","timestamp":"2025-01-27 07:40:03"}
{"level":"info","message":"OPTIONS /api/v1/auth/login-with-password 200 0.234 ms - -","timestamp":"2025-01-27 07:40:21"}
{"level":"info","message":"POST /api/v1/auth/login-with-password 200 307.001 ms - 498","timestamp":"2025-01-27 07:40:21"}
{"level":"info","message":"OPTIONS /api/v1/notifications 200 0.324 ms - -","timestamp":"2025-01-27 07:40:21"}
{"level":"info","message":"OPTIONS /api/v1/dashboard 200 0.386 ms - -","timestamp":"2025-01-27 07:40:21"}
{"level":"info","message":"OPTIONS /api/v1/permission 200 0.280 ms - -","timestamp":"2025-01-27 07:40:21"}
{"level":"info","message":"GET /api/v1/notifications 304 21.620 ms - -","timestamp":"2025-01-27 07:40:21"}
{"level":"info","message":"GET /api/v1/permission 200 25.452 ms - 1122","timestamp":"2025-01-27 07:40:21"}
{"level":"info","message":"GET /api/v1/dashboard 304 62.012 ms - -","timestamp":"2025-01-27 07:40:21"}
{"level":"info","message":"OPTIONS /api/v1/user/profile/89608630-e525-4416-89f7-61ebb78cbd3b 200 0.327 ms - -","timestamp":"2025-01-27 07:40:24"}
{"level":"info","message":"GET /api/v1/user/profile/89608630-e525-4416-89f7-61ebb78cbd3b 200 25.926 ms - 1314","timestamp":"2025-01-27 07:40:24"}
{"level":"info","message":"OPTIONS /api/v1/user/profile/89608630-e525-4416-89f7-61ebb78cbd3b 200 0.244 ms - -","timestamp":"2025-01-27 07:43:17"}
{"level":"info","message":"PUT /api/v1/user/profile/89608630-e525-4416-89f7-61ebb78cbd3b 200 4032.098 ms - 1172","timestamp":"2025-01-27 07:43:21"}
{"level":"info","message":"GET /api/v1/user/profile/89608630-e525-4416-89f7-61ebb78cbd3b 200 20.566 ms - 1451","timestamp":"2025-01-27 07:43:21"}
{"level":"info","message":"OPTIONS /api/v1/notifications 200 0.186 ms - -","timestamp":"2025-01-27 07:43:24"}
{"level":"info","message":"OPTIONS /api/v1/user/profile/89608630-e525-4416-89f7-61ebb78cbd3b 200 0.216 ms - -","timestamp":"2025-01-27 07:43:24"}
{"level":"info","message":"OPTIONS /api/v1/permission 200 0.189 ms - -","timestamp":"2025-01-27 07:43:24"}
{"level":"info","message":"GET /api/v1/notifications 304 18.249 ms - -","timestamp":"2025-01-27 07:43:24"}
{"level":"info","message":"GET /api/v1/permission 304 18.667 ms - -","timestamp":"2025-01-27 07:43:24"}
{"level":"info","message":"GET /api/v1/user/profile/89608630-e525-4416-89f7-61ebb78cbd3b 304 26.508 ms - -","timestamp":"2025-01-27 07:43:24"}
{"level":"info","message":"OPTIONS /api/v1/permission 200 0.237 ms - -","timestamp":"2025-01-27 07:43:41"}
{"level":"info","message":"GET /api/v1/permission 304 14.976 ms - -","timestamp":"2025-01-27 07:43:41"}
{"level":"info","message":"OPTIONS /api/v1/notifications 200 0.153 ms - -","timestamp":"2025-01-27 07:43:41"}
{"level":"info","message":"OPTIONS /api/v1/dashboard 200 0.246 ms - -","timestamp":"2025-01-27 07:43:41"}
{"level":"info","message":"GET /api/v1/notifications 304 12.848 ms - -","timestamp":"2025-01-27 07:43:41"}
{"level":"info","message":"GET /api/v1/dashboard 304 46.589 ms - -","timestamp":"2025-01-27 07:43:41"}
{"level":"info","message":"OPTIONS /api/v1/user/profile/8230d585-2d2c-4e71-9008-daf84804ede7 200 0.168 ms - -","timestamp":"2025-01-27 07:43:43"}
{"level":"error","timestamp":"2025-01-27 07:43:44"}
{"level":"info","message":"GET /api/v1/user/profile/8230d585-2d2c-4e71-9008-daf84804ede7 500 23.871 ms - 382","timestamp":"2025-01-27 07:43:44"}
{"level":"info","message":"OPTIONS /api/v1/user/profile/8230d585-2d2c-4e71-9008-daf84804ede7 200 0.190 ms - -","timestamp":"2025-01-27 07:43:49"}
{"level":"info","message":"PUT /api/v1/user/profile/8230d585-2d2c-4e71-9008-daf84804ede7 200 3852.647 ms - 1264","timestamp":"2025-01-27 07:43:52"}
{"level":"error","timestamp":"2025-01-27 07:43:52"}
{"level":"info","message":"GET /api/v1/user/profile/8230d585-2d2c-4e71-9008-daf84804ede7 500 23.454 ms - 382","timestamp":"2025-01-27 07:43:52"}
{"level":"info","message":"OPTIONS /api/v1/messages/conversations 200 0.182 ms - -","timestamp":"2025-01-27 07:43:54"}
{"level":"info","message":"User: 5ddc4f9b-2c01-45d1-85ea-a3566fba6f38 fetching conversations","timestamp":"2025-01-27 07:43:54"}
{"level":"info","message":"GET /api/v1/messages/conversations 304 20.024 ms - -","timestamp":"2025-01-27 07:43:54"}
{"level":"info","message":"OPTIONS /api/v1/messages/conversations 200 0.216 ms - -","timestamp":"2025-01-27 07:44:01"}
{"level":"info","message":"User: 5ddc4f9b-2c01-45d1-85ea-a3566fba6f38 fetching conversations","timestamp":"2025-01-27 07:44:01"}
{"level":"info","message":"GET /api/v1/messages/conversations 304 19.298 ms - -","timestamp":"2025-01-27 07:44:01"}
{"level":"info","message":"Database connection successful","timestamp":"2025-01-27 07:51:36"}
{"level":"info","message":"Server is running on port 5000","timestamp":"2025-01-27 07:51:36"}
{"level":"info","message":"Initial origins update completed","timestamp":"2025-01-27 07:51:36"}
{"level":"info","message":"OPTIONS /api/v1/messages/conversations 200 1.364 ms - -","timestamp":"2025-01-27 07:51:43"}
{"level":"info","message":"User: 5ddc4f9b-2c01-45d1-85ea-a3566fba6f38 fetching conversations","timestamp":"2025-01-27 07:51:43"}
{"level":"info","message":"GET /api/v1/messages/conversations 200 90.030 ms - 349","timestamp":"2025-01-27 07:51:43"}
{"level":"info","message":"OPTIONS /api/v1/messages?conversationWith=8230d585-2d2c-4e71-9008-daf84804ede7 200 0.195 ms - -","timestamp":"2025-01-27 07:51:48"}
{"level":"info","message":"User: 5ddc4f9b-2c01-45d1-85ea-a3566fba6f38 fetching messages with User: 8230d585-2d2c-4e71-9008-daf84804ede7","timestamp":"2025-01-27 07:51:48"}
{"level":"info","message":"GET /api/v1/messages?conversationWith=8230d585-2d2c-4e71-9008-daf84804ede7 304 16.208 ms - -","timestamp":"2025-01-27 07:51:48"}
{"level":"info","message":"OPTIONS /api/v1/tasks 200 0.230 ms - -","timestamp":"2025-01-27 07:51:55"}
{"level":"info","message":"OPTIONS /api/v1/dashboard/student-stats 200 0.191 ms - -","timestamp":"2025-01-27 07:51:55"}
{"level":"info","message":"GET /api/v1/tasks 304 62.732 ms - -","timestamp":"2025-01-27 07:51:55"}
{"level":"info","message":"GET /api/v1/dashboard/student-stats 304 100.731 ms - -","timestamp":"2025-01-27 07:51:55"}
{"level":"info","message":"OPTIONS /api/v1/dashboard/student/chess-stats?startDate=2024-12-27&endDate=2025-01-27 200 0.335 ms - -","timestamp":"2025-01-27 07:52:17"}
{"level":"info","message":"OPTIONS /api/v1/events/student 200 0.313 ms - -","timestamp":"2025-01-27 07:52:17"}
{"level":"info","message":"OPTIONS /api/v1/quiz/student-attempts 200 0.255 ms - -","timestamp":"2025-01-27 07:52:17"}
{"level":"info","message":"GET /api/v1/dashboard/student/chess-stats?startDate=2024-12-27&endDate=2025-01-27 304 69.852 ms - -","timestamp":"2025-01-27 07:52:17"}
{"level":"info","message":"GET /api/v1/events/student 304 71.053 ms - -","timestamp":"2025-01-27 07:52:17"}
{"level":"info","message":"GET /api/v1/quiz/student-attempts 304 67.248 ms - -","timestamp":"2025-01-27 07:52:17"}
{"level":"info","message":"OPTIONS /api/v1/tasks 200 0.226 ms - -","timestamp":"2025-01-27 07:54:13"}
{"level":"info","message":"OPTIONS /api/v1/dashboard/student-stats 200 0.095 ms - -","timestamp":"2025-01-27 07:54:13"}
{"level":"info","message":"GET /api/v1/dashboard/student-stats 304 47.260 ms - -","timestamp":"2025-01-27 07:54:13"}
{"level":"info","message":"GET /api/v1/tasks 304 71.442 ms - -","timestamp":"2025-01-27 07:54:13"}
{"level":"info","message":"OPTIONS /api/v1/tasks 200 0.138 ms - -","timestamp":"2025-01-27 07:54:57"}
{"level":"info","message":"OPTIONS /api/v1/dashboard/student-stats 200 0.163 ms - -","timestamp":"2025-01-27 07:54:57"}
{"level":"info","message":"OPTIONS /api/v1/student/batchmates 200 0.140 ms - -","timestamp":"2025-01-27 07:54:57"}
{"level":"info","message":"GET /api/v1/tasks 304 97.630 ms - -","timestamp":"2025-01-27 07:54:57"}
{"level":"info","message":"GET /api/v1/dashboard/student-stats 304 87.938 ms - -","timestamp":"2025-01-27 07:54:57"}
{"level":"info","message":"GET /api/v1/student/batchmates 200 69.758 ms - 3630","timestamp":"2025-01-27 07:54:57"}
{"level":"info","message":"OPTIONS /api/v1/tasks 200 1.757 ms - -","timestamp":"2025-01-27 07:57:50"}
{"level":"info","message":"OPTIONS /api/v1/dashboard/student-stats 200 0.817 ms - -","timestamp":"2025-01-27 07:57:50"}
{"level":"info","message":"OPTIONS /api/v1/student/batchmates 200 0.203 ms - -","timestamp":"2025-01-27 07:57:50"}
{"level":"info","message":"GET /api/v1/tasks 304 105.150 ms - -","timestamp":"2025-01-27 07:57:50"}
{"level":"info","message":"GET /api/v1/student/batchmates 304 86.584 ms - -","timestamp":"2025-01-27 07:57:50"}
{"level":"info","message":"GET /api/v1/dashboard/student-stats 304 90.240 ms - -","timestamp":"2025-01-27 07:57:50"}
{"level":"info","message":"OPTIONS /api/v1/tasks 200 0.152 ms - -","timestamp":"2025-01-27 07:58:52"}
{"level":"info","message":"OPTIONS /api/v1/dashboard/student-stats 200 0.153 ms - -","timestamp":"2025-01-27 07:58:52"}
{"level":"info","message":"OPTIONS /api/v1/student/batchmates 200 0.092 ms - -","timestamp":"2025-01-27 07:58:52"}
{"level":"info","message":"GET /api/v1/tasks 304 93.367 ms - -","timestamp":"2025-01-27 07:58:52"}
{"level":"info","message":"GET /api/v1/dashboard/student-stats 304 56.553 ms - -","timestamp":"2025-01-27 07:58:52"}
{"level":"info","message":"GET /api/v1/student/batchmates 304 23.978 ms - -","timestamp":"2025-01-27 07:58:52"}
{"level":"info","message":"OPTIONS /api/v1/dashboard/student/chess-stats?startDate=2024-12-27&endDate=2025-01-27 200 0.112 ms - -","timestamp":"2025-01-27 07:58:53"}
{"level":"info","message":"OPTIONS /api/v1/events/student 200 0.104 ms - -","timestamp":"2025-01-27 07:58:53"}
{"level":"info","message":"OPTIONS /api/v1/quiz/student-attempts 200 0.085 ms - -","timestamp":"2025-01-27 07:58:53"}
{"level":"info","message":"GET /api/v1/dashboard/student/chess-stats?startDate=2024-12-27&endDate=2025-01-27 304 18.528 ms - -","timestamp":"2025-01-27 07:58:53"}
{"level":"info","message":"GET /api/v1/quiz/student-attempts 304 22.221 ms - -","timestamp":"2025-01-27 07:58:53"}
{"level":"info","message":"GET /api/v1/events/student 304 27.842 ms - -","timestamp":"2025-01-27 07:58:53"}
{"level":"info","message":"OPTIONS /api/v1/tasks 200 0.129 ms - -","timestamp":"2025-01-27 07:59:36"}
{"level":"info","message":"GET /api/v1/tasks 304 18.793 ms - -","timestamp":"2025-01-27 07:59:36"}
{"level":"info","message":"OPTIONS /api/v1/dashboard/student-stats 200 0.111 ms - -","timestamp":"2025-01-27 07:59:36"}
{"level":"info","message":"GET /api/v1/dashboard/student-stats 304 18.672 ms - -","timestamp":"2025-01-27 07:59:36"}
{"level":"info","message":"OPTIONS /api/v1/student/batchmates 200 0.107 ms - -","timestamp":"2025-01-27 07:59:36"}
{"level":"info","message":"GET /api/v1/student/batchmates 304 22.949 ms - -","timestamp":"2025-01-27 07:59:36"}
{"level":"info","message":"OPTIONS /api/v1/dashboard/student/chess-stats?startDate=2024-12-27&endDate=2025-01-27 200 0.148 ms - -","timestamp":"2025-01-27 07:59:36"}
{"level":"info","message":"OPTIONS /api/v1/events/student 200 0.136 ms - -","timestamp":"2025-01-27 07:59:36"}
{"level":"info","message":"OPTIONS /api/v1/quiz/student-attempts 200 0.152 ms - -","timestamp":"2025-01-27 07:59:36"}
{"level":"info","message":"GET /api/v1/quiz/student-attempts 304 26.236 ms - -","timestamp":"2025-01-27 07:59:36"}
{"level":"info","message":"GET /api/v1/events/student 304 40.637 ms - -","timestamp":"2025-01-27 07:59:36"}
{"level":"info","message":"GET /api/v1/tasks 304 45.254 ms - -","timestamp":"2025-01-27 07:59:36"}
{"level":"info","message":"GET /api/v1/dashboard/student/chess-stats?startDate=2024-12-27&endDate=2025-01-27 304 78.850 ms - -","timestamp":"2025-01-27 07:59:36"}
{"level":"info","message":"GET /api/v1/dashboard/student-stats 304 20.605 ms - -","timestamp":"2025-01-27 07:59:36"}
{"level":"info","message":"GET /api/v1/student/batchmates 304 24.117 ms - -","timestamp":"2025-01-27 07:59:36"}
{"level":"info","message":"GET /api/v1/tasks 304 34.310 ms - -","timestamp":"2025-01-27 07:59:39"}
{"level":"info","message":"GET /api/v1/dashboard/student-stats 304 21.984 ms - -","timestamp":"2025-01-27 07:59:39"}
{"level":"info","message":"GET /api/v1/student/batchmates 304 14.039 ms - -","timestamp":"2025-01-27 07:59:39"}
{"level":"info","message":"Running expired signups check cron job","timestamp":"2025-01-27 08:00:00"}
{"level":"info","message":"Processed 0 expired signups","timestamp":"2025-01-27 08:00:01"}
{"level":"info","message":"OPTIONS /api/v1/tasks 200 0.099 ms - -","timestamp":"2025-01-27 08:01:17"}
{"level":"info","message":"GET /api/v1/tasks 304 16.777 ms - -","timestamp":"2025-01-27 08:01:17"}
{"level":"info","message":"OPTIONS /api/v1/dashboard/student-stats 200 0.123 ms - -","timestamp":"2025-01-27 08:01:17"}
{"level":"info","message":"GET /api/v1/dashboard/student-stats 304 14.806 ms - -","timestamp":"2025-01-27 08:01:17"}
{"level":"info","message":"OPTIONS /api/v1/student/batchmates 200 0.113 ms - -","timestamp":"2025-01-27 08:01:17"}
{"level":"info","message":"GET /api/v1/student/batchmates 304 17.640 ms - -","timestamp":"2025-01-27 08:01:17"}
{"level":"info","message":"OPTIONS /api/v1/dashboard/student/chess-stats?startDate=2024-12-27&endDate=2025-01-27 200 0.129 ms - -","timestamp":"2025-01-27 08:01:17"}
{"level":"info","message":"OPTIONS /api/v1/events/student 200 0.125 ms - -","timestamp":"2025-01-27 08:01:17"}
{"level":"info","message":"OPTIONS /api/v1/quiz/student-attempts 200 0.144 ms - -","timestamp":"2025-01-27 08:01:17"}
{"level":"info","message":"GET /api/v1/quiz/student-attempts 304 10.975 ms - -","timestamp":"2025-01-27 08:01:17"}
{"level":"info","message":"GET /api/v1/dashboard/student/chess-stats?startDate=2024-12-27&endDate=2025-01-27 304 15.997 ms - -","timestamp":"2025-01-27 08:01:17"}
{"level":"info","message":"GET /api/v1/events/student 304 20.433 ms - -","timestamp":"2025-01-27 08:01:17"}
{"level":"info","message":"OPTIONS /api/v1/tasks 200 0.195 ms - -","timestamp":"2025-01-27 08:02:58"}
{"level":"info","message":"OPTIONS /api/v1/dashboard/student-stats 200 0.116 ms - -","timestamp":"2025-01-27 08:02:58"}
{"level":"info","message":"OPTIONS /api/v1/student/batchmates 200 0.117 ms - -","timestamp":"2025-01-27 08:02:58"}
{"level":"info","message":"GET /api/v1/tasks 304 116.709 ms - -","timestamp":"2025-01-27 08:02:58"}
{"level":"info","message":"GET /api/v1/student/batchmates 304 110.716 ms - -","timestamp":"2025-01-27 08:02:58"}
{"level":"info","message":"GET /api/v1/dashboard/student-stats 304 117.577 ms - -","timestamp":"2025-01-27 08:02:58"}
{"level":"info","message":"OPTIONS /api/v1/tasks 200 0.085 ms - -","timestamp":"2025-01-27 08:03:55"}
{"level":"info","message":"OPTIONS /api/v1/dashboard/student-stats 200 0.101 ms - -","timestamp":"2025-01-27 08:03:55"}
{"level":"info","message":"GET /api/v1/tasks 304 32.069 ms - -","timestamp":"2025-01-27 08:03:55"}
{"level":"info","message":"GET /api/v1/dashboard/student-stats 304 18.060 ms - -","timestamp":"2025-01-27 08:03:55"}
{"level":"info","message":"OPTIONS /api/v1/student/batchmates 200 0.090 ms - -","timestamp":"2025-01-27 08:03:55"}
{"level":"info","message":"GET /api/v1/student/batchmates 304 15.920 ms - -","timestamp":"2025-01-27 08:03:55"}
{"level":"info","message":"OPTIONS /api/v1/dashboard/student/chess-stats?startDate=2024-12-27&endDate=2025-01-27 200 0.100 ms - -","timestamp":"2025-01-27 08:03:56"}
{"level":"info","message":"OPTIONS /api/v1/events/student 200 0.093 ms - -","timestamp":"2025-01-27 08:03:56"}
{"level":"info","message":"GET /api/v1/dashboard/student/chess-stats?startDate=2024-12-27&endDate=2025-01-27 304 13.647 ms - -","timestamp":"2025-01-27 08:03:56"}
{"level":"info","message":"GET /api/v1/events/student 304 16.006 ms - -","timestamp":"2025-01-27 08:03:56"}
{"level":"info","message":"OPTIONS /api/v1/quiz/student-attempts 200 0.102 ms - -","timestamp":"2025-01-27 08:03:56"}
{"level":"info","message":"GET /api/v1/quiz/student-attempts 304 16.331 ms - -","timestamp":"2025-01-27 08:03:56"}
{"level":"info","message":"OPTIONS /api/v1/tasks 200 0.180 ms - -","timestamp":"2025-01-27 08:04:42"}
{"level":"info","message":"GET /api/v1/tasks 304 15.055 ms - -","timestamp":"2025-01-27 08:04:42"}
{"level":"info","message":"OPTIONS /api/v1/dashboard/student-stats 200 0.160 ms - -","timestamp":"2025-01-27 08:04:42"}
{"level":"info","message":"GET /api/v1/dashboard/student-stats 304 19.838 ms - -","timestamp":"2025-01-27 08:04:42"}
{"level":"info","message":"OPTIONS /api/v1/student/batchmates 200 0.184 ms - -","timestamp":"2025-01-27 08:04:42"}
{"level":"info","message":"GET /api/v1/student/batchmates 304 22.063 ms - -","timestamp":"2025-01-27 08:04:43"}
{"level":"info","message":"OPTIONS /api/v1/dashboard/student/chess-stats?startDate=2024-12-27&endDate=2025-01-27 200 0.166 ms - -","timestamp":"2025-01-27 08:04:43"}
{"level":"info","message":"OPTIONS /api/v1/events/student 200 0.196 ms - -","timestamp":"2025-01-27 08:04:43"}
{"level":"info","message":"OPTIONS /api/v1/quiz/student-attempts 200 0.165 ms - -","timestamp":"2025-01-27 08:04:43"}
{"level":"info","message":"GET /api/v1/dashboard/student/chess-stats?startDate=2024-12-27&endDate=2025-01-27 304 20.883 ms - -","timestamp":"2025-01-27 08:04:43"}
{"level":"info","message":"GET /api/v1/quiz/student-attempts 304 16.418 ms - -","timestamp":"2025-01-27 08:04:43"}
{"level":"info","message":"GET /api/v1/events/student 304 23.101 ms - -","timestamp":"2025-01-27 08:04:43"}
{"level":"info","message":"OPTIONS /api/v1/tasks 200 5.413 ms - -","timestamp":"2025-01-27 08:10:18"}
{"level":"info","message":"OPTIONS /api/v1/dashboard/student-stats 200 0.140 ms - -","timestamp":"2025-01-27 08:10:18"}
{"level":"info","message":"GET /api/v1/tasks 304 20.934 ms - -","timestamp":"2025-01-27 08:10:18"}
{"level":"info","message":"GET /api/v1/dashboard/student-stats 304 17.436 ms - -","timestamp":"2025-01-27 08:10:18"}
{"level":"info","message":"OPTIONS /api/v1/student/batchmates 200 0.131 ms - -","timestamp":"2025-01-27 08:10:18"}
{"level":"info","message":"GET /api/v1/student/batchmates 304 16.505 ms - -","timestamp":"2025-01-27 08:10:18"}
{"level":"info","message":"OPTIONS /api/v1/dashboard/student/chess-stats?startDate=2024-12-27&endDate=2025-01-27 200 0.086 ms - -","timestamp":"2025-01-27 08:10:18"}
{"level":"info","message":"OPTIONS /api/v1/events/student 200 0.092 ms - -","timestamp":"2025-01-27 08:10:18"}
{"level":"info","message":"OPTIONS /api/v1/quiz/student-attempts 200 0.101 ms - -","timestamp":"2025-01-27 08:10:18"}
{"level":"info","message":"GET /api/v1/events/student 304 14.872 ms - -","timestamp":"2025-01-27 08:10:18"}
{"level":"info","message":"GET /api/v1/dashboard/student/chess-stats?startDate=2024-12-27&endDate=2025-01-27 304 44.746 ms - -","timestamp":"2025-01-27 08:10:18"}
{"level":"info","message":"GET /api/v1/quiz/student-attempts 304 42.645 ms - -","timestamp":"2025-01-27 08:10:18"}
{"level":"info","message":"OPTIONS /api/v1/tasks 200 0.126 ms - -","timestamp":"2025-01-27 08:10:27"}
{"level":"info","message":"GET /api/v1/tasks 304 15.381 ms - -","timestamp":"2025-01-27 08:10:27"}
{"level":"info","message":"OPTIONS /api/v1/dashboard/student-stats 200 0.155 ms - -","timestamp":"2025-01-27 08:10:27"}
{"level":"info","message":"GET /api/v1/dashboard/student-stats 304 17.245 ms - -","timestamp":"2025-01-27 08:10:27"}
{"level":"info","message":"OPTIONS /api/v1/student/batchmates 200 0.125 ms - -","timestamp":"2025-01-27 08:10:27"}
{"level":"info","message":"GET /api/v1/student/batchmates 304 20.994 ms - -","timestamp":"2025-01-27 08:10:27"}
{"level":"info","message":"OPTIONS /api/v1/dashboard/student/chess-stats?startDate=2024-12-27&endDate=2025-01-27 200 0.117 ms - -","timestamp":"2025-01-27 08:10:27"}
{"level":"info","message":"OPTIONS /api/v1/events/student 200 0.114 ms - -","timestamp":"2025-01-27 08:10:27"}
{"level":"info","message":"OPTIONS /api/v1/quiz/student-attempts 200 0.131 ms - -","timestamp":"2025-01-27 08:10:27"}
{"level":"info","message":"GET /api/v1/quiz/student-attempts 304 12.189 ms - -","timestamp":"2025-01-27 08:10:27"}
{"level":"info","message":"GET /api/v1/dashboard/student/chess-stats?startDate=2024-12-27&endDate=2025-01-27 304 17.979 ms - -","timestamp":"2025-01-27 08:10:27"}
{"level":"info","message":"GET /api/v1/events/student 304 20.742 ms - -","timestamp":"2025-01-27 08:10:27"}
{"level":"info","message":"OPTIONS /api/v1/tasks 200 0.171 ms - -","timestamp":"2025-01-27 08:10:45"}
{"level":"info","message":"GET /api/v1/tasks 304 18.039 ms - -","timestamp":"2025-01-27 08:10:45"}
{"level":"info","message":"OPTIONS /api/v1/dashboard/student-stats 200 0.234 ms - -","timestamp":"2025-01-27 08:10:45"}
{"level":"info","message":"GET /api/v1/dashboard/student-stats 304 38.365 ms - -","timestamp":"2025-01-27 08:10:46"}
{"level":"info","message":"OPTIONS /api/v1/student/batchmates 200 0.161 ms - -","timestamp":"2025-01-27 08:10:46"}
{"level":"info","message":"GET /api/v1/student/batchmates 304 26.787 ms - -","timestamp":"2025-01-27 08:10:46"}
{"level":"info","message":"OPTIONS /api/v1/tasks 200 0.161 ms - -","timestamp":"2025-01-27 08:11:08"}
{"level":"info","message":"GET /api/v1/tasks 304 17.067 ms - -","timestamp":"2025-01-27 08:11:08"}
{"level":"info","message":"OPTIONS /api/v1/dashboard/student-stats 200 0.150 ms - -","timestamp":"2025-01-27 08:11:08"}
{"level":"info","message":"GET /api/v1/dashboard/student-stats 304 22.472 ms - -","timestamp":"2025-01-27 08:11:08"}
{"level":"info","message":"OPTIONS /api/v1/student/batchmates 200 0.161 ms - -","timestamp":"2025-01-27 08:11:08"}
{"level":"info","message":"GET /api/v1/student/batchmates 304 23.232 ms - -","timestamp":"2025-01-27 08:11:08"}
{"level":"info","message":"OPTIONS /api/v1/tasks 200 0.158 ms - -","timestamp":"2025-01-27 08:11:21"}
{"level":"info","message":"GET /api/v1/tasks 304 16.494 ms - -","timestamp":"2025-01-27 08:11:21"}
{"level":"info","message":"OPTIONS /api/v1/dashboard/student-stats 200 0.165 ms - -","timestamp":"2025-01-27 08:11:21"}
{"level":"info","message":"GET /api/v1/dashboard/student-stats 304 25.383 ms - -","timestamp":"2025-01-27 08:11:21"}
{"level":"info","message":"OPTIONS /api/v1/student/batchmates 200 0.148 ms - -","timestamp":"2025-01-27 08:11:21"}
{"level":"info","message":"GET /api/v1/student/batchmates 304 25.725 ms - -","timestamp":"2025-01-27 08:11:21"}
{"level":"info","message":"OPTIONS /api/v1/tasks 200 0.198 ms - -","timestamp":"2025-01-27 08:11:33"}
{"level":"info","message":"OPTIONS /api/v1/dashboard/student-stats 200 0.083 ms - -","timestamp":"2025-01-27 08:11:33"}
{"level":"info","message":"OPTIONS /api/v1/student/batchmates 200 0.105 ms - -","timestamp":"2025-01-27 08:11:33"}
{"level":"info","message":"GET /api/v1/tasks 304 125.791 ms - -","timestamp":"2025-01-27 08:11:33"}
{"level":"info","message":"GET /api/v1/student/batchmates 304 107.921 ms - -","timestamp":"2025-01-27 08:11:33"}
{"level":"info","message":"GET /api/v1/dashboard/student-stats 304 122.697 ms - -","timestamp":"2025-01-27 08:11:33"}
{"level":"info","message":"Database connection successful","timestamp":"2025-01-27 08:13:50"}
{"level":"info","message":"Server is running on port 5000","timestamp":"2025-01-27 08:13:50"}
{"level":"info","message":"Initial origins update completed","timestamp":"2025-01-27 08:13:50"}
{"level":"info","message":"GET /api/v1/academy/domain/localhost:3000/pages/home 200 22.937 ms - 2089","timestamp":"2025-01-27 08:15:24"}
{"level":"info","message":"GET /api/v1/navigation/domain/localhost:3000 200 22.286 ms - 2005","timestamp":"2025-01-27 08:15:24"}
{"level":"error","statusCode":404,"timestamp":"2025-01-27 08:15:24"}
{"level":"info","message":"GET /api/v1/academy/domain/localhost:3000/pages/coach1.jpg 404 8.893 ms - 349","timestamp":"2025-01-27 08:15:24"}
{"level":"info","message":"GET /api/v1/navigation/domain/localhost:3000 200 9.033 ms - 2005","timestamp":"2025-01-27 08:15:24"}
{"level":"error","statusCode":404,"timestamp":"2025-01-27 08:15:24"}
{"level":"info","message":"GET /api/v1/academy/domain/localhost:3000/pages/coach1.jpg 404 8.306 ms - 349","timestamp":"2025-01-27 08:15:24"}
{"level":"error","statusCode":404,"timestamp":"2025-01-27 08:15:24"}
{"level":"info","message":"GET /api/v1/academy/domain/localhost:3000/pages/coach2.jpg 404 8.580 ms - 349","timestamp":"2025-01-27 08:15:24"}
{"level":"info","message":"GET /api/v1/navigation/domain/localhost:3000 200 8.923 ms - 2005","timestamp":"2025-01-27 08:15:24"}
{"level":"error","statusCode":404,"timestamp":"2025-01-27 08:15:24"}
{"level":"info","message":"GET /api/v1/academy/domain/localhost:3000/pages/coach2.jpg 404 9.412 ms - 349","timestamp":"2025-01-27 08:15:24"}
{"level":"error","statusCode":404,"timestamp":"2025-01-27 08:15:25"}
{"level":"info","message":"GET /api/v1/academy/domain/localhost:3000/pages/coach1.jpg 404 5.440 ms - 349","timestamp":"2025-01-27 08:15:25"}
{"level":"info","message":"GET /api/v1/navigation/domain/localhost:3000 200 6.581 ms - 2005","timestamp":"2025-01-27 08:15:25"}
{"level":"error","statusCode":404,"timestamp":"2025-01-27 08:15:25"}
{"level":"info","message":"GET /api/v1/academy/domain/localhost:3000/pages/coach2.jpg 404 4.503 ms - 349","timestamp":"2025-01-27 08:15:25"}
{"level":"info","message":"GET /api/v1/navigation/domain/localhost:3000 200 6.843 ms - 2005","timestamp":"2025-01-27 08:15:25"}
{"level":"info","message":"GET /api/v1/academy/domain/localhost:3000/pages/home 200 17.779 ms - 2089","timestamp":"2025-01-27 08:15:29"}
{"level":"info","message":"GET /api/v1/navigation/domain/localhost:3000 200 18.201 ms - 2005","timestamp":"2025-01-27 08:15:29"}
{"level":"info","message":"GET /api/v1/academy/domain/localhost:3000/pages/home 200 18.105 ms - 2089","timestamp":"2025-01-27 08:15:29"}
{"level":"info","message":"OPTIONS /api/v1/auth/check-mfa 200 0.286 ms - -","timestamp":"2025-01-27 08:15:50"}
{"level":"info","message":"POST /api/v1/auth/check-mfa 200 257.282 ms - 49","timestamp":"2025-01-27 08:15:50"}
{"level":"info","message":"POST /api/v1/auth/login-with-password 200 262.339 ms - 868","timestamp":"2025-01-27 08:15:51"}
{"level":"info","message":"OPTIONS /api/v1/tasks 200 0.226 ms - -","timestamp":"2025-01-27 08:16:00"}
{"level":"info","message":"OPTIONS /api/v1/dashboard/student-stats 200 0.136 ms - -","timestamp":"2025-01-27 08:16:01"}
{"level":"info","message":"GET /api/v1/tasks 200 23.317 ms - 2","timestamp":"2025-01-27 08:16:01"}
{"level":"info","message":"OPTIONS /api/v1/student/batchmates 200 0.184 ms - -","timestamp":"2025-01-27 08:16:01"}
{"level":"info","message":"GET /api/v1/student/batchmates 200 44.499 ms - 3630","timestamp":"2025-01-27 08:16:01"}
{"level":"info","message":"GET /api/v1/dashboard/student-stats 200 76.697 ms - 1030","timestamp":"2025-01-27 08:16:01"}
{"level":"info","message":"OPTIONS /api/v1/tasks 200 0.143 ms - -","timestamp":"2025-01-27 08:16:21"}
{"level":"info","message":"GET /api/v1/tasks 304 12.693 ms - -","timestamp":"2025-01-27 08:16:21"}
{"level":"info","message":"OPTIONS /api/v1/dashboard/student-stats 200 0.137 ms - -","timestamp":"2025-01-27 08:16:21"}
{"level":"info","message":"OPTIONS /api/v1/student/batchmates 200 0.129 ms - -","timestamp":"2025-01-27 08:16:21"}
{"level":"info","message":"GET /api/v1/dashboard/student-stats 304 18.272 ms - -","timestamp":"2025-01-27 08:16:21"}
{"level":"info","message":"GET /api/v1/student/batchmates 304 18.035 ms - -","timestamp":"2025-01-27 08:16:21"}
{"level":"info","message":"OPTIONS /api/v1/dashboard/student/chess-stats?startDate=2024-12-27&endDate=2025-01-27 200 0.091 ms - -","timestamp":"2025-01-27 08:16:21"}
{"level":"info","message":"OPTIONS /api/v1/events/student 200 0.111 ms - -","timestamp":"2025-01-27 08:16:21"}
{"level":"info","message":"OPTIONS /api/v1/quiz/student-attempts 200 0.132 ms - -","timestamp":"2025-01-27 08:16:21"}
{"level":"info","message":"GET /api/v1/dashboard/student/chess-stats?startDate=2024-12-27&endDate=2025-01-27 200 19.228 ms - 386","timestamp":"2025-01-27 08:16:21"}
{"level":"info","message":"GET /api/v1/quiz/student-attempts 200 13.755 ms - 2","timestamp":"2025-01-27 08:16:21"}
{"level":"info","message":"GET /api/v1/events/student 200 25.147 ms - 2","timestamp":"2025-01-27 08:16:22"}
{"level":"info","message":"Database connection successful","timestamp":"2025-01-27 08:22:15"}
{"level":"info","message":"Server is running on port 5000","timestamp":"2025-01-27 08:22:15"}
{"level":"info","message":"Initial origins update completed","timestamp":"2025-01-27 08:22:15"}
{"level":"info","message":"Database connection successful","timestamp":"2025-01-27 08:22:27"}
{"level":"info","message":"Server is running on port 5000","timestamp":"2025-01-27 08:22:27"}
{"level":"info","message":"Initial origins update completed","timestamp":"2025-01-27 08:22:27"}
{"level":"info","message":"Database connection successful","timestamp":"2025-01-27 08:22:32"}
{"level":"info","message":"Server is running on port 5000","timestamp":"2025-01-27 08:22:32"}
{"level":"info","message":"Initial origins update completed","timestamp":"2025-01-27 08:22:32"}
{"level":"info","message":"OPTIONS /api/v1/messages/conversations 200 1.649 ms - -","timestamp":"2025-01-27 08:23:43"}
{"level":"info","message":"User: 5ddc4f9b-2c01-45d1-85ea-a3566fba6f38 fetching conversations","timestamp":"2025-01-27 08:23:43"}
{"level":"info","message":"GET /api/v1/messages/conversations 200 50.079 ms - 349","timestamp":"2025-01-27 08:23:43"}
{"level":"info","message":"OPTIONS /api/v1/messages/conversations 200 0.095 ms - -","timestamp":"2025-01-27 08:24:56"}
{"level":"info","message":"User: 5ddc4f9b-2c01-45d1-85ea-a3566fba6f38 fetching conversations","timestamp":"2025-01-27 08:24:56"}
{"level":"info","message":"GET /api/v1/messages/conversations 304 15.464 ms - -","timestamp":"2025-01-27 08:24:56"}
{"level":"info","message":"OPTIONS /api/v1/notifications 200 0.093 ms - -","timestamp":"2025-01-27 08:24:56"}
{"level":"info","message":"GET /api/v1/notifications 304 11.002 ms - -","timestamp":"2025-01-27 08:24:56"}
{"level":"info","message":"OPTIONS /api/v1/tasks 200 0.255 ms - -","timestamp":"2025-01-27 08:25:11"}
{"level":"info","message":"OPTIONS /api/v1/dashboard/student-stats 200 0.167 ms - -","timestamp":"2025-01-27 08:25:11"}
{"level":"info","message":"GET /api/v1/tasks 304 37.272 ms - -","timestamp":"2025-01-27 08:25:11"}
{"level":"info","message":"OPTIONS /api/v1/student/batchmates 200 0.302 ms - -","timestamp":"2025-01-27 08:25:11"}
{"level":"info","message":"GET /api/v1/dashboard/student-stats 304 122.744 ms - -","timestamp":"2025-01-27 08:25:11"}
{"level":"info","message":"GET /api/v1/student/batchmates 304 94.781 ms - -","timestamp":"2025-01-27 08:25:11"}
{"level":"info","message":"OPTIONS /api/v1/notifications 200 0.206 ms - -","timestamp":"2025-01-27 08:25:11"}
{"level":"info","message":"GET /api/v1/notifications 304 11.513 ms - -","timestamp":"2025-01-27 08:25:11"}
{"level":"info","message":"OPTIONS /api/v1/permission 200 0.264 ms - -","timestamp":"2025-01-27 08:25:25"}
{"level":"info","message":"GET /api/v1/permission 304 88.086 ms - -","timestamp":"2025-01-27 08:25:25"}
{"level":"info","message":"OPTIONS /api/v1/notifications 200 0.156 ms - -","timestamp":"2025-01-27 08:25:25"}
{"level":"info","message":"OPTIONS /api/v1/dashboard 200 0.171 ms - -","timestamp":"2025-01-27 08:25:25"}
{"level":"info","message":"GET /api/v1/notifications 304 11.036 ms - -","timestamp":"2025-01-27 08:25:25"}
{"level":"info","message":"GET /api/v1/dashboard 304 41.664 ms - -","timestamp":"2025-01-27 08:25:25"}
{"level":"info","message":"OPTIONS /api/v1/student/all-students 200 0.245 ms - -","timestamp":"2025-01-27 08:25:27"}
{"level":"info","message":"OPTIONS /api/v1/coach/all-coaches 200 0.206 ms - -","timestamp":"2025-01-27 08:25:27"}
{"level":"info","message":"OPTIONS /api/v1/batch/options 200 0.179 ms - -","timestamp":"2025-01-27 08:25:27"}
{"level":"info","message":"GET /api/v1/student/all-students 200 64.440 ms - 5342","timestamp":"2025-01-27 08:25:28"}
{"level":"info","message":"GET /api/v1/coach/all-coaches 304 67.124 ms - -","timestamp":"2025-01-27 08:25:28"}
{"level":"info","message":"GET /api/v1/batch/options 304 68.448 ms - -","timestamp":"2025-01-27 08:25:28"}
{"level":"info","message":"OPTIONS /api/v1/messages?conversationWith=5ddc4f9b-2c01-45d1-85ea-a3566fba6f38 200 0.189 ms - -","timestamp":"2025-01-27 08:25:30"}
{"level":"info","message":"User: 8230d585-2d2c-4e71-9008-daf84804ede7 fetching messages with User: 5ddc4f9b-2c01-45d1-85ea-a3566fba6f38","timestamp":"2025-01-27 08:25:30"}
{"level":"info","message":"GET /api/v1/messages?conversationWith=5ddc4f9b-2c01-45d1-85ea-a3566fba6f38 304 14.769 ms - -","timestamp":"2025-01-27 08:25:30"}
{"level":"info","message":"OPTIONS /api/v1/tasks 200 0.217 ms - -","timestamp":"2025-01-27 08:25:34"}
{"level":"info","message":"GET /api/v1/tasks 304 19.398 ms - -","timestamp":"2025-01-27 08:25:34"}
{"level":"info","message":"OPTIONS /api/v1/dashboard/student-stats 200 0.165 ms - -","timestamp":"2025-01-27 08:25:35"}
{"level":"info","message":"GET /api/v1/dashboard/student-stats 304 30.903 ms - -","timestamp":"2025-01-27 08:25:35"}
{"level":"info","message":"OPTIONS /api/v1/student/batchmates 200 0.147 ms - -","timestamp":"2025-01-27 08:25:35"}
{"level":"info","message":"GET /api/v1/student/batchmates 304 31.827 ms - -","timestamp":"2025-01-27 08:25:35"}
{"level":"info","message":"OPTIONS /api/v1/dashboard/student/chess-stats?startDate=2024-12-27&endDate=2025-01-27 200 0.285 ms - -","timestamp":"2025-01-27 08:25:35"}
{"level":"info","message":"OPTIONS /api/v1/events/student 200 0.252 ms - -","timestamp":"2025-01-27 08:25:35"}
{"level":"info","message":"OPTIONS /api/v1/quiz/student-attempts 200 0.196 ms - -","timestamp":"2025-01-27 08:25:35"}
{"level":"info","message":"GET /api/v1/dashboard/student/chess-stats?startDate=2024-12-27&endDate=2025-01-27 304 36.656 ms - -","timestamp":"2025-01-27 08:25:35"}
{"level":"info","message":"GET /api/v1/quiz/student-attempts 304 29.277 ms - -","timestamp":"2025-01-27 08:25:35"}
{"level":"info","message":"GET /api/v1/events/student 304 45.422 ms - -","timestamp":"2025-01-27 08:25:35"}
{"level":"info","message":"OPTIONS /api/v1/messages 200 0.215 ms - -","timestamp":"2025-01-27 08:25:36"}
{"level":"info","message":"User: 8230d585-2d2c-4e71-9008-daf84804ede7 sending message to User: 5ddc4f9b-2c01-45d1-85ea-a3566fba6f38","timestamp":"2025-01-27 08:25:37"}
{"level":"error","timestamp":"2025-01-27 08:25:37"}
{"level":"info","message":"POST /api/v1/messages 500 71.914 ms - 408","timestamp":"2025-01-27 08:25:37"}
{"level":"info","message":"OPTIONS /api/v1/messages?conversationWith=5ddc4f9b-2c01-45d1-85ea-a3566fba6f38 200 0.176 ms - -","timestamp":"2025-01-27 08:25:37"}
{"level":"info","message":"User: 8230d585-2d2c-4e71-9008-daf84804ede7 fetching messages with User: 5ddc4f9b-2c01-45d1-85ea-a3566fba6f38","timestamp":"2025-01-27 08:25:37"}
{"level":"info","message":"GET /api/v1/messages?conversationWith=5ddc4f9b-2c01-45d1-85ea-a3566fba6f38 200 10.445 ms - 323","timestamp":"2025-01-27 08:25:37"}
{"level":"info","message":"OPTIONS /api/v1/tasks 200 0.166 ms - -","timestamp":"2025-01-27 08:25:41"}
{"level":"info","message":"GET /api/v1/tasks 304 20.764 ms - -","timestamp":"2025-01-27 08:25:41"}
{"level":"info","message":"OPTIONS /api/v1/dashboard/student-stats 200 0.225 ms - -","timestamp":"2025-01-27 08:25:41"}
{"level":"info","message":"GET /api/v1/dashboard/student-stats 304 28.194 ms - -","timestamp":"2025-01-27 08:25:41"}
{"level":"info","message":"OPTIONS /api/v1/student/batchmates 200 0.132 ms - -","timestamp":"2025-01-27 08:25:41"}
{"level":"info","message":"GET /api/v1/student/batchmates 304 27.830 ms - -","timestamp":"2025-01-27 08:25:41"}
{"level":"info","message":"OPTIONS /api/v1/notifications 200 0.223 ms - -","timestamp":"2025-01-27 08:25:41"}
{"level":"info","message":"OPTIONS /api/v1/dashboard/student/chess-stats?startDate=2024-12-27&endDate=2025-01-27 200 0.168 ms - -","timestamp":"2025-01-27 08:25:41"}
{"level":"info","message":"OPTIONS /api/v1/events/student 200 0.183 ms - -","timestamp":"2025-01-27 08:25:41"}
{"level":"info","message":"OPTIONS /api/v1/quiz/student-attempts 200 0.210 ms - -","timestamp":"2025-01-27 08:25:41"}
{"level":"info","message":"GET /api/v1/notifications 304 24.191 ms - -","timestamp":"2025-01-27 08:25:41"}
{"level":"info","message":"GET /api/v1/dashboard/student/chess-stats?startDate=2024-12-27&endDate=2025-01-27 304 30.854 ms - -","timestamp":"2025-01-27 08:25:41"}
{"level":"info","message":"GET /api/v1/quiz/student-attempts 304 22.916 ms - -","timestamp":"2025-01-27 08:25:41"}
{"level":"info","message":"GET /api/v1/events/student 304 36.646 ms - -","timestamp":"2025-01-27 08:25:41"}
{"level":"info","message":"OPTIONS /api/v1/tasks 200 0.208 ms - -","timestamp":"2025-01-27 08:25:47"}
{"level":"info","message":"GET /api/v1/tasks 304 16.849 ms - -","timestamp":"2025-01-27 08:25:47"}
{"level":"info","message":"OPTIONS /api/v1/dashboard/student-stats 200 0.236 ms - -","timestamp":"2025-01-27 08:25:47"}
{"level":"info","message":"OPTIONS /api/v1/student/batchmates 200 0.267 ms - -","timestamp":"2025-01-27 08:25:47"}
{"level":"info","message":"GET /api/v1/dashboard/student-stats 304 26.806 ms - -","timestamp":"2025-01-27 08:25:47"}
{"level":"info","message":"GET /api/v1/student/batchmates 304 25.973 ms - -","timestamp":"2025-01-27 08:25:47"}
{"level":"info","message":"OPTIONS /api/v1/notifications 200 0.184 ms - -","timestamp":"2025-01-27 08:25:47"}
{"level":"info","message":"OPTIONS /api/v1/dashboard/student/chess-stats?startDate=2024-12-27&endDate=2025-01-27 200 0.223 ms - -","timestamp":"2025-01-27 08:25:47"}
{"level":"info","message":"OPTIONS /api/v1/events/student 200 0.149 ms - -","timestamp":"2025-01-27 08:25:47"}
{"level":"info","message":"OPTIONS /api/v1/quiz/student-attempts 200 0.157 ms - -","timestamp":"2025-01-27 08:25:47"}
{"level":"info","message":"GET /api/v1/notifications 304 11.335 ms - -","timestamp":"2025-01-27 08:25:47"}
{"level":"info","message":"GET /api/v1/dashboard/student/chess-stats?startDate=2024-12-27&endDate=2025-01-27 304 39.585 ms - -","timestamp":"2025-01-27 08:25:47"}
{"level":"info","message":"GET /api/v1/quiz/student-attempts 304 24.985 ms - -","timestamp":"2025-01-27 08:25:47"}
{"level":"info","message":"GET /api/v1/events/student 304 43.984 ms - -","timestamp":"2025-01-27 08:25:47"}
{"level":"info","message":"OPTIONS /api/v1/tasks 200 0.098 ms - -","timestamp":"2025-01-27 08:26:09"}
{"level":"info","message":"OPTIONS /api/v1/dashboard/student-stats 200 0.119 ms - -","timestamp":"2025-01-27 08:26:09"}
{"level":"info","message":"OPTIONS /api/v1/student/batchmates 200 0.129 ms - -","timestamp":"2025-01-27 08:26:09"}
{"level":"info","message":"GET /api/v1/tasks 304 77.033 ms - -","timestamp":"2025-01-27 08:26:09"}
{"level":"info","message":"GET /api/v1/dashboard/student-stats 304 67.551 ms - -","timestamp":"2025-01-27 08:26:09"}
{"level":"info","message":"GET /api/v1/student/batchmates 304 49.561 ms - -","timestamp":"2025-01-27 08:26:09"}
{"level":"info","message":"OPTIONS /api/v1/notifications 200 0.083 ms - -","timestamp":"2025-01-27 08:26:09"}
{"level":"info","message":"GET /api/v1/notifications 304 7.620 ms - -","timestamp":"2025-01-27 08:26:09"}
{"level":"info","message":"OPTIONS /api/v1/dashboard/student/chess-stats?startDate=2024-12-27&endDate=2025-01-27 200 0.172 ms - -","timestamp":"2025-01-27 08:26:09"}
{"level":"info","message":"OPTIONS /api/v1/events/student 200 0.133 ms - -","timestamp":"2025-01-27 08:26:09"}
{"level":"info","message":"OPTIONS /api/v1/quiz/student-attempts 200 0.096 ms - -","timestamp":"2025-01-27 08:26:09"}
{"level":"info","message":"GET /api/v1/quiz/student-attempts 304 21.950 ms - -","timestamp":"2025-01-27 08:26:09"}
{"level":"info","message":"GET /api/v1/dashboard/student/chess-stats?startDate=2024-12-27&endDate=2025-01-27 304 32.450 ms - -","timestamp":"2025-01-27 08:26:09"}
{"level":"info","message":"GET /api/v1/events/student 304 38.300 ms - -","timestamp":"2025-01-27 08:26:09"}
{"level":"info","message":"Database connection successful","timestamp":"2025-01-27 08:26:34"}
{"level":"info","message":"Server is running on port 5000","timestamp":"2025-01-27 08:26:34"}
{"level":"info","message":"Initial origins update completed","timestamp":"2025-01-27 08:26:34"}
{"level":"info","message":"Database connection successful","timestamp":"2025-01-27 08:26:55"}
{"level":"info","message":"Server is running on port 5000","timestamp":"2025-01-27 08:26:55"}
{"level":"info","message":"Initial origins update completed","timestamp":"2025-01-27 08:26:55"}
{"level":"info","message":"Database connection successful","timestamp":"2025-01-27 08:28:44"}
{"level":"info","message":"Server is running on port 5000","timestamp":"2025-01-27 08:28:44"}
{"level":"info","message":"Initial origins update completed","timestamp":"2025-01-27 08:28:44"}
{"level":"info","message":"Database connection successful","timestamp":"2025-01-27 08:29:06"}
{"level":"info","message":"Server is running on port 5000","timestamp":"2025-01-27 08:29:06"}
{"level":"info","message":"Initial origins update completed","timestamp":"2025-01-27 08:29:06"}
{"level":"info","message":"Database connection successful","timestamp":"2025-01-27 08:29:11"}
{"level":"info","message":"Server is running on port 5000","timestamp":"2025-01-27 08:29:11"}
{"level":"info","message":"Initial origins update completed","timestamp":"2025-01-27 08:29:11"}
{"level":"info","message":"Database connection successful","timestamp":"2025-01-27 08:29:14"}
{"level":"info","message":"Server is running on port 5000","timestamp":"2025-01-27 08:29:14"}
{"level":"info","message":"Initial origins update completed","timestamp":"2025-01-27 08:29:14"}
{"level":"info","message":"Database connection successful","timestamp":"2025-01-27 08:29:22"}
{"level":"info","message":"Server is running on port 5000","timestamp":"2025-01-27 08:29:22"}
{"level":"info","message":"Initial origins update completed","timestamp":"2025-01-27 08:29:22"}
{"level":"info","message":"Database connection successful","timestamp":"2025-01-27 08:29:38"}
{"level":"info","message":"Server is running on port 5000","timestamp":"2025-01-27 08:29:38"}
{"level":"info","message":"Initial origins update completed","timestamp":"2025-01-27 08:29:38"}
{"level":"info","message":"OPTIONS /api/v1/messages/conversations 200 1.523 ms - -","timestamp":"2025-01-27 08:29:39"}
{"level":"info","message":"User: 5ddc4f9b-2c01-45d1-85ea-a3566fba6f38 fetching conversations","timestamp":"2025-01-27 08:29:39"}
{"level":"info","message":"GET /api/v1/messages/conversations 200 50.524 ms - 349","timestamp":"2025-01-27 08:29:39"}
{"level":"info","message":"OPTIONS /api/v1/messages?conversationWith=8230d585-2d2c-4e71-9008-daf84804ede7 200 0.211 ms - -","timestamp":"2025-01-27 08:29:40"}
{"level":"info","message":"User: 5ddc4f9b-2c01-45d1-85ea-a3566fba6f38 fetching messages with User: 8230d585-2d2c-4e71-9008-daf84804ede7","timestamp":"2025-01-27 08:29:40"}
{"level":"info","message":"GET /api/v1/messages?conversationWith=8230d585-2d2c-4e71-9008-daf84804ede7 200 16.340 ms - 323","timestamp":"2025-01-27 08:29:40"}
{"level":"info","message":"OPTIONS /api/v1/messages 200 0.445 ms - -","timestamp":"2025-01-27 08:29:45"}
{"level":"info","message":"User: 8230d585-2d2c-4e71-9008-daf84804ede7 sending message to User: 5ddc4f9b-2c01-45d1-85ea-a3566fba6f38","timestamp":"2025-01-27 08:29:46"}
{"level":"info","message":"Message sent from User: 8230d585-2d2c-4e71-9008-daf84804ede7 to User: 5ddc4f9b-2c01-45d1-85ea-a3566fba6f38","timestamp":"2025-01-27 08:29:46"}
{"level":"info","message":"POST /api/v1/messages 200 87.238 ms - 296","timestamp":"2025-01-27 08:29:46"}
{"level":"info","message":"OPTIONS /api/v1/messages?conversationWith=5ddc4f9b-2c01-45d1-85ea-a3566fba6f38 200 0.167 ms - -","timestamp":"2025-01-27 08:29:46"}
{"level":"info","message":"User: 8230d585-2d2c-4e71-9008-daf84804ede7 fetching messages with User: 5ddc4f9b-2c01-45d1-85ea-a3566fba6f38","timestamp":"2025-01-27 08:29:46"}
{"level":"info","message":"GET /api/v1/messages?conversationWith=5ddc4f9b-2c01-45d1-85ea-a3566fba6f38 200 11.912 ms - 485","timestamp":"2025-01-27 08:29:46"}
{"level":"info","message":"OPTIONS /api/v1/messages/conversations 200 0.202 ms - -","timestamp":"2025-01-27 08:29:50"}
{"level":"info","message":"User: 5ddc4f9b-2c01-45d1-85ea-a3566fba6f38 fetching conversations","timestamp":"2025-01-27 08:29:50"}
{"level":"info","message":"GET /api/v1/messages/conversations 200 21.941 ms - 350","timestamp":"2025-01-27 08:29:50"}
{"level":"info","message":"OPTIONS /api/v1/notifications 200 0.183 ms - -","timestamp":"2025-01-27 08:29:50"}
{"level":"info","message":"GET /api/v1/notifications 200 13.621 ms - 297","timestamp":"2025-01-27 08:29:51"}
{"level":"info","message":"OPTIONS /api/v1/messages/conversations 200 0.146 ms - -","timestamp":"2025-01-27 08:30:30"}
{"level":"info","message":"OPTIONS /api/v1/notifications 200 0.128 ms - -","timestamp":"2025-01-27 08:30:30"}
{"level":"info","message":"User: 5ddc4f9b-2c01-45d1-85ea-a3566fba6f38 fetching conversations","timestamp":"2025-01-27 08:30:30"}
{"level":"info","message":"GET /api/v1/notifications 304 14.697 ms - -","timestamp":"2025-01-27 08:30:30"}
{"level":"info","message":"GET /api/v1/messages/conversations 304 86.410 ms - -","timestamp":"2025-01-27 08:30:30"}
{"level":"info","message":"OPTIONS /api/v1/tasks 200 0.257 ms - -","timestamp":"2025-01-27 08:31:42"}
{"level":"info","message":"GET /api/v1/tasks 304 23.962 ms - -","timestamp":"2025-01-27 08:31:42"}
{"level":"info","message":"OPTIONS /api/v1/dashboard/student-stats 200 0.303 ms - -","timestamp":"2025-01-27 08:31:42"}
{"level":"info","message":"OPTIONS /api/v1/student/batchmates 200 0.232 ms - -","timestamp":"2025-01-27 08:31:42"}
{"level":"info","message":"GET /api/v1/dashboard/student-stats 304 107.751 ms - -","timestamp":"2025-01-27 08:31:42"}
{"level":"info","message":"GET /api/v1/student/batchmates 304 65.585 ms - -","timestamp":"2025-01-27 08:31:42"}
{"level":"info","message":"OPTIONS /api/v1/dashboard/student/chess-stats?startDate=2024-12-27&endDate=2025-01-27 200 0.269 ms - -","timestamp":"2025-01-27 08:31:42"}
{"level":"info","message":"OPTIONS /api/v1/events/student 200 0.288 ms - -","timestamp":"2025-01-27 08:31:42"}
{"level":"info","message":"GET /api/v1/dashboard/student/chess-stats?startDate=2024-12-27&endDate=2025-01-27 304 24.026 ms - -","timestamp":"2025-01-27 08:31:42"}
{"level":"info","message":"GET /api/v1/events/student 304 30.800 ms - -","timestamp":"2025-01-27 08:31:42"}
{"level":"info","message":"OPTIONS /api/v1/quiz/student-attempts 200 0.164 ms - -","timestamp":"2025-01-27 08:31:42"}
{"level":"info","message":"GET /api/v1/quiz/student-attempts 304 16.844 ms - -","timestamp":"2025-01-27 08:31:42"}
{"level":"info","message":"OPTIONS /api/v1/messages/conversations 200 0.086 ms - -","timestamp":"2025-01-27 08:34:21"}
{"level":"info","message":"User: 5ddc4f9b-2c01-45d1-85ea-a3566fba6f38 fetching conversations","timestamp":"2025-01-27 08:34:21"}
{"level":"info","message":"GET /api/v1/messages/conversations 304 11.118 ms - -","timestamp":"2025-01-27 08:34:21"}
{"level":"info","message":"OPTIONS /api/v1/notifications 200 0.101 ms - -","timestamp":"2025-01-27 08:34:21"}
{"level":"info","message":"GET /api/v1/notifications 304 7.142 ms - -","timestamp":"2025-01-27 08:34:21"}
{"level":"info","message":"OPTIONS /api/v1/tasks 200 0.082 ms - -","timestamp":"2025-01-27 08:34:22"}
{"level":"info","message":"GET /api/v1/tasks 304 10.582 ms - -","timestamp":"2025-01-27 08:34:23"}
{"level":"info","message":"OPTIONS /api/v1/dashboard/student-stats 200 0.154 ms - -","timestamp":"2025-01-27 08:34:23"}
{"level":"info","message":"GET /api/v1/dashboard/student-stats 304 15.756 ms - -","timestamp":"2025-01-27 08:34:23"}
{"level":"info","message":"OPTIONS /api/v1/student/batchmates 200 0.091 ms - -","timestamp":"2025-01-27 08:34:23"}
{"level":"info","message":"GET /api/v1/student/batchmates 304 15.248 ms - -","timestamp":"2025-01-27 08:34:23"}
{"level":"info","message":"OPTIONS /api/v1/dashboard/student/chess-stats?startDate=2024-12-27&endDate=2025-01-27 200 0.089 ms - -","timestamp":"2025-01-27 08:34:23"}
{"level":"info","message":"OPTIONS /api/v1/events/student 200 0.079 ms - -","timestamp":"2025-01-27 08:34:23"}
{"level":"info","message":"OPTIONS /api/v1/quiz/student-attempts 200 0.080 ms - -","timestamp":"2025-01-27 08:34:23"}
{"level":"info","message":"GET /api/v1/dashboard/student/chess-stats?startDate=2024-12-27&endDate=2025-01-27 304 17.613 ms - -","timestamp":"2025-01-27 08:34:23"}
{"level":"info","message":"GET /api/v1/quiz/student-attempts 304 13.303 ms - -","timestamp":"2025-01-27 08:34:23"}
{"level":"info","message":"GET /api/v1/events/student 304 21.088 ms - -","timestamp":"2025-01-27 08:34:23"}
{"level":"info","message":"OPTIONS /api/v1/notifications/mark-all-read 200 0.227 ms - -","timestamp":"2025-01-27 08:34:31"}
{"level":"info","message":"PUT /api/v1/notifications/mark-all-read 200 26.189 ms - 11","timestamp":"2025-01-27 08:34:31"}
{"level":"info","message":"OPTIONS /api/v1/notifications 200 0.222 ms - -","timestamp":"2025-01-27 08:34:31"}
{"level":"info","message":"GET /api/v1/notifications 200 11.390 ms - 296","timestamp":"2025-01-27 08:34:31"}
{"level":"info","message":"OPTIONS /api/v1/tasks 200 0.097 ms - -","timestamp":"2025-01-27 08:34:58"}
{"level":"info","message":"OPTIONS /api/v1/dashboard/student-stats 200 0.069 ms - -","timestamp":"2025-01-27 08:34:58"}
{"level":"info","message":"GET /api/v1/tasks 304 10.706 ms - -","timestamp":"2025-01-27 08:34:58"}
{"level":"info","message":"GET /api/v1/dashboard/student-stats 304 14.481 ms - -","timestamp":"2025-01-27 08:34:58"}
{"level":"info","message":"OPTIONS /api/v1/student/batchmates 200 0.100 ms - -","timestamp":"2025-01-27 08:34:58"}
{"level":"info","message":"GET /api/v1/student/batchmates 304 18.011 ms - -","timestamp":"2025-01-27 08:34:58"}
{"level":"info","message":"OPTIONS /api/v1/notifications 200 0.090 ms - -","timestamp":"2025-01-27 08:34:58"}
{"level":"info","message":"OPTIONS /api/v1/dashboard/student/chess-stats?startDate=2024-12-27&endDate=2025-01-27 200 0.128 ms - -","timestamp":"2025-01-27 08:34:58"}
{"level":"info","message":"OPTIONS /api/v1/events/student 200 0.276 ms - -","timestamp":"2025-01-27 08:34:58"}
{"level":"info","message":"OPTIONS /api/v1/quiz/student-attempts 200 0.091 ms - -","timestamp":"2025-01-27 08:34:58"}
{"level":"info","message":"GET /api/v1/notifications 304 25.974 ms - -","timestamp":"2025-01-27 08:34:59"}
{"level":"info","message":"GET /api/v1/quiz/student-attempts 304 20.261 ms - -","timestamp":"2025-01-27 08:34:59"}
{"level":"info","message":"GET /api/v1/dashboard/student/chess-stats?startDate=2024-12-27&endDate=2025-01-27 304 53.321 ms - -","timestamp":"2025-01-27 08:34:59"}
{"level":"info","message":"GET /api/v1/events/student 304 58.989 ms - -","timestamp":"2025-01-27 08:34:59"}
{"level":"info","message":"OPTIONS /api/v1/tasks 200 0.121 ms - -","timestamp":"2025-01-27 08:35:21"}
{"level":"info","message":"OPTIONS /api/v1/dashboard/student-stats 200 0.105 ms - -","timestamp":"2025-01-27 08:35:21"}
{"level":"info","message":"GET /api/v1/tasks 304 22.186 ms - -","timestamp":"2025-01-27 08:35:21"}
{"level":"info","message":"OPTIONS /api/v1/student/batchmates 200 0.097 ms - -","timestamp":"2025-01-27 08:35:21"}
{"level":"info","message":"GET /api/v1/dashboard/student-stats 304 20.066 ms - -","timestamp":"2025-01-27 08:35:21"}
{"level":"info","message":"GET /api/v1/student/batchmates 304 18.438 ms - -","timestamp":"2025-01-27 08:35:21"}
{"level":"info","message":"OPTIONS /api/v1/notifications 200 0.138 ms - -","timestamp":"2025-01-27 08:35:21"}
{"level":"info","message":"OPTIONS /api/v1/dashboard/student/chess-stats?startDate=2024-12-27&endDate=2025-01-27 200 0.159 ms - -","timestamp":"2025-01-27 08:35:21"}
{"level":"info","message":"OPTIONS /api/v1/events/student 200 0.220 ms - -","timestamp":"2025-01-27 08:35:21"}
{"level":"info","message":"OPTIONS /api/v1/quiz/student-attempts 200 0.193 ms - -","timestamp":"2025-01-27 08:35:21"}
{"level":"info","message":"GET /api/v1/notifications 304 16.554 ms - -","timestamp":"2025-01-27 08:35:21"}
{"level":"info","message":"GET /api/v1/quiz/student-attempts 304 16.026 ms - -","timestamp":"2025-01-27 08:35:21"}
{"level":"info","message":"GET /api/v1/dashboard/student/chess-stats?startDate=2024-12-27&endDate=2025-01-27 304 22.982 ms - -","timestamp":"2025-01-27 08:35:21"}
{"level":"info","message":"GET /api/v1/events/student 304 24.123 ms - -","timestamp":"2025-01-27 08:35:21"}
{"level":"info","message":"OPTIONS /api/v1/tasks 200 0.099 ms - -","timestamp":"2025-01-27 08:35:27"}
{"level":"info","message":"OPTIONS /api/v1/dashboard/student-stats 200 0.114 ms - -","timestamp":"2025-01-27 08:35:27"}
{"level":"info","message":"OPTIONS /api/v1/student/batchmates 200 0.106 ms - -","timestamp":"2025-01-27 08:35:27"}
{"level":"info","message":"GET /api/v1/tasks 304 83.379 ms - -","timestamp":"2025-01-27 08:35:27"}
{"level":"info","message":"GET /api/v1/student/batchmates 304 74.210 ms - -","timestamp":"2025-01-27 08:35:27"}
{"level":"info","message":"GET /api/v1/dashboard/student-stats 304 91.604 ms - -","timestamp":"2025-01-27 08:35:27"}
{"level":"info","message":"OPTIONS /api/v1/notifications 200 0.089 ms - -","timestamp":"2025-01-27 08:35:27"}
{"level":"info","message":"GET /api/v1/notifications 304 5.483 ms - -","timestamp":"2025-01-27 08:35:27"}
{"level":"info","message":"OPTIONS /api/v1/dashboard/student/chess-stats?startDate=2024-12-27&endDate=2025-01-27 200 0.218 ms - -","timestamp":"2025-01-27 08:35:49"}
{"level":"info","message":"OPTIONS /api/v1/events/student 200 0.234 ms - -","timestamp":"2025-01-27 08:35:49"}
{"level":"info","message":"OPTIONS /api/v1/quiz/student-attempts 200 0.249 ms - -","timestamp":"2025-01-27 08:35:49"}
{"level":"info","message":"GET /api/v1/dashboard/student/chess-stats?startDate=2024-12-27&endDate=2025-01-27 304 108.658 ms - -","timestamp":"2025-01-27 08:35:49"}
{"level":"info","message":"GET /api/v1/quiz/student-attempts 304 95.955 ms - -","timestamp":"2025-01-27 08:35:49"}
{"level":"info","message":"GET /api/v1/events/student 304 113.539 ms - -","timestamp":"2025-01-27 08:35:49"}
{"level":"info","message":"OPTIONS /api/v1/notifications 200 0.301 ms - -","timestamp":"2025-01-27 08:36:27"}
{"level":"info","message":"GET /api/v1/notifications 304 25.169 ms - -","timestamp":"2025-01-27 08:36:27"}
{"level":"info","message":"OPTIONS /api/v1/notifications 200 0.220 ms - -","timestamp":"2025-01-27 08:37:28"}
{"level":"info","message":"GET /api/v1/notifications 304 14.272 ms - -","timestamp":"2025-01-27 08:37:28"}
{"level":"info","message":"OPTIONS /api/v1/messages 200 0.165 ms - -","timestamp":"2025-01-27 08:38:21"}
{"level":"info","message":"User: 8230d585-2d2c-4e71-9008-daf84804ede7 sending message to User: 5ddc4f9b-2c01-45d1-85ea-a3566fba6f38","timestamp":"2025-01-27 08:38:21"}
{"level":"info","message":"Message sent from User: 8230d585-2d2c-4e71-9008-daf84804ede7 to User: 5ddc4f9b-2c01-45d1-85ea-a3566fba6f38","timestamp":"2025-01-27 08:38:21"}
{"level":"info","message":"POST /api/v1/messages 200 53.375 ms - 303","timestamp":"2025-01-27 08:38:21"}
{"level":"info","message":"OPTIONS /api/v1/messages?conversationWith=5ddc4f9b-2c01-45d1-85ea-a3566fba6f38 200 0.169 ms - -","timestamp":"2025-01-27 08:38:21"}
{"level":"info","message":"User: 8230d585-2d2c-4e71-9008-daf84804ede7 fetching messages with User: 5ddc4f9b-2c01-45d1-85ea-a3566fba6f38","timestamp":"2025-01-27 08:38:21"}
{"level":"info","message":"GET /api/v1/messages?conversationWith=5ddc4f9b-2c01-45d1-85ea-a3566fba6f38 200 11.600 ms - 654","timestamp":"2025-01-27 08:38:21"}
{"level":"info","message":"OPTIONS /api/v1/tasks 200 0.161 ms - -","timestamp":"2025-01-27 08:38:26"}
{"level":"info","message":"GET /api/v1/tasks 304 15.519 ms - -","timestamp":"2025-01-27 08:38:26"}
{"level":"info","message":"OPTIONS /api/v1/dashboard/student-stats 200 0.139 ms - -","timestamp":"2025-01-27 08:38:26"}
{"level":"info","message":"GET /api/v1/dashboard/student-stats 304 22.333 ms - -","timestamp":"2025-01-27 08:38:26"}
{"level":"info","message":"OPTIONS /api/v1/student/batchmates 200 0.172 ms - -","timestamp":"2025-01-27 08:38:26"}
{"level":"info","message":"GET /api/v1/student/batchmates 304 23.780 ms - -","timestamp":"2025-01-27 08:38:26"}
{"level":"info","message":"OPTIONS /api/v1/notifications 200 0.321 ms - -","timestamp":"2025-01-27 08:38:27"}
{"level":"info","message":"OPTIONS /api/v1/dashboard/student/chess-stats?startDate=2024-12-27&endDate=2025-01-27 200 0.208 ms - -","timestamp":"2025-01-27 08:38:27"}
{"level":"info","message":"OPTIONS /api/v1/quiz/student-attempts 200 0.222 ms - -","timestamp":"2025-01-27 08:38:27"}
{"level":"info","message":"OPTIONS /api/v1/events/student 200 0.173 ms - -","timestamp":"2025-01-27 08:38:27"}
{"level":"info","message":"GET /api/v1/notifications 200 18.945 ms - 592","timestamp":"2025-01-27 08:38:27"}
{"level":"info","message":"GET /api/v1/dashboard/student/chess-stats?startDate=2024-12-27&endDate=2025-01-27 304 27.976 ms - -","timestamp":"2025-01-27 08:38:27"}
{"level":"info","message":"GET /api/v1/quiz/student-attempts 304 26.164 ms - -","timestamp":"2025-01-27 08:38:27"}
{"level":"info","message":"GET /api/v1/events/student 304 35.742 ms - -","timestamp":"2025-01-27 08:38:27"}
{"level":"info","message":"OPTIONS /api/v1/notifications/mark-all-read 200 0.195 ms - -","timestamp":"2025-01-27 08:38:34"}
{"level":"info","message":"PUT /api/v1/notifications/mark-all-read 200 21.601 ms - 11","timestamp":"2025-01-27 08:38:34"}
{"level":"info","message":"OPTIONS /api/v1/notifications 200 0.157 ms - -","timestamp":"2025-01-27 08:38:34"}
{"level":"info","message":"GET /api/v1/notifications 200 10.462 ms - 591","timestamp":"2025-01-27 08:38:34"}
{"level":"info","message":"OPTIONS /api/v1/messages/conversations 200 0.256 ms - -","timestamp":"2025-01-27 08:38:36"}
{"level":"info","message":"User: 5ddc4f9b-2c01-45d1-85ea-a3566fba6f38 fetching conversations","timestamp":"2025-01-27 08:38:36"}
{"level":"info","message":"GET /api/v1/messages/conversations 200 21.964 ms - 357","timestamp":"2025-01-27 08:38:36"}
{"level":"info","message":"OPTIONS /api/v1/messages?conversationWith=8230d585-2d2c-4e71-9008-daf84804ede7 200 0.196 ms - -","timestamp":"2025-01-27 08:38:38"}
{"level":"info","message":"User: 5ddc4f9b-2c01-45d1-85ea-a3566fba6f38 fetching messages with User: 8230d585-2d2c-4e71-9008-daf84804ede7","timestamp":"2025-01-27 08:38:38"}
{"level":"info","message":"GET /api/v1/messages?conversationWith=8230d585-2d2c-4e71-9008-daf84804ede7 200 11.279 ms - 654","timestamp":"2025-01-27 08:38:38"}
{"level":"info","message":"OPTIONS /api/v1/permission 200 0.156 ms - -","timestamp":"2025-01-27 08:38:56"}
{"level":"info","message":"GET /api/v1/permission 304 31.936 ms - -","timestamp":"2025-01-27 08:38:56"}
{"level":"info","message":"OPTIONS /api/v1/notifications 200 0.199 ms - -","timestamp":"2025-01-27 08:38:56"}
{"level":"info","message":"OPTIONS /api/v1/dashboard 200 0.252 ms - -","timestamp":"2025-01-27 08:38:56"}
{"level":"info","message":"GET /api/v1/notifications 304 12.193 ms - -","timestamp":"2025-01-27 08:38:56"}
{"level":"info","message":"GET /api/v1/dashboard 304 55.584 ms - -","timestamp":"2025-01-27 08:38:56"}
{"level":"info","message":"OPTIONS /api/v1/tasks 200 0.425 ms - -","timestamp":"2025-01-27 08:39:05"}
{"level":"info","message":"GET /api/v1/tasks 304 20.473 ms - -","timestamp":"2025-01-27 08:39:05"}
{"level":"info","message":"OPTIONS /api/v1/dashboard/student-stats 200 0.177 ms - -","timestamp":"2025-01-27 08:39:05"}
{"level":"info","message":"GET /api/v1/dashboard/student-stats 304 26.088 ms - -","timestamp":"2025-01-27 08:39:05"}
{"level":"info","message":"OPTIONS /api/v1/student/batchmates 200 0.266 ms - -","timestamp":"2025-01-27 08:39:05"}
{"level":"info","message":"GET /api/v1/student/batchmates 304 26.999 ms - -","timestamp":"2025-01-27 08:39:05"}
{"level":"info","message":"OPTIONS /api/v1/notifications 200 0.233 ms - -","timestamp":"2025-01-27 08:39:06"}
{"level":"info","message":"OPTIONS /api/v1/dashboard/student/chess-stats?startDate=2024-12-27&endDate=2025-01-27 200 0.233 ms - -","timestamp":"2025-01-27 08:39:06"}
{"level":"info","message":"OPTIONS /api/v1/events/student 200 0.224 ms - -","timestamp":"2025-01-27 08:39:06"}
{"level":"info","message":"OPTIONS /api/v1/quiz/student-attempts 200 0.235 ms - -","timestamp":"2025-01-27 08:39:06"}
{"level":"info","message":"GET /api/v1/notifications 304 21.772 ms - -","timestamp":"2025-01-27 08:39:06"}
{"level":"info","message":"GET /api/v1/dashboard/student/chess-stats?startDate=2024-12-27&endDate=2025-01-27 304 31.481 ms - -","timestamp":"2025-01-27 08:39:06"}
{"level":"info","message":"GET /api/v1/quiz/student-attempts 304 20.917 ms - -","timestamp":"2025-01-27 08:39:06"}
{"level":"info","message":"GET /api/v1/events/student 304 37.222 ms - -","timestamp":"2025-01-27 08:39:06"}
{"level":"info","message":"GET /api/v1/academy/domain/localhost:3000/pages/home 200 11.219 ms - 2089","timestamp":"2025-01-27 08:39:08"}
{"level":"info","message":"GET /api/v1/academy/domain/localhost:3000/pages/home 200 9.699 ms - 2089","timestamp":"2025-01-27 08:39:08"}
{"level":"info","message":"GET /api/v1/navigation/domain/localhost:3000 200 28.563 ms - 2005","timestamp":"2025-01-27 08:39:08"}
{"level":"error","statusCode":404,"timestamp":"2025-01-27 08:39:08"}
{"level":"info","message":"GET /api/v1/academy/domain/localhost:3000/pages/coach1.jpg 404 7.699 ms - 349","timestamp":"2025-01-27 08:39:08"}
{"level":"info","message":"GET /api/v1/navigation/domain/localhost:3000 200 8.388 ms - 2005","timestamp":"2025-01-27 08:39:08"}
{"level":"error","statusCode":404,"timestamp":"2025-01-27 08:39:08"}
{"level":"info","message":"GET /api/v1/academy/domain/localhost:3000/pages/coach1.jpg 404 6.116 ms - 349","timestamp":"2025-01-27 08:39:08"}
{"level":"error","statusCode":404,"timestamp":"2025-01-27 08:39:08"}
{"level":"info","message":"GET /api/v1/academy/domain/localhost:3000/pages/coach2.jpg 404 4.804 ms - 349","timestamp":"2025-01-27 08:39:08"}
{"level":"error","statusCode":404,"timestamp":"2025-01-27 08:39:08"}
{"level":"info","message":"GET /api/v1/academy/domain/localhost:3000/pages/coach2.jpg 404 8.970 ms - 349","timestamp":"2025-01-27 08:39:08"}
{"level":"info","message":"GET /api/v1/navigation/domain/localhost:3000 200 9.116 ms - 2005","timestamp":"2025-01-27 08:39:08"}
{"level":"error","statusCode":404,"timestamp":"2025-01-27 08:39:09"}
{"level":"info","message":"GET /api/v1/academy/domain/localhost:3000/pages/coach1.jpg 404 4.938 ms - 349","timestamp":"2025-01-27 08:39:09"}
{"level":"info","message":"GET /api/v1/navigation/domain/localhost:3000 200 9.103 ms - 2005","timestamp":"2025-01-27 08:39:09"}
{"level":"error","statusCode":404,"timestamp":"2025-01-27 08:39:09"}
{"level":"info","message":"GET /api/v1/academy/domain/localhost:3000/pages/coach1.jpg 404 5.056 ms - 349","timestamp":"2025-01-27 08:39:09"}
{"level":"error","statusCode":404,"timestamp":"2025-01-27 08:39:09"}
{"level":"info","message":"GET /api/v1/academy/domain/localhost:3000/pages/coach2.jpg 404 5.568 ms - 349","timestamp":"2025-01-27 08:39:09"}
{"level":"info","message":"GET /api/v1/navigation/domain/localhost:3000 200 8.500 ms - 2005","timestamp":"2025-01-27 08:39:09"}
{"level":"error","statusCode":404,"timestamp":"2025-01-27 08:39:09"}
{"level":"info","message":"GET /api/v1/academy/domain/localhost:3000/pages/coach2.jpg 404 5.116 ms - 349","timestamp":"2025-01-27 08:39:09"}
{"level":"info","message":"OPTIONS /api/v1/tasks 200 0.211 ms - -","timestamp":"2025-01-27 08:41:53"}
{"level":"info","message":"GET /api/v1/tasks 401 0.936 ms - 51","timestamp":"2025-01-27 08:41:53"}
{"level":"info","message":"OPTIONS /api/v1/dashboard/student-stats 200 0.241 ms - -","timestamp":"2025-01-27 08:41:53"}
{"level":"info","message":"GET /api/v1/dashboard/student-stats 401 1.955 ms - 51","timestamp":"2025-01-27 08:41:53"}
{"level":"info","message":"OPTIONS /api/v1/student/batchmates 200 0.235 ms - -","timestamp":"2025-01-27 08:41:54"}
{"level":"info","message":"GET /api/v1/student/batchmates 401 0.621 ms - 51","timestamp":"2025-01-27 08:41:54"}
{"level":"error","statusCode":404,"timestamp":"2025-01-27 08:41:54"}
{"level":"info","message":"GET /api/v1/academy/domain/localhost:3000/pages/unauthorized 404 65.560 ms - 349","timestamp":"2025-01-27 08:41:54"}
{"level":"error","statusCode":404,"timestamp":"2025-01-27 08:41:54"}
{"level":"info","message":"GET /api/v1/academy/domain/localhost:3000/pages/unauthorized 404 76.249 ms - 349","timestamp":"2025-01-27 08:41:54"}
{"level":"info","message":"GET /api/v1/navigation/domain/localhost:3000 200 72.093 ms - 2005","timestamp":"2025-01-27 08:41:54"}
{"level":"info","message":"GET /api/v1/navigation/domain/localhost:3000 200 60.243 ms - 2005","timestamp":"2025-01-27 08:43:39"}
{"level":"error","statusCode":404,"timestamp":"2025-01-27 08:43:39"}
{"level":"info","message":"GET /api/v1/academy/domain/localhost:3000/pages/unauthorized 404 8.862 ms - 349","timestamp":"2025-01-27 08:43:39"}
{"level":"error","statusCode":404,"timestamp":"2025-01-27 08:43:39"}
{"level":"info","message":"GET /api/v1/academy/domain/localhost:3000/pages/unauthorized 404 8.628 ms - 349","timestamp":"2025-01-27 08:43:39"}
{"level":"info","message":"GET /api/v1/navigation/domain/localhost:3000 200 11.649 ms - 2005","timestamp":"2025-01-27 08:43:39"}
{"level":"info","message":"GET /api/v1/navigation/domain/localhost:3000 200 9.955 ms - 2005","timestamp":"2025-01-27 08:43:50"}
{"level":"error","statusCode":404,"timestamp":"2025-01-27 08:43:50"}
{"level":"info","message":"GET /api/v1/academy/domain/localhost:3000/pages/unauthorized 404 14.037 ms - 349","timestamp":"2025-01-27 08:43:50"}
{"level":"info","message":"GET /api/v1/navigation/domain/localhost:3000 200 14.437 ms - 2005","timestamp":"2025-01-27 08:43:50"}
{"level":"error","statusCode":404,"timestamp":"2025-01-27 08:43:50"}
{"level":"info","message":"GET /api/v1/academy/domain/localhost:3000/pages/unauthorized 404 15.154 ms - 349","timestamp":"2025-01-27 08:43:50"}
{"level":"info","message":"GET /api/v1/navigation/domain/localhost:3000 200 61.384 ms - 2005","timestamp":"2025-01-27 08:44:22"}
{"level":"error","statusCode":404,"timestamp":"2025-01-27 08:44:22"}
{"level":"info","message":"GET /api/v1/academy/domain/localhost:3000/pages/unauthorized 404 9.264 ms - 349","timestamp":"2025-01-27 08:44:22"}
{"level":"error","statusCode":404,"timestamp":"2025-01-27 08:44:22"}
{"level":"info","message":"GET /api/v1/academy/domain/localhost:3000/pages/unauthorized 404 12.775 ms - 349","timestamp":"2025-01-27 08:44:22"}
{"level":"info","message":"GET /api/v1/navigation/domain/localhost:3000 200 12.940 ms - 2005","timestamp":"2025-01-27 08:44:22"}
{"level":"info","message":"GET /api/v1/navigation/domain/localhost:3000 200 94.765 ms - 2005","timestamp":"2025-01-27 08:44:29"}
{"level":"info","message":"GET /api/v1/navigation/domain/localhost:3000 200 9.121 ms - 2005","timestamp":"2025-01-27 08:44:29"}
{"level":"error","statusCode":404,"timestamp":"2025-01-27 08:44:29"}
{"level":"info","message":"GET /api/v1/academy/domain/localhost:3000/pages/unauthorized 404 9.162 ms - 349","timestamp":"2025-01-27 08:44:29"}
{"level":"info","message":"GET /api/v1/navigation/domain/localhost:3000 200 11.297 ms - 2005","timestamp":"2025-01-27 08:44:29"}
{"level":"error","statusCode":404,"timestamp":"2025-01-27 08:44:29"}
{"level":"info","message":"GET /api/v1/academy/domain/localhost:3000/pages/unauthorized 404 7.440 ms - 349","timestamp":"2025-01-27 08:44:29"}
{"level":"info","message":"GET /api/v1/navigation/domain/localhost:3000 200 128.851 ms - 2005","timestamp":"2025-01-27 08:44:38"}
{"level":"info","message":"GET /api/v1/navigation/domain/localhost:3000 200 87.289 ms - 2005","timestamp":"2025-01-27 08:44:39"}
{"level":"info","message":"GET /api/v1/navigation/domain/localhost:3000 200 9.001 ms - 2005","timestamp":"2025-01-27 08:44:39"}
{"level":"error","statusCode":404,"timestamp":"2025-01-27 08:44:39"}
{"level":"info","message":"GET /api/v1/academy/domain/localhost:3000/pages/unauthorized 404 29.741 ms - 349","timestamp":"2025-01-27 08:44:39"}
{"level":"error","statusCode":404,"timestamp":"2025-01-27 08:44:39"}
{"level":"info","message":"GET /api/v1/academy/domain/localhost:3000/pages/unauthorized 404 30.726 ms - 349","timestamp":"2025-01-27 08:44:39"}
{"level":"info","message":"GET /api/v1/navigation/domain/localhost:3000 200 16.057 ms - 2005","timestamp":"2025-01-27 08:45:49"}
{"level":"info","message":"GET /api/v1/navigation/domain/localhost:3000 200 44.080 ms - 2005","timestamp":"2025-01-27 08:45:49"}
{"level":"error","statusCode":404,"timestamp":"2025-01-27 08:45:49"}
{"level":"info","message":"GET /api/v1/academy/domain/localhost:3000/pages/unauthorized 404 7.392 ms - 349","timestamp":"2025-01-27 08:45:49"}
{"level":"info","message":"GET /api/v1/navigation/domain/localhost:3000 200 6.672 ms - 2005","timestamp":"2025-01-27 08:45:49"}
{"level":"info","message":"GET /api/v1/navigation/domain/localhost:3000 200 10.005 ms - 2005","timestamp":"2025-01-27 08:46:06"}
{"level":"error","statusCode":404,"timestamp":"2025-01-27 08:46:06"}
{"level":"info","message":"GET /api/v1/academy/domain/localhost:3000/pages/unauthorized 404 10.801 ms - 349","timestamp":"2025-01-27 08:46:06"}
{"level":"error","statusCode":404,"timestamp":"2025-01-27 08:46:06"}
{"level":"info","message":"GET /api/v1/academy/domain/localhost:3000/pages/unauthorized 404 10.263 ms - 349","timestamp":"2025-01-27 08:46:06"}
{"level":"info","message":"GET /api/v1/navigation/domain/localhost:3000 200 14.216 ms - 2005","timestamp":"2025-01-27 08:46:06"}
{"level":"info","message":"GET /api/v1/navigation/domain/localhost:3000 200 7.387 ms - 2005","timestamp":"2025-01-27 08:46:09"}
{"level":"error","statusCode":404,"timestamp":"2025-01-27 08:46:09"}
{"level":"info","message":"GET /api/v1/academy/domain/localhost:3000/pages/unauthorized 404 5.965 ms - 349","timestamp":"2025-01-27 08:46:09"}
{"level":"error","statusCode":404,"timestamp":"2025-01-27 08:46:09"}
{"level":"info","message":"GET /api/v1/academy/domain/localhost:3000/pages/unauthorized 404 5.804 ms - 349","timestamp":"2025-01-27 08:46:09"}
{"level":"info","message":"GET /api/v1/navigation/domain/localhost:3000 200 11.794 ms - 2005","timestamp":"2025-01-27 08:46:09"}
{"level":"info","message":"GET /api/v1/navigation/domain/localhost:3000 200 8.007 ms - 2005","timestamp":"2025-01-27 08:46:42"}
{"level":"error","statusCode":404,"timestamp":"2025-01-27 08:46:42"}
{"level":"info","message":"GET /api/v1/academy/domain/localhost:3000/pages/unauthorized 404 9.410 ms - 349","timestamp":"2025-01-27 08:46:42"}
{"level":"info","message":"GET /api/v1/navigation/domain/localhost:3000 200 12.286 ms - 2005","timestamp":"2025-01-27 08:46:42"}
{"level":"error","statusCode":404,"timestamp":"2025-01-27 08:46:42"}
{"level":"info","message":"GET /api/v1/academy/domain/localhost:3000/pages/unauthorized 404 13.837 ms - 349","timestamp":"2025-01-27 08:46:42"}
{"level":"info","message":"GET /api/v1/navigation/domain/localhost:3000 200 6.107 ms - 2005","timestamp":"2025-01-27 08:46:43"}
{"level":"info","message":"GET /api/v1/navigation/domain/localhost:3000 200 20.158 ms - 2005","timestamp":"2025-01-27 08:47:05"}
{"level":"error","statusCode":404,"timestamp":"2025-01-27 08:47:05"}
{"level":"info","message":"GET /api/v1/academy/domain/localhost:3000/pages/unauthorized 404 12.398 ms - 349","timestamp":"2025-01-27 08:47:05"}
{"level":"info","message":"GET /api/v1/navigation/domain/localhost:3000 200 12.746 ms - 2005","timestamp":"2025-01-27 08:47:05"}
{"level":"error","statusCode":404,"timestamp":"2025-01-27 08:47:05"}
{"level":"info","message":"GET /api/v1/academy/domain/localhost:3000/pages/unauthorized 404 12.777 ms - 349","timestamp":"2025-01-27 08:47:05"}
{"level":"info","message":"GET /api/v1/navigation/domain/localhost:3000 200 77.994 ms - 2005","timestamp":"2025-01-27 08:47:12"}
{"level":"error","statusCode":404,"timestamp":"2025-01-27 08:47:12"}
{"level":"info","message":"GET /api/v1/academy/domain/localhost:3000/pages/unauthorized 404 11.849 ms - 349","timestamp":"2025-01-27 08:47:12"}
{"level":"error","statusCode":404,"timestamp":"2025-01-27 08:47:12"}
{"level":"info","message":"GET /api/v1/academy/domain/localhost:3000/pages/unauthorized 404 9.987 ms - 349","timestamp":"2025-01-27 08:47:12"}
{"level":"info","message":"GET /api/v1/navigation/domain/localhost:3000 200 15.619 ms - 2005","timestamp":"2025-01-27 08:47:12"}
{"level":"info","message":"GET /api/v1/navigation/domain/localhost:3000 200 96.227 ms - 2005","timestamp":"2025-01-27 08:47:52"}
{"level":"error","statusCode":404,"timestamp":"2025-01-27 08:47:52"}
{"level":"info","message":"GET /api/v1/academy/domain/localhost:3000/pages/unauthorized 404 15.930 ms - 349","timestamp":"2025-01-27 08:47:52"}
{"level":"info","message":"GET /api/v1/navigation/domain/localhost:3000 200 17.147 ms - 2005","timestamp":"2025-01-27 08:47:52"}
{"level":"error","statusCode":404,"timestamp":"2025-01-27 08:47:52"}
{"level":"info","message":"GET /api/v1/academy/domain/localhost:3000/pages/unauthorized 404 19.368 ms - 349","timestamp":"2025-01-27 08:47:52"}
{"level":"info","message":"GET /api/v1/navigation/domain/localhost:3000 200 84.918 ms - 2005","timestamp":"2025-01-27 08:47:57"}
{"level":"info","message":"GET /api/v1/navigation/domain/localhost:3000 200 71.121 ms - 2005","timestamp":"2025-01-27 08:48:07"}
{"level":"error","statusCode":404,"timestamp":"2025-01-27 08:48:07"}
{"level":"info","message":"GET /api/v1/academy/domain/localhost:3000/pages/unauthorized 404 11.366 ms - 349","timestamp":"2025-01-27 08:48:07"}
{"level":"info","message":"GET /api/v1/navigation/domain/localhost:3000 200 11.634 ms - 2005","timestamp":"2025-01-27 08:48:07"}
{"level":"error","statusCode":404,"timestamp":"2025-01-27 08:48:07"}
{"level":"info","message":"GET /api/v1/academy/domain/localhost:3000/pages/unauthorized 404 12.265 ms - 349","timestamp":"2025-01-27 08:48:07"}
{"level":"info","message":"OPTIONS /api/v1/portal-subscribers 200 0.192 ms - -","timestamp":"2025-01-27 08:48:37"}
{"level":"info","message":"POST /api/v1/portal-subscribers 201 6202.155 ms - 1028","timestamp":"2025-01-27 08:48:43"}
{"level":"info","message":"GET /api/v1/academy/domain/localhost:3000/pages/home 200 12.456 ms - 2089","timestamp":"2025-01-27 08:49:03"}
{"level":"info","message":"GET /api/v1/academy/domain/localhost:3000/pages/home 200 11.312 ms - 2089","timestamp":"2025-01-27 08:49:03"}
{"level":"error","statusCode":404,"timestamp":"2025-01-27 08:49:03"}
{"level":"info","message":"GET /api/v1/academy/domain/localhost:3000/pages/coach1.jpg 404 8.240 ms - 349","timestamp":"2025-01-27 08:49:03"}
{"level":"info","message":"GET /api/v1/navigation/domain/localhost:3000 200 10.988 ms - 2005","timestamp":"2025-01-27 08:49:03"}
{"level":"error","statusCode":404,"timestamp":"2025-01-27 08:49:03"}
{"level":"info","message":"GET /api/v1/academy/domain/localhost:3000/pages/coach1.jpg 404 12.065 ms - 349","timestamp":"2025-01-27 08:49:03"}
{"level":"error","statusCode":404,"timestamp":"2025-01-27 08:49:03"}
{"level":"info","message":"GET /api/v1/academy/domain/localhost:3000/pages/coach2.jpg 404 12.989 ms - 349","timestamp":"2025-01-27 08:49:03"}
{"level":"error","statusCode":404,"timestamp":"2025-01-27 08:49:03"}
{"level":"info","message":"GET /api/v1/academy/domain/localhost:3000/pages/coach2.jpg 404 12.608 ms - 349","timestamp":"2025-01-27 08:49:03"}
{"level":"info","message":"GET /api/v1/navigation/domain/localhost:3000 200 17.282 ms - 2005","timestamp":"2025-01-27 08:49:03"}
{"level":"info","message":"OPTIONS /api/v1/tasks 200 0.232 ms - -","timestamp":"2025-01-27 08:49:12"}
{"level":"info","message":"GET /api/v1/tasks 304 30.871 ms - -","timestamp":"2025-01-27 08:49:12"}
{"level":"info","message":"OPTIONS /api/v1/dashboard/student-stats 200 0.178 ms - -","timestamp":"2025-01-27 08:49:12"}
{"level":"info","message":"GET /api/v1/dashboard/student-stats 304 29.424 ms - -","timestamp":"2025-01-27 08:49:13"}
{"level":"info","message":"OPTIONS /api/v1/student/batchmates 200 0.126 ms - -","timestamp":"2025-01-27 08:49:13"}
{"level":"info","message":"GET /api/v1/student/batchmates 304 26.628 ms - -","timestamp":"2025-01-27 08:49:13"}
{"level":"info","message":"OPTIONS /api/v1/notifications 200 0.153 ms - -","timestamp":"2025-01-27 08:49:13"}
{"level":"info","message":"OPTIONS /api/v1/dashboard/student/chess-stats?startDate=2024-12-27&endDate=2025-01-27 200 0.140 ms - -","timestamp":"2025-01-27 08:49:13"}
{"level":"info","message":"OPTIONS /api/v1/events/student 200 0.103 ms - -","timestamp":"2025-01-27 08:49:13"}
{"level":"info","message":"OPTIONS /api/v1/quiz/student-attempts 200 0.120 ms - -","timestamp":"2025-01-27 08:49:13"}
{"level":"info","message":"GET /api/v1/notifications 200 15.844 ms - 591","timestamp":"2025-01-27 08:49:13"}
{"level":"info","message":"GET /api/v1/dashboard/student/chess-stats?startDate=2024-12-27&endDate=2025-01-27 304 19.120 ms - -","timestamp":"2025-01-27 08:49:13"}
{"level":"info","message":"GET /api/v1/quiz/student-attempts 304 20.102 ms - -","timestamp":"2025-01-27 08:49:13"}
{"level":"info","message":"GET /api/v1/events/student 304 26.453 ms - -","timestamp":"2025-01-27 08:49:13"}
{"level":"info","message":"OPTIONS /api/v1/notifications 200 0.152 ms - -","timestamp":"2025-01-27 08:50:14"}
{"level":"info","message":"GET /api/v1/notifications 304 15.532 ms - -","timestamp":"2025-01-27 08:50:14"}
{"level":"info","message":"OPTIONS /api/v1/notifications 200 0.196 ms - -","timestamp":"2025-01-27 08:51:14"}
{"level":"info","message":"GET /api/v1/notifications 304 15.614 ms - -","timestamp":"2025-01-27 08:51:14"}
{"level":"info","message":"Database connection successful","timestamp":"2025-01-27 08:51:29"}
{"level":"info","message":"Server is running on port 5000","timestamp":"2025-01-27 08:51:29"}
{"level":"info","message":"Initial origins update completed","timestamp":"2025-01-27 08:51:29"}
{"level":"info","message":"OPTIONS /api/v1/notifications 200 1.604 ms - -","timestamp":"2025-01-27 08:52:15"}
{"level":"info","message":"GET /api/v1/notifications 304 46.528 ms - -","timestamp":"2025-01-27 08:52:16"}
{"level":"info","message":"OPTIONS /api/v1/notifications 200 0.215 ms - -","timestamp":"2025-01-27 08:53:17"}
{"level":"info","message":"GET /api/v1/notifications 304 13.021 ms - -","timestamp":"2025-01-27 08:53:17"}
{"level":"info","message":"OPTIONS /api/v1/notifications 200 0.588 ms - -","timestamp":"2025-01-27 08:54:18"}
{"level":"info","message":"GET /api/v1/notifications 304 21.627 ms - -","timestamp":"2025-01-27 08:54:18"}
{"level":"info","message":"Database connection successful","timestamp":"2025-01-27 08:54:48"}
{"level":"info","message":"Server is running on port 5000","timestamp":"2025-01-27 08:54:48"}
{"level":"info","message":"Initial origins update completed","timestamp":"2025-01-27 08:54:48"}
{"level":"info","message":"Database connection successful","timestamp":"2025-01-27 08:54:52"}
{"level":"info","message":"Server is running on port 5000","timestamp":"2025-01-27 08:54:52"}
{"level":"info","message":"Initial origins update completed","timestamp":"2025-01-27 08:54:52"}
{"level":"info","message":"OPTIONS /api/v1/notifications 200 5.131 ms - -","timestamp":"2025-01-27 08:55:19"}
{"level":"info","message":"GET /api/v1/notifications 304 116.991 ms - -","timestamp":"2025-01-27 08:55:19"}
{"level":"info","message":"OPTIONS /api/v1/notifications 200 0.134 ms - -","timestamp":"2025-01-27 08:55:43"}
{"level":"info","message":"OPTIONS /api/v1/student/all-students 200 0.292 ms - -","timestamp":"2025-01-27 08:55:43"}
{"level":"info","message":"OPTIONS /api/v1/coach/all-coaches 200 0.119 ms - -","timestamp":"2025-01-27 08:55:43"}
{"level":"info","message":"OPTIONS /api/v1/batch/options 200 0.099 ms - -","timestamp":"2025-01-27 08:55:43"}
{"level":"info","message":"OPTIONS /api/v1/permission 200 0.122 ms - -","timestamp":"2025-01-27 08:55:43"}
{"level":"info","message":"GET /api/v1/notifications 200 142.306 ms - 2","timestamp":"2025-01-27 08:55:43"}
{"level":"info","message":"GET /api/v1/permission 304 122.193 ms - -","timestamp":"2025-01-27 08:55:43"}
{"level":"info","message":"GET /api/v1/student/all-students 304 152.861 ms - -","timestamp":"2025-01-27 08:55:43"}
{"level":"info","message":"GET /api/v1/coach/all-coaches 304 148.272 ms - -","timestamp":"2025-01-27 08:55:43"}
{"level":"info","message":"GET /api/v1/batch/options 304 156.589 ms - -","timestamp":"2025-01-27 08:55:43"}
{"level":"info","message":"OPTIONS /api/v1/notifications 200 0.243 ms - -","timestamp":"2025-01-27 08:56:20"}
{"level":"info","message":"GET /api/v1/notifications 200 113.477 ms - 591","timestamp":"2025-01-27 08:56:20"}
{"level":"info","message":"OPTIONS /api/v1/auth/login-with-password 200 0.948 ms - -","timestamp":"2025-01-27 08:56:41"}
{"level":"info","message":"POST /api/v1/auth/login-with-password 200 445.607 ms - 897","timestamp":"2025-01-27 08:56:42"}
{"level":"info","message":"OPTIONS /api/v1/notifications 200 0.282 ms - -","timestamp":"2025-01-27 08:56:42"}
{"level":"info","message":"OPTIONS /api/v1/dashboard 200 0.258 ms - -","timestamp":"2025-01-27 08:56:42"}
{"level":"info","message":"OPTIONS /api/v1/permission 200 0.281 ms - -","timestamp":"2025-01-27 08:56:42"}
{"level":"info","message":"GET /api/v1/notifications 200 72.402 ms - 2","timestamp":"2025-01-27 08:56:42"}
{"level":"info","message":"GET /api/v1/permission 200 39.402 ms - 1953","timestamp":"2025-01-27 08:56:42"}
{"level":"info","message":"GET /api/v1/dashboard 403 69.609 ms - 96","timestamp":"2025-01-27 08:56:42"}
{"level":"info","message":"OPTIONS /api/v1/quiz?page=1&limit=10&search= 200 0.289 ms - -","timestamp":"2025-01-27 08:56:44"}
{"level":"info","message":"GET /api/v1/quiz?page=1&limit=10&search= 200 132.430 ms - 2","timestamp":"2025-01-27 08:56:44"}
{"level":"info","message":"OPTIONS /api/v1/quiz 200 0.345 ms - -","timestamp":"2025-01-27 08:56:55"}
{"level":"info","message":"POST /api/v1/quiz 201 223.153 ms - 666","timestamp":"2025-01-27 08:56:55"}
{"level":"info","message":"OPTIONS /api/v1/quiz?page=1&limit=10&search= 200 0.249 ms - -","timestamp":"2025-01-27 08:56:55"}
{"level":"info","message":"GET /api/v1/quiz?page=1&limit=10&search= 200 29.518 ms - 1373","timestamp":"2025-01-27 08:56:55"}
{"level":"info","message":"OPTIONS /api/v1/student/all-students 200 0.579 ms - -","timestamp":"2025-01-27 08:57:15"}
{"level":"info","message":"GET /api/v1/student/all-students 200 164.468 ms - 5342","timestamp":"2025-01-27 08:57:15"}
{"level":"info","message":"OPTIONS /api/v1/quiz/assign 200 0.322 ms - -","timestamp":"2025-01-27 08:57:18"}
{"level":"info","message":"POST /api/v1/quiz/assign 201 70.556 ms - 1835","timestamp":"2025-01-27 08:57:18"}
{"level":"info","message":"OPTIONS /api/v1/quiz?page=1&limit=10&search= 200 0.206 ms - -","timestamp":"2025-01-27 08:57:18"}
{"level":"info","message":"GET /api/v1/quiz?page=1&limit=10&search= 200 28.100 ms - 1996","timestamp":"2025-01-27 08:57:18"}
{"level":"info","message":"OPTIONS /api/v1/notifications 200 0.178 ms - -","timestamp":"2025-01-27 08:57:21"}
{"level":"info","message":"GET /api/v1/notifications 304 13.334 ms - -","timestamp":"2025-01-27 08:57:21"}
{"level":"info","message":"OPTIONS /api/v1/tasks 200 0.179 ms - -","timestamp":"2025-01-27 08:57:36"}
{"level":"info","message":"OPTIONS /api/v1/dashboard/student-stats 200 0.071 ms - -","timestamp":"2025-01-27 08:57:36"}
{"level":"info","message":"OPTIONS /api/v1/student/batchmates 200 0.086 ms - -","timestamp":"2025-01-27 08:57:36"}
{"level":"info","message":"GET /api/v1/student/batchmates 304 39.623 ms - -","timestamp":"2025-01-27 08:57:36"}
{"level":"info","message":"GET /api/v1/tasks 200 98.489 ms - 2948","timestamp":"2025-01-27 08:57:36"}
{"level":"info","message":"GET /api/v1/dashboard/student-stats 304 107.375 ms - -","timestamp":"2025-01-27 08:57:36"}
{"level":"info","message":"OPTIONS /api/v1/notifications 200 0.107 ms - -","timestamp":"2025-01-27 08:57:36"}
{"level":"info","message":"GET /api/v1/notifications 304 6.303 ms - -","timestamp":"2025-01-27 08:57:36"}
{"level":"info","message":"OPTIONS /api/v1/dashboard/student/chess-stats?startDate=2024-12-27&endDate=2025-01-27 200 0.079 ms - -","timestamp":"2025-01-27 08:57:37"}
{"level":"info","message":"OPTIONS /api/v1/events/student 200 0.094 ms - -","timestamp":"2025-01-27 08:57:37"}
{"level":"info","message":"OPTIONS /api/v1/quiz/student-attempts 200 0.074 ms - -","timestamp":"2025-01-27 08:57:37"}
{"level":"info","message":"GET /api/v1/dashboard/student/chess-stats?startDate=2024-12-27&endDate=2025-01-27 304 15.050 ms - -","timestamp":"2025-01-27 08:57:37"}
{"level":"info","message":"GET /api/v1/quiz/student-attempts 304 13.553 ms - -","timestamp":"2025-01-27 08:57:37"}
{"level":"info","message":"GET /api/v1/events/student 304 19.191 ms - -","timestamp":"2025-01-27 08:57:37"}
{"level":"info","message":"GET /api/v1/academy/domain/chess-in-chunks/pages/home 200 68.129 ms - 2089","timestamp":"2025-01-27 08:57:42"}
{"level":"info","message":"GET /api/v1/academy/domain/chess-in-chunks/pages/home 200 61.182 ms - 2089","timestamp":"2025-01-27 08:57:42"}
{"level":"info","message":"GET /api/v1/navigation/domain/chess-in-chunks 200 65.208 ms - 2005","timestamp":"2025-01-27 08:57:42"}
{"level":"error","statusCode":404,"timestamp":"2025-01-27 08:57:42"}
{"level":"info","message":"GET /api/v1/academy/domain/chess-in-chunks/pages/coach1.jpg 404 16.883 ms - 349","timestamp":"2025-01-27 08:57:42"}
{"level":"info","message":"GET /api/v1/navigation/domain/chess-in-chunks 200 20.236 ms - 2005","timestamp":"2025-01-27 08:57:42"}
{"level":"error","statusCode":404,"timestamp":"2025-01-27 08:57:42"}
{"level":"info","message":"GET /api/v1/academy/domain/chess-in-chunks/pages/coach1.jpg 404 7.456 ms - 349","timestamp":"2025-01-27 08:57:42"}
{"level":"error","statusCode":404,"timestamp":"2025-01-27 08:57:42"}
{"level":"info","message":"GET /api/v1/academy/domain/chess-in-chunks/pages/coach2.jpg 404 5.512 ms - 349","timestamp":"2025-01-27 08:57:42"}
{"level":"error","statusCode":404,"timestamp":"2025-01-27 08:57:42"}
{"level":"info","message":"GET /api/v1/academy/domain/chess-in-chunks/pages/coach2.jpg 404 5.345 ms - 349","timestamp":"2025-01-27 08:57:42"}
{"level":"info","message":"GET /api/v1/navigation/domain/chess-in-chunks 200 10.479 ms - 2005","timestamp":"2025-01-27 08:57:42"}
{"level":"error","statusCode":404,"timestamp":"2025-01-27 08:57:44"}
{"level":"info","message":"GET /api/v1/academy/domain/chess-in-chunks/pages/coach1.jpg 404 33.478 ms - 349","timestamp":"2025-01-27 08:57:44"}
{"level":"error","statusCode":404,"timestamp":"2025-01-27 08:57:44"}
{"level":"info","message":"GET /api/v1/academy/domain/chess-in-chunks/pages/coach2.jpg 404 24.671 ms - 349","timestamp":"2025-01-27 08:57:44"}
{"level":"error","statusCode":404,"timestamp":"2025-01-27 08:57:44"}
{"level":"info","message":"GET /api/v1/academy/domain/chess-in-chunks/pages/coach1.jpg 404 49.630 ms - 349","timestamp":"2025-01-27 08:57:44"}
{"level":"info","message":"GET /api/v1/navigation/domain/chess-in-chunks 200 46.005 ms - 2005","timestamp":"2025-01-27 08:57:44"}
{"level":"error","statusCode":404,"timestamp":"2025-01-27 08:57:44"}
{"level":"info","message":"GET /api/v1/academy/domain/chess-in-chunks/pages/coach2.jpg 404 41.544 ms - 349","timestamp":"2025-01-27 08:57:44"}
{"level":"info","message":"GET /api/v1/navigation/domain/chess-in-chunks 200 47.610 ms - 2005","timestamp":"2025-01-27 08:57:44"}
{"level":"info","message":"OPTIONS /api/v1/quiz 200 0.268 ms - -","timestamp":"2025-01-27 08:57:59"}
{"level":"info","message":"POST /api/v1/quiz 201 170.496 ms - 665","timestamp":"2025-01-27 08:57:59"}
{"level":"info","message":"OPTIONS /api/v1/quiz?page=1&limit=10&search= 200 0.201 ms - -","timestamp":"2025-01-27 08:57:59"}
{"level":"info","message":"GET /api/v1/quiz?page=1&limit=10&search= 200 28.317 ms - 3367","timestamp":"2025-01-27 08:57:59"}
{"level":"info","message":"OPTIONS /api/v1/auth/check-mfa 200 0.243 ms - -","timestamp":"2025-01-27 08:58:33"}
{"level":"info","message":"POST /api/v1/auth/check-mfa 200 213.396 ms - 50","timestamp":"2025-01-27 08:58:33"}
{"level":"info","message":"POST /api/v1/auth/login-with-password 200 240.823 ms - 856","timestamp":"2025-01-27 08:58:33"}
{"level":"info","message":"OPTIONS /api/v1/notifications 200 0.233 ms - -","timestamp":"2025-01-27 08:58:36"}
{"level":"info","message":"GET /api/v1/notifications 200 11.353 ms - 2","timestamp":"2025-01-27 08:58:36"}
{"level":"info","message":"OPTIONS /api/v1/tasks 200 0.172 ms - -","timestamp":"2025-01-27 08:58:36"}
{"level":"info","message":"GET /api/v1/tasks 200 16.941 ms - 2","timestamp":"2025-01-27 08:58:36"}
{"level":"info","message":"OPTIONS /api/v1/dashboard/student-stats 200 0.154 ms - -","timestamp":"2025-01-27 08:58:36"}
{"level":"info","message":"GET /api/v1/dashboard/student-stats 304 22.329 ms - -","timestamp":"2025-01-27 08:58:36"}
{"level":"info","message":"OPTIONS /api/v1/student/batchmates 200 0.175 ms - -","timestamp":"2025-01-27 08:58:36"}
{"level":"info","message":"OPTIONS /api/v1/dashboard/student/chess-stats?startDate=2024-12-27&endDate=2025-01-27 200 0.315 ms - -","timestamp":"2025-01-27 08:58:36"}
{"level":"info","message":"GET /api/v1/dashboard/student/chess-stats?startDate=2024-12-27&endDate=2025-01-27 200 22.239 ms - 373","timestamp":"2025-01-27 08:58:36"}
{"level":"info","message":"GET /api/v1/student/batchmates 200 35.236 ms - 3664","timestamp":"2025-01-27 08:58:36"}
{"level":"info","message":"OPTIONS /api/v1/events/student 200 0.173 ms - -","timestamp":"2025-01-27 08:58:37"}
{"level":"info","message":"GET /api/v1/events/student 304 23.735 ms - -","timestamp":"2025-01-27 08:58:37"}
{"level":"info","message":"OPTIONS /api/v1/quiz/student-attempts 200 0.199 ms - -","timestamp":"2025-01-27 08:58:37"}
{"level":"info","message":"GET /api/v1/quiz/student-attempts 304 15.140 ms - -","timestamp":"2025-01-27 08:58:37"}
{"level":"info","message":"GET /api/v1/academy/domain/chess-in-chunks/pages/home 200 8.304 ms - 2089","timestamp":"2025-01-27 08:58:45"}
{"level":"info","message":"GET /api/v1/navigation/domain/chess-in-chunks 200 8.667 ms - 2005","timestamp":"2025-01-27 08:58:45"}
{"level":"info","message":"GET /api/v1/academy/domain/chess-in-chunks/pages/home 200 9.195 ms - 2089","timestamp":"2025-01-27 08:58:45"}
{"level":"error","statusCode":404,"timestamp":"2025-01-27 08:58:45"}
{"level":"info","message":"GET /api/v1/academy/domain/chess-in-chunks/pages/coach1.jpg 404 6.134 ms - 349","timestamp":"2025-01-27 08:58:45"}
{"level":"info","message":"GET /api/v1/navigation/domain/chess-in-chunks 200 12.162 ms - 2005","timestamp":"2025-01-27 08:58:45"}
{"level":"error","statusCode":404,"timestamp":"2025-01-27 08:58:45"}
{"level":"info","message":"GET /api/v1/academy/domain/chess-in-chunks/pages/coach1.jpg 404 7.767 ms - 349","timestamp":"2025-01-27 08:58:45"}
{"level":"error","statusCode":404,"timestamp":"2025-01-27 08:58:45"}
{"level":"info","message":"GET /api/v1/academy/domain/chess-in-chunks/pages/coach2.jpg 404 8.410 ms - 349","timestamp":"2025-01-27 08:58:45"}
{"level":"error","statusCode":404,"timestamp":"2025-01-27 08:58:45"}
{"level":"info","message":"GET /api/v1/academy/domain/chess-in-chunks/pages/coach2.jpg 404 7.449 ms - 349","timestamp":"2025-01-27 08:58:45"}
{"level":"info","message":"GET /api/v1/navigation/domain/chess-in-chunks 200 13.977 ms - 2005","timestamp":"2025-01-27 08:58:45"}
{"level":"error","statusCode":404,"timestamp":"2025-01-27 08:58:47"}
{"level":"info","message":"GET /api/v1/academy/domain/chess-in-chunks/pages/coach1.jpg 404 5.713 ms - 349","timestamp":"2025-01-27 08:58:47"}
{"level":"info","message":"GET /api/v1/navigation/domain/chess-in-chunks 200 9.775 ms - 2005","timestamp":"2025-01-27 08:58:47"}
{"level":"error","statusCode":404,"timestamp":"2025-01-27 08:58:47"}
{"level":"info","message":"GET /api/v1/academy/domain/chess-in-chunks/pages/coach1.jpg 404 7.585 ms - 349","timestamp":"2025-01-27 08:58:47"}
{"level":"error","statusCode":404,"timestamp":"2025-01-27 08:58:47"}
{"level":"info","message":"GET /api/v1/academy/domain/chess-in-chunks/pages/coach2.jpg 404 7.283 ms - 349","timestamp":"2025-01-27 08:58:47"}
{"level":"error","statusCode":404,"timestamp":"2025-01-27 08:58:47"}
{"level":"info","message":"GET /api/v1/academy/domain/chess-in-chunks/pages/coach2.jpg 404 5.396 ms - 349","timestamp":"2025-01-27 08:58:47"}
{"level":"info","message":"GET /api/v1/navigation/domain/chess-in-chunks 200 9.380 ms - 2005","timestamp":"2025-01-27 08:58:47"}
{"level":"info","message":"OPTIONS /api/v1/invitation/all-invitations?page=1&limit=1000&query= 200 0.210 ms - -","timestamp":"2025-01-27 08:59:20"}
{"level":"info","message":"GET /api/v1/invitation/all-invitations?page=1&limit=1000&query= 304 29.937 ms - -","timestamp":"2025-01-27 08:59:20"}
{"level":"info","message":"OPTIONS /api/v1/dashboard 200 0.164 ms - -","timestamp":"2025-01-27 08:59:21"}
{"level":"info","message":"GET /api/v1/dashboard 304 41.917 ms - -","timestamp":"2025-01-27 08:59:21"}
{"level":"info","message":"OPTIONS /api/v1/academy-programs?page=1&limit=10&search= 200 0.151 ms - -","timestamp":"2025-01-27 08:59:24"}
{"level":"info","message":"GET /api/v1/academy-programs?page=1&limit=10&search= 304 37.814 ms - -","timestamp":"2025-01-27 08:59:24"}
{"level":"info","message":"OPTIONS /api/v1/user/profile/8230d585-2d2c-4e71-9008-daf84804ede7 200 0.298 ms - -","timestamp":"2025-01-27 08:59:29"}
{"level":"error","timestamp":"2025-01-27 08:59:29"}
{"level":"info","message":"GET /api/v1/user/profile/8230d585-2d2c-4e71-9008-daf84804ede7 500 25.972 ms - 382","timestamp":"2025-01-27 08:59:29"}
{"level":"info","message":"OPTIONS /api/v1/auth/login-with-password 200 0.216 ms - -","timestamp":"2025-01-27 08:59:40"}
{"level":"info","message":"POST /api/v1/auth/login-with-password 200 227.944 ms - 498","timestamp":"2025-01-27 08:59:40"}
{"level":"info","message":"OPTIONS /api/v1/notifications 200 0.186 ms - -","timestamp":"2025-01-27 08:59:45"}
{"level":"info","message":"OPTIONS /api/v1/dashboard 200 0.178 ms - -","timestamp":"2025-01-27 08:59:45"}
{"level":"info","message":"OPTIONS /api/v1/permission 200 0.161 ms - -","timestamp":"2025-01-27 08:59:45"}
{"level":"info","message":"GET /api/v1/notifications 304 12.696 ms - -","timestamp":"2025-01-27 08:59:45"}
{"level":"info","message":"GET /api/v1/permission 200 17.285 ms - 1122","timestamp":"2025-01-27 08:59:45"}
{"level":"info","message":"GET /api/v1/dashboard 200 37.289 ms - 115","timestamp":"2025-01-27 08:59:45"}
{"level":"info","message":"OPTIONS /api/v1/batch/options 200 0.181 ms - -","timestamp":"2025-01-27 08:59:47"}
{"level":"info","message":"OPTIONS /api/v1/superadmin/all-academies?page=1&limit=10&query= 200 0.198 ms - -","timestamp":"2025-01-27 08:59:47"}
{"level":"info","message":"OPTIONS /api/v1/user/all-users?page=1&limit=10&query= 200 0.176 ms - -","timestamp":"2025-01-27 08:59:47"}
{"level":"info","message":"GET /api/v1/user/all-users?page=1&limit=10&query= 403 23.057 ms - 96","timestamp":"2025-01-27 08:59:48"}
{"level":"info","message":"GET /api/v1/batch/options 304 37.274 ms - -","timestamp":"2025-01-27 08:59:48"}
{"level":"info","message":"GET /api/v1/superadmin/all-academies?page=1&limit=10&query= 200 37.377 ms - 398","timestamp":"2025-01-27 08:59:48"}
{"level":"info","message":"OPTIONS /api/v1/notifications 200 0.269 ms - -","timestamp":"2025-01-27 08:59:54"}
{"level":"info","message":"OPTIONS /api/v1/batch/options 200 0.253 ms - -","timestamp":"2025-01-27 08:59:54"}
{"level":"info","message":"OPTIONS /api/v1/superadmin/all-academies?page=1&limit=10&query= 200 0.174 ms - -","timestamp":"2025-01-27 08:59:54"}
{"level":"info","message":"OPTIONS /api/v1/user/all-users?page=1&limit=10&query= 200 0.150 ms - -","timestamp":"2025-01-27 08:59:54"}
{"level":"info","message":"OPTIONS /api/v1/permission 200 0.143 ms - -","timestamp":"2025-01-27 08:59:54"}
{"level":"info","message":"GET /api/v1/notifications 304 36.964 ms - -","timestamp":"2025-01-27 08:59:54"}
{"level":"info","message":"GET /api/v1/user/all-users?page=1&limit=10&query= 403 49.495 ms - 96","timestamp":"2025-01-27 08:59:54"}
{"level":"info","message":"GET /api/v1/permission 304 37.563 ms - -","timestamp":"2025-01-27 08:59:54"}
{"level":"info","message":"GET /api/v1/batch/options 304 47.638 ms - -","timestamp":"2025-01-27 08:59:54"}
{"level":"info","message":"GET /api/v1/superadmin/all-academies?page=1&limit=10&query= 304 52.289 ms - -","timestamp":"2025-01-27 08:59:54"}
{"level":"info","message":"Running expired signups check cron job","timestamp":"2025-01-27 09:00:00"}
{"level":"info","message":"Processed 0 expired signups","timestamp":"2025-01-27 09:00:00"}
{"level":"info","message":"OPTIONS /api/v1/notifications 200 3.042 ms - -","timestamp":"2025-01-27 09:00:10"}
{"level":"info","message":"OPTIONS /api/v1/batch/options 200 3.257 ms - -","timestamp":"2025-01-27 09:00:11"}
{"level":"info","message":"OPTIONS /api/v1/superadmin/all-academies?page=1&limit=10&query= 200 0.846 ms - -","timestamp":"2025-01-27 09:00:11"}
{"level":"info","message":"OPTIONS /api/v1/user/all-users?page=1&limit=10&query= 200 0.234 ms - -","timestamp":"2025-01-27 09:00:12"}
{"level":"info","message":"OPTIONS /api/v1/permission 200 0.198 ms - -","timestamp":"2025-01-27 09:00:12"}
{"level":"info","message":"GET /api/v1/notifications 304 277.180 ms - -","timestamp":"2025-01-27 09:00:13"}
{"level":"info","message":"GET /api/v1/user/all-users?page=1&limit=10&query= 403 235.829 ms - 96","timestamp":"2025-01-27 09:00:13"}
{"level":"info","message":"GET /api/v1/batch/options 304 328.441 ms - -","timestamp":"2025-01-27 09:00:14"}
{"level":"info","message":"GET /api/v1/superadmin/all-academies?page=1&limit=10&query= 304 512.360 ms - -","timestamp":"2025-01-27 09:00:14"}
{"level":"info","message":"GET /api/v1/permission 304 189.909 ms - -","timestamp":"2025-01-27 09:00:14"}
{"level":"info","message":"OPTIONS /api/v1/superadmin/all-academies?page=1&limit=10&query= 200 0.257 ms - -","timestamp":"2025-01-27 09:00:41"}
{"level":"info","message":"GET /api/v1/superadmin/all-academies?page=1&limit=10&query= 304 73.043 ms - -","timestamp":"2025-01-27 09:00:41"}
{"level":"info","message":"OPTIONS /api/v1/notifications 200 0.148 ms - -","timestamp":"2025-01-27 09:00:43"}
{"level":"info","message":"OPTIONS /api/v1/permission 200 0.216 ms - -","timestamp":"2025-01-27 09:00:43"}
{"level":"info","message":"GET /api/v1/notifications 304 17.279 ms - -","timestamp":"2025-01-27 09:00:43"}
{"level":"info","message":"GET /api/v1/permission 304 16.144 ms - -","timestamp":"2025-01-27 09:00:43"}
{"level":"info","message":"GET /api/v1/superadmin/all-academies?page=1&limit=10&query= 304 42.277 ms - -","timestamp":"2025-01-27 09:00:43"}
{"level":"info","message":"OPTIONS /api/v1/batch/options 200 0.189 ms - -","timestamp":"2025-01-27 09:00:45"}
{"level":"info","message":"OPTIONS /api/v1/user/all-users?page=1&limit=10&query= 200 2.585 ms - -","timestamp":"2025-01-27 09:00:45"}
{"level":"info","message":"GET /api/v1/user/all-users?page=1&limit=10&query= 403 20.224 ms - 96","timestamp":"2025-01-27 09:00:45"}
{"level":"info","message":"GET /api/v1/superadmin/all-academies?page=1&limit=10&query= 304 36.602 ms - -","timestamp":"2025-01-27 09:00:45"}
{"level":"info","message":"GET /api/v1/batch/options 304 35.470 ms - -","timestamp":"2025-01-27 09:00:45"}
{"level":"info","message":"OPTIONS /api/v1/superadmin/all-academies?page=1&limit=10&query= 200 0.169 ms - -","timestamp":"2025-01-27 09:00:47"}
{"level":"info","message":"GET /api/v1/notifications 304 27.028 ms - -","timestamp":"2025-01-27 09:00:47"}
{"level":"info","message":"GET /api/v1/permission 304 26.579 ms - -","timestamp":"2025-01-27 09:00:47"}
{"level":"info","message":"GET /api/v1/user/all-users?page=1&limit=10&query= 403 39.853 ms - 96","timestamp":"2025-01-27 09:00:47"}
{"level":"info","message":"GET /api/v1/batch/options 304 41.451 ms - -","timestamp":"2025-01-27 09:00:47"}
{"level":"info","message":"GET /api/v1/superadmin/all-academies?page=1&limit=10&query= 304 36.032 ms - -","timestamp":"2025-01-27 09:00:47"}
{"level":"info","message":"Database connection successful","timestamp":"2025-01-27 09:01:27"}
{"level":"info","message":"Server is running on port 5000","timestamp":"2025-01-27 09:01:27"}
{"level":"info","message":"Initial origins update completed","timestamp":"2025-01-27 09:01:27"}
{"level":"info","message":"OPTIONS /api/v1/notifications 200 1.453 ms - -","timestamp":"2025-01-27 09:01:28"}
{"level":"info","message":"OPTIONS /api/v1/batch/options 200 0.429 ms - -","timestamp":"2025-01-27 09:01:28"}
{"level":"info","message":"OPTIONS /api/v1/superadmin/all-academies?page=1&limit=10&query= 200 0.383 ms - -","timestamp":"2025-01-27 09:01:28"}
{"level":"info","message":"OPTIONS /api/v1/user/all-users?page=1&limit=10&query= 200 0.245 ms - -","timestamp":"2025-01-27 09:01:28"}
{"level":"info","message":"OPTIONS /api/v1/permission 200 0.194 ms - -","timestamp":"2025-01-27 09:01:28"}
{"level":"info","message":"GET /api/v1/notifications 304 47.823 ms - -","timestamp":"2025-01-27 09:01:29"}
{"level":"info","message":"GET /api/v1/batch/options 304 46.561 ms - -","timestamp":"2025-01-27 09:01:29"}
{"level":"info","message":"GET /api/v1/user/all-users?page=1&limit=10&query= 200 64.568 ms - 3022","timestamp":"2025-01-27 09:01:29"}
{"level":"info","message":"GET /api/v1/permission 304 28.087 ms - -","timestamp":"2025-01-27 09:01:29"}
{"level":"info","message":"GET /api/v1/superadmin/all-academies?page=1&limit=10&query= 304 53.776 ms - -","timestamp":"2025-01-27 09:01:29"}
{"level":"info","message":"OPTIONS /api/v1/superadmin/all-academies?page=1&limit=10&query= 200 0.257 ms - -","timestamp":"2025-01-27 09:10:09"}
{"level":"info","message":"OPTIONS /api/v1/user/all-users?page=1&limit=10&query= 200 0.236 ms - -","timestamp":"2025-01-27 09:10:09"}
{"level":"info","message":"GET /api/v1/superadmin/all-academies?page=1&limit=10&query= 304 44.646 ms - -","timestamp":"2025-01-27 09:10:09"}
{"level":"info","message":"GET /api/v1/user/all-users?page=1&limit=10&query= 304 46.580 ms - -","timestamp":"2025-01-27 09:10:09"}
{"level":"info","message":"GET /api/v1/superadmin/all-academies?page=1&limit=10&query= 304 31.764 ms - -","timestamp":"2025-01-27 09:10:11"}
{"level":"info","message":"GET /api/v1/user/all-users?page=1&limit=10&query= 304 31.036 ms - -","timestamp":"2025-01-27 09:10:11"}
{"level":"info","message":"OPTIONS /api/v1/user/all-users?page=1&limit=10&query= 200 0.205 ms - -","timestamp":"2025-01-27 09:11:52"}
{"level":"info","message":"GET /api/v1/user/all-users?page=1&limit=10&query= 304 34.430 ms - -","timestamp":"2025-01-27 09:11:52"}
{"level":"info","message":"GET /api/v1/user/all-users?page=1&limit=10&query= 304 29.200 ms - -","timestamp":"2025-01-27 09:11:53"}
{"level":"info","message":"GET /api/v1/user/all-users?page=1&limit=10&query= 304 27.727 ms - -","timestamp":"2025-01-27 09:11:54"}
{"level":"info","message":"GET /api/v1/user/all-users?page=1&limit=10&query= 304 30.020 ms - -","timestamp":"2025-01-27 09:11:55"}
{"level":"info","message":"OPTIONS /api/v1/superadmin/all-academies?page=1&limit=10&query= 200 0.364 ms - -","timestamp":"2025-01-27 09:12:05"}
{"level":"info","message":"OPTIONS /api/v1/user/all-users?page=1&limit=10&query= 200 0.362 ms - -","timestamp":"2025-01-27 09:12:05"}
{"level":"info","message":"GET /api/v1/superadmin/all-academies?page=1&limit=10&query= 304 32.858 ms - -","timestamp":"2025-01-27 09:12:05"}
{"level":"info","message":"GET /api/v1/user/all-users?page=1&limit=10&query= 304 34.331 ms - -","timestamp":"2025-01-27 09:12:05"}
{"level":"info","message":"OPTIONS /api/v1/superadmin/all-academies?page=1&limit=10&query= 200 0.189 ms - -","timestamp":"2025-01-27 09:12:13"}
{"level":"info","message":"OPTIONS /api/v1/user/all-users?page=1&limit=10&query= 200 0.261 ms - -","timestamp":"2025-01-27 09:12:13"}
{"level":"info","message":"GET /api/v1/superadmin/all-academies?page=1&limit=10&query= 304 29.752 ms - -","timestamp":"2025-01-27 09:12:13"}
{"level":"info","message":"GET /api/v1/user/all-users?page=1&limit=10&query= 304 29.913 ms - -","timestamp":"2025-01-27 09:12:13"}
{"level":"info","message":"GET /api/v1/superadmin/all-academies?page=1&limit=10&query= 304 26.197 ms - -","timestamp":"2025-01-27 09:12:14"}
{"level":"info","message":"GET /api/v1/user/all-users?page=1&limit=10&query= 304 30.683 ms - -","timestamp":"2025-01-27 09:12:14"}
{"level":"info","message":"OPTIONS /api/v1/superadmin/all-academies?page=1&limit=10&query= 200 0.252 ms - -","timestamp":"2025-01-27 09:12:22"}
{"level":"info","message":"OPTIONS /api/v1/user/all-users?page=1&limit=10&query= 200 0.361 ms - -","timestamp":"2025-01-27 09:12:22"}
{"level":"info","message":"GET /api/v1/superadmin/all-academies?page=1&limit=10&query= 304 34.494 ms - -","timestamp":"2025-01-27 09:12:22"}
{"level":"info","message":"GET /api/v1/user/all-users?page=1&limit=10&query= 304 37.783 ms - -","timestamp":"2025-01-27 09:12:22"}
{"level":"info","message":"GET /api/v1/superadmin/all-academies?page=1&limit=10&query= 304 25.056 ms - -","timestamp":"2025-01-27 09:12:27"}
{"level":"info","message":"GET /api/v1/user/all-users?page=1&limit=10&query= 304 29.270 ms - -","timestamp":"2025-01-27 09:12:27"}
{"level":"info","message":"OPTIONS /api/v1/superadmin/all-academies?page=1&limit=10&query= 200 0.178 ms - -","timestamp":"2025-01-27 09:12:31"}
{"level":"info","message":"OPTIONS /api/v1/user/all-users?page=1&limit=10&query= 200 0.211 ms - -","timestamp":"2025-01-27 09:12:31"}
{"level":"info","message":"GET /api/v1/superadmin/all-academies?page=1&limit=10&query= 304 33.974 ms - -","timestamp":"2025-01-27 09:12:31"}
{"level":"info","message":"GET /api/v1/user/all-users?page=1&limit=10&query= 304 37.383 ms - -","timestamp":"2025-01-27 09:12:31"}
{"level":"info","message":"OPTIONS /api/v1/superadmin/all-academies?page=1&limit=10&query= 200 0.140 ms - -","timestamp":"2025-01-27 09:12:40"}
{"level":"info","message":"OPTIONS /api/v1/user/all-users?page=1&limit=10&query= 200 0.119 ms - -","timestamp":"2025-01-27 09:12:40"}
{"level":"info","message":"GET /api/v1/superadmin/all-academies?page=1&limit=10&query= 304 12.273 ms - -","timestamp":"2025-01-27 09:12:40"}
{"level":"info","message":"GET /api/v1/user/all-users?page=1&limit=10&query= 304 13.927 ms - -","timestamp":"2025-01-27 09:12:40"}
{"level":"info","message":"OPTIONS /api/v1/superadmin/all-academies?page=1&limit=10&query= 200 0.597 ms - -","timestamp":"2025-01-27 09:19:47"}
{"level":"info","message":"OPTIONS /api/v1/user/all-users?page=1&limit=10&query= 200 2.482 ms - -","timestamp":"2025-01-27 09:19:47"}
{"level":"info","message":"GET /api/v1/superadmin/all-academies?page=1&limit=10&query= 304 147.986 ms - -","timestamp":"2025-01-27 09:19:48"}
{"level":"info","message":"GET /api/v1/user/all-users?page=1&limit=10&query= 304 123.867 ms - -","timestamp":"2025-01-27 09:19:48"}
{"level":"info","message":"Database connection successful","timestamp":"2025-01-27 09:22:22"}
{"level":"info","message":"Server is running on port 5000","timestamp":"2025-01-27 09:22:22"}
{"level":"info","message":"Initial origins update completed","timestamp":"2025-01-27 09:22:22"}
{"level":"info","message":"Database connection successful","timestamp":"2025-01-27 09:22:30"}
{"level":"info","message":"Server is running on port 5000","timestamp":"2025-01-27 09:22:30"}
{"level":"info","message":"Initial origins update completed","timestamp":"2025-01-27 09:22:30"}
{"level":"info","message":"OPTIONS /api/v1/user/all-users?page=1&limit=10&query= 200 3.305 ms - -","timestamp":"2025-01-27 09:22:39"}
{"level":"info","message":"GET /api/v1/user/all-users?page=1&limit=10&query= 304 129.352 ms - -","timestamp":"2025-01-27 09:22:40"}
{"level":"info","message":"OPTIONS /api/v1/user/all-users?page=1&limit=10&query= 200 0.357 ms - -","timestamp":"2025-01-27 09:22:47"}
{"level":"info","message":"GET /api/v1/user/all-users?page=1&limit=10&query= 304 135.734 ms - -","timestamp":"2025-01-27 09:22:48"}
{"level":"info","message":"GET /api/v1/user/all-users?page=1&limit=10&query= 304 64.127 ms - -","timestamp":"2025-01-27 09:22:49"}
{"level":"info","message":"OPTIONS /api/v1/notifications 200 0.491 ms - -","timestamp":"2025-01-27 09:22:57"}
{"level":"info","message":"OPTIONS /api/v1/batch/options 200 0.255 ms - -","timestamp":"2025-01-27 09:22:57"}
{"level":"info","message":"OPTIONS /api/v1/superadmin/all-academies?page=1&limit=10&query= 200 0.287 ms - -","timestamp":"2025-01-27 09:22:57"}
{"level":"info","message":"OPTIONS /api/v1/user/all-users?page=1&limit=10&query=&roles= 200 0.218 ms - -","timestamp":"2025-01-27 09:22:57"}
{"level":"info","message":"OPTIONS /api/v1/permission 200 2.481 ms - -","timestamp":"2025-01-27 09:22:57"}
{"level":"info","message":"GET /api/v1/permission 304 89.333 ms - -","timestamp":"2025-01-27 09:22:57"}
{"level":"info","message":"GET /api/v1/notifications 304 185.847 ms - -","timestamp":"2025-01-27 09:22:57"}
{"level":"info","message":"GET /api/v1/batch/options 304 133.643 ms - -","timestamp":"2025-01-27 09:22:57"}
{"level":"info","message":"GET /api/v1/superadmin/all-academies?page=1&limit=10&query= 304 147.827 ms - -","timestamp":"2025-01-27 09:22:57"}
{"level":"info","message":"GET /api/v1/user/all-users?page=1&limit=10&query=&roles= 200 141.949 ms - 3022","timestamp":"2025-01-27 09:22:57"}
{"level":"info","message":"OPTIONS /api/v1/user/all-users?page=1&limit=10&query=&roles=ADMIN 200 0.711 ms - -","timestamp":"2025-01-27 09:23:01"}
{"clientVersion":"5.20.0","level":"error","name":"PrismaClientValidationError","timestamp":"2025-01-27 09:23:01"}
{"level":"info","message":"GET /api/v1/user/all-users?page=1&limit=10&query=&roles=ADMIN 500 255.914 ms - 3009","timestamp":"2025-01-27 09:23:01"}
{"level":"info","message":"Database connection successful","timestamp":"2025-01-27 09:24:33"}
{"level":"info","message":"Server is running on port 5000","timestamp":"2025-01-27 09:24:33"}
{"level":"info","message":"Initial origins update completed","timestamp":"2025-01-27 09:24:34"}
{"level":"info","message":"OPTIONS /api/v1/permission 200 0.694 ms - -","timestamp":"2025-01-27 09:24:49"}
{"level":"info","message":"GET /api/v1/permission 304 21.947 ms - -","timestamp":"2025-01-27 09:24:49"}
{"level":"info","message":"OPTIONS /api/v1/notifications 200 0.167 ms - -","timestamp":"2025-01-27 09:24:49"}
{"level":"info","message":"OPTIONS /api/v1/dashboard 200 0.128 ms - -","timestamp":"2025-01-27 09:24:49"}
{"level":"info","message":"GET /api/v1/notifications 200 10.128 ms - 2","timestamp":"2025-01-27 09:24:49"}
{"level":"info","message":"GET /api/v1/dashboard 200 22.989 ms - 115","timestamp":"2025-01-27 09:24:49"}
{"level":"info","message":"OPTIONS /api/v1/batch/options 200 0.147 ms - -","timestamp":"2025-01-27 09:24:52"}
{"level":"info","message":"OPTIONS /api/v1/superadmin/all-academies?page=1&limit=10&query= 200 0.167 ms - -","timestamp":"2025-01-27 09:24:52"}
{"level":"info","message":"OPTIONS /api/v1/user/all-users?page=1&limit=10&query=&roles= 200 0.186 ms - -","timestamp":"2025-01-27 09:24:52"}
{"level":"info","message":"GET /api/v1/batch/options 200 44.779 ms - 3451","timestamp":"2025-01-27 09:24:52"}
{"level":"info","message":"GET /api/v1/user/all-users?page=1&limit=10&query=&roles= 200 50.075 ms - 3022","timestamp":"2025-01-27 09:24:52"}
{"level":"info","message":"GET /api/v1/superadmin/all-academies?page=1&limit=10&query= 200 49.168 ms - 398","timestamp":"2025-01-27 09:24:52"}
{"level":"info","message":"OPTIONS /api/v1/user/all-users?page=1&limit=10&query=&roles=COACH 200 0.193 ms - -","timestamp":"2025-01-27 09:24:54"}
{"clientVersion":"5.20.0","level":"error","name":"PrismaClientValidationError","timestamp":"2025-01-27 09:24:54"}
{"level":"info","message":"GET /api/v1/user/all-users?page=1&limit=10&query=&roles=COACH 500 45.313 ms - 3009","timestamp":"2025-01-27 09:24:54"}
{"level":"info","message":"OPTIONS /api/v1/user/all-users?page=1&limit=10&query=&roles= 200 0.204 ms - -","timestamp":"2025-01-27 09:25:04"}
{"level":"info","message":"GET /api/v1/user/all-users?page=1&limit=10&query=&roles= 304 31.253 ms - -","timestamp":"2025-01-27 09:25:04"}
{"level":"info","message":"OPTIONS /api/v1/user/all-users?page=1&limit=10&query=&roles=COACH 200 0.184 ms - -","timestamp":"2025-01-27 09:25:05"}
{"clientVersion":"5.20.0","level":"error","name":"PrismaClientValidationError","timestamp":"2025-01-27 09:25:05"}
{"level":"info","message":"GET /api/v1/user/all-users?page=1&limit=10&query=&roles=COACH 500 26.674 ms - 3009","timestamp":"2025-01-27 09:25:05"}
{"level":"info","message":"OPTIONS /api/v1/user/all-users?page=1&limit=10&query=&roles=COACH,STUDENT 200 0.197 ms - -","timestamp":"2025-01-27 09:25:07"}
{"clientVersion":"5.20.0","level":"error","name":"PrismaClientValidationError","timestamp":"2025-01-27 09:25:07"}
{"level":"info","message":"GET /api/v1/user/all-users?page=1&limit=10&query=&roles=COACH,STUDENT 500 26.739 ms - 3025","timestamp":"2025-01-27 09:25:07"}
{"level":"info","message":"Database connection successful","timestamp":"2025-01-27 09:28:06"}
{"level":"info","message":"Server is running on port 5000","timestamp":"2025-01-27 09:28:06"}
{"level":"info","message":"Initial origins update completed","timestamp":"2025-01-27 09:28:06"}
{"level":"info","message":"Database connection successful","timestamp":"2025-01-27 09:28:10"}
{"level":"info","message":"Server is running on port 5000","timestamp":"2025-01-27 09:28:10"}
{"level":"info","message":"Initial origins update completed","timestamp":"2025-01-27 09:28:10"}
{"level":"info","message":"OPTIONS /api/v1/notifications 200 1.200 ms - -","timestamp":"2025-01-27 09:28:11"}
{"level":"info","message":"OPTIONS /api/v1/batch/options 200 0.294 ms - -","timestamp":"2025-01-27 09:28:11"}
{"level":"info","message":"OPTIONS /api/v1/superadmin/all-academies?page=1&limit=10&query= 200 0.156 ms - -","timestamp":"2025-01-27 09:28:11"}
{"level":"info","message":"OPTIONS /api/v1/user/all-users?page=1&limit=10&query=&roles= 200 0.137 ms - -","timestamp":"2025-01-27 09:28:11"}
{"level":"info","message":"GET /api/v1/notifications 304 17.554 ms - -","timestamp":"2025-01-27 09:28:11"}
{"level":"info","message":"OPTIONS /api/v1/permission 200 0.221 ms - -","timestamp":"2025-01-27 09:28:11"}
{"level":"info","message":"GET /api/v1/batch/options 304 28.462 ms - -","timestamp":"2025-01-27 09:28:11"}
{"level":"info","message":"GET /api/v1/permission 304 20.204 ms - -","timestamp":"2025-01-27 09:28:11"}
{"level":"info","message":"GET /api/v1/superadmin/all-academies?page=1&limit=10&query= 304 33.584 ms - -","timestamp":"2025-01-27 09:28:11"}
{"level":"info","message":"GET /api/v1/user/all-users?page=1&limit=10&query=&roles= 304 27.155 ms - -","timestamp":"2025-01-27 09:28:11"}
{"level":"info","message":"OPTIONS /api/v1/user/all-users?page=1&limit=10&query=&roles=ADMIN 200 0.203 ms - -","timestamp":"2025-01-27 09:28:12"}
{"level":"info","message":"GET /api/v1/user/all-users?page=1&limit=10&query=&roles=ADMIN 200 34.911 ms - 398","timestamp":"2025-01-27 09:28:12"}
{"level":"info","message":"GET /api/v1/user/all-users?page=1&limit=10&query=&roles= 304 28.901 ms - -","timestamp":"2025-01-27 09:28:14"}
{"level":"info","message":"OPTIONS /api/v1/user/all-users?page=1&limit=10&query=&roles=STUDENT 200 0.226 ms - -","timestamp":"2025-01-27 09:28:15"}
{"level":"info","message":"GET /api/v1/user/all-users?page=1&limit=10&query=&roles=STUDENT 200 27.961 ms - 1867","timestamp":"2025-01-27 09:28:15"}
{"level":"info","message":"OPTIONS /api/v1/user/all-users?page=1&limit=10&query=&roles= 200 0.186 ms - -","timestamp":"2025-01-27 09:28:16"}
{"level":"info","message":"GET /api/v1/user/all-users?page=1&limit=10&query=&roles= 304 27.301 ms - -","timestamp":"2025-01-27 09:28:16"}
{"level":"info","message":"OPTIONS /api/v1/user/all-users?page=1&limit=10&query=&roles=COACH 200 0.186 ms - -","timestamp":"2025-01-27 09:28:17"}
{"level":"info","message":"GET /api/v1/user/all-users?page=1&limit=10&query=&roles=COACH 200 33.839 ms - 785","timestamp":"2025-01-27 09:28:17"}
{"level":"info","message":"OPTIONS /api/v1/user/all-users?page=1&limit=10&query=&roles=COACH,STUDENT 200 0.221 ms - -","timestamp":"2025-01-27 09:28:19"}
{"level":"info","message":"GET /api/v1/user/all-users?page=1&limit=10&query=&roles=COACH,STUDENT 200 35.344 ms - 2638","timestamp":"2025-01-27 09:28:19"}
{"level":"info","message":"OPTIONS /api/v1/user/all-users?page=1&limit=10&query=&roles=STUDENT 200 0.223 ms - -","timestamp":"2025-01-27 09:28:20"}
{"level":"info","message":"GET /api/v1/user/all-users?page=1&limit=10&query=&roles=STUDENT 304 28.788 ms - -","timestamp":"2025-01-27 09:28:20"}
{"level":"info","message":"OPTIONS /api/v1/user/all-users?page=1&limit=10&query=&roles= 200 0.284 ms - -","timestamp":"2025-01-27 09:28:22"}
{"level":"info","message":"GET /api/v1/user/all-users?page=1&limit=10&query=&roles= 304 25.383 ms - -","timestamp":"2025-01-27 09:28:22"}
{"level":"info","message":"OPTIONS /api/v1/auth/login-with-password 200 0.231 ms - -","timestamp":"2025-01-27 09:28:52"}
{"level":"info","message":"POST /api/v1/auth/login-with-password 200 318.063 ms - 897","timestamp":"2025-01-27 09:28:52"}
{"level":"info","message":"OPTIONS /api/v1/notifications 200 0.180 ms - -","timestamp":"2025-01-27 09:28:52"}
{"level":"info","message":"OPTIONS /api/v1/dashboard 200 0.214 ms - -","timestamp":"2025-01-27 09:28:52"}
{"level":"info","message":"OPTIONS /api/v1/permission 200 0.211 ms - -","timestamp":"2025-01-27 09:28:52"}
{"level":"info","message":"GET /api/v1/notifications 200 21.922 ms - 2","timestamp":"2025-01-27 09:28:53"}
{"level":"info","message":"GET /api/v1/dashboard 403 28.038 ms - 96","timestamp":"2025-01-27 09:28:53"}
{"level":"info","message":"GET /api/v1/permission 200 25.505 ms - 1953","timestamp":"2025-01-27 09:28:53"}
{"level":"info","message":"OPTIONS /api/v1/quiz?page=1&limit=10&search= 200 0.179 ms - -","timestamp":"2025-01-27 09:28:56"}
{"level":"info","message":"GET /api/v1/quiz?page=1&limit=10&search= 200 39.114 ms - 3367","timestamp":"2025-01-27 09:28:56"}
{"level":"info","message":"OPTIONS /api/v1/quiz/id/6118514d-7951-45ba-9e23-481e22e8f106 200 0.198 ms - -","timestamp":"2025-01-27 09:28:58"}
{"level":"info","message":"GET /api/v1/quiz/id/6118514d-7951-45ba-9e23-481e22e8f106 200 41.156 ms - 2084","timestamp":"2025-01-27 09:28:58"}
{"level":"info","message":"GET /api/v1/academy/domain/chess-in-chunks/pages/home 200 7.607 ms - 2089","timestamp":"2025-01-27 09:29:32"}
{"level":"info","message":"GET /api/v1/navigation/domain/chess-in-chunks 200 11.374 ms - 2005","timestamp":"2025-01-27 09:29:32"}
{"level":"error","statusCode":404,"timestamp":"2025-01-27 09:29:33"}
{"level":"info","message":"GET /api/v1/academy/domain/chess-in-chunks/pages/coach1.jpg 404 3.515 ms - 349","timestamp":"2025-01-27 09:29:33"}
{"level":"info","message":"GET /api/v1/navigation/domain/chess-in-chunks 200 5.743 ms - 2005","timestamp":"2025-01-27 09:29:33"}
{"level":"error","statusCode":404,"timestamp":"2025-01-27 09:29:33"}
{"level":"info","message":"GET /api/v1/academy/domain/chess-in-chunks/pages/coach1.jpg 404 5.888 ms - 349","timestamp":"2025-01-27 09:29:33"}
{"level":"error","statusCode":404,"timestamp":"2025-01-27 09:29:33"}
{"level":"info","message":"GET /api/v1/academy/domain/chess-in-chunks/pages/coach2.jpg 404 6.084 ms - 349","timestamp":"2025-01-27 09:29:33"}
{"level":"error","statusCode":404,"timestamp":"2025-01-27 09:29:33"}
{"level":"info","message":"GET /api/v1/academy/domain/chess-in-chunks/pages/coach2.jpg 404 5.853 ms - 349","timestamp":"2025-01-27 09:29:33"}
{"level":"info","message":"GET /api/v1/navigation/domain/chess-in-chunks 200 8.897 ms - 2005","timestamp":"2025-01-27 09:29:33"}
{"level":"error","statusCode":404,"timestamp":"2025-01-27 09:29:36"}
{"level":"info","message":"GET /api/v1/academy/domain/chess-in-chunks/pages/coach1.jpg 404 4.447 ms - 349","timestamp":"2025-01-27 09:29:36"}
{"level":"error","statusCode":404,"timestamp":"2025-01-27 09:29:36"}
{"level":"info","message":"GET /api/v1/academy/domain/chess-in-chunks/pages/coach2.jpg 404 3.920 ms - 349","timestamp":"2025-01-27 09:29:36"}
{"level":"info","message":"GET /api/v1/navigation/domain/chess-in-chunks 200 6.674 ms - 2005","timestamp":"2025-01-27 09:29:36"}
{"level":"info","message":"GET /api/v1/navigation/domain/chess-in-chunks 200 15.803 ms - 2005","timestamp":"2025-01-27 09:29:36"}
{"level":"info","message":"OPTIONS /api/v1/auth/check-mfa 200 0.179 ms - -","timestamp":"2025-01-27 09:30:30"}
{"level":"info","message":"POST /api/v1/auth/check-mfa 200 204.816 ms - 49","timestamp":"2025-01-27 09:30:30"}
{"level":"info","message":"POST /api/v1/auth/login-with-password 200 229.443 ms - 868","timestamp":"2025-01-27 09:30:30"}
{"level":"info","message":"OPTIONS /api/v1/notifications 200 0.131 ms - -","timestamp":"2025-01-27 09:30:47"}
{"level":"info","message":"GET /api/v1/notifications 200 8.551 ms - 591","timestamp":"2025-01-27 09:30:47"}
{"level":"info","message":"OPTIONS /api/v1/tasks 200 0.110 ms - -","timestamp":"2025-01-27 09:30:47"}
{"level":"info","message":"GET /api/v1/tasks 200 14.273 ms - 2948","timestamp":"2025-01-27 09:30:47"}
{"level":"info","message":"OPTIONS /api/v1/dashboard/student-stats 200 0.110 ms - -","timestamp":"2025-01-27 09:30:48"}
{"level":"info","message":"GET /api/v1/dashboard/student-stats 304 63.672 ms - -","timestamp":"2025-01-27 09:30:48"}
{"level":"info","message":"OPTIONS /api/v1/student/batchmates 200 0.133 ms - -","timestamp":"2025-01-27 09:30:48"}
{"level":"info","message":"GET /api/v1/student/batchmates 200 16.943 ms - 3652","timestamp":"2025-01-27 09:30:48"}
{"level":"info","message":"OPTIONS /api/v1/dashboard/student/chess-stats?startDate=2024-12-27&endDate=2025-01-27 200 0.080 ms - -","timestamp":"2025-01-27 09:30:48"}
{"level":"info","message":"GET /api/v1/dashboard/student/chess-stats?startDate=2024-12-27&endDate=2025-01-27 200 12.911 ms - 386","timestamp":"2025-01-27 09:30:48"}
{"level":"info","message":"OPTIONS /api/v1/events/student 200 0.081 ms - -","timestamp":"2025-01-27 09:30:48"}
{"level":"info","message":"OPTIONS /api/v1/quiz/student-attempts 200 0.108 ms - -","timestamp":"2025-01-27 09:30:48"}
{"level":"info","message":"GET /api/v1/events/student 304 21.103 ms - -","timestamp":"2025-01-27 09:30:48"}
{"level":"info","message":"GET /api/v1/quiz/student-attempts 304 11.097 ms - -","timestamp":"2025-01-27 09:30:48"}
{"level":"info","message":"OPTIONS /api/v1/notifications 200 0.282 ms - -","timestamp":"2025-01-27 09:31:47"}
{"level":"info","message":"GET /api/v1/notifications 304 11.158 ms - -","timestamp":"2025-01-27 09:31:47"}
{"level":"info","message":"OPTIONS /api/v1/quiz/id/6118514d-7951-45ba-9e23-481e22e8f106 200 0.248 ms - -","timestamp":"2025-01-27 09:32:19"}
{"level":"info","message":"GET /api/v1/quiz/id/6118514d-7951-45ba-9e23-481e22e8f106 200 25.315 ms - 2084","timestamp":"2025-01-27 09:32:19"}
{"level":"info","message":"OPTIONS /api/v1/quiz/attempt/6118514d-7951-45ba-9e23-481e22e8f106 200 0.220 ms - -","timestamp":"2025-01-27 09:32:19"}
{"level":"info","message":"POST /api/v1/quiz/attempt/6118514d-7951-45ba-9e23-481e22e8f106 201 39.886 ms - 2151","timestamp":"2025-01-27 09:32:19"}
{"level":"info","message":"GET /api/v1/quiz/id/6118514d-7951-45ba-9e23-481e22e8f106 200 27.220 ms - 5071","timestamp":"2025-01-27 09:32:19"}
{"level":"info","message":"OPTIONS /api/v1/quiz/complete/dacdaa53-babe-4116-80d7-6e4173d2328d 200 0.214 ms - -","timestamp":"2025-01-27 09:32:25"}
{"level":"info","message":"PATCH /api/v1/quiz/complete/dacdaa53-babe-4116-80d7-6e4173d2328d 200 44.787 ms - 1065","timestamp":"2025-01-27 09:32:25"}
{"level":"info","message":"OPTIONS /api/v1/notifications 200 0.232 ms - -","timestamp":"2025-01-27 09:32:47"}
{"level":"info","message":"GET /api/v1/notifications 304 11.378 ms - -","timestamp":"2025-01-27 09:32:47"}
{"level":"info","message":"OPTIONS /api/v1/tasks 200 0.173 ms - -","timestamp":"2025-01-27 09:33:13"}
{"level":"info","message":"GET /api/v1/tasks 304 20.566 ms - -","timestamp":"2025-01-27 09:33:13"}
{"level":"info","message":"OPTIONS /api/v1/dashboard/student-stats 200 0.224 ms - -","timestamp":"2025-01-27 09:33:13"}
{"level":"info","message":"GET /api/v1/dashboard/student-stats 304 22.579 ms - -","timestamp":"2025-01-27 09:33:13"}
{"level":"info","message":"OPTIONS /api/v1/student/batchmates 200 0.188 ms - -","timestamp":"2025-01-27 09:33:13"}
{"level":"info","message":"GET /api/v1/student/batchmates 304 25.532 ms - -","timestamp":"2025-01-27 09:33:13"}
{"level":"info","message":"OPTIONS /api/v1/notifications 200 0.185 ms - -","timestamp":"2025-01-27 09:33:13"}
{"level":"info","message":"OPTIONS /api/v1/dashboard/student/chess-stats?startDate=2024-12-27&endDate=2025-01-27 200 0.135 ms - -","timestamp":"2025-01-27 09:33:13"}
{"level":"info","message":"OPTIONS /api/v1/events/student 200 0.135 ms - -","timestamp":"2025-01-27 09:33:13"}
{"level":"info","message":"OPTIONS /api/v1/quiz/student-attempts 200 0.128 ms - -","timestamp":"2025-01-27 09:33:13"}
{"level":"info","message":"GET /api/v1/notifications 304 9.699 ms - -","timestamp":"2025-01-27 09:33:13"}
{"level":"info","message":"GET /api/v1/quiz/student-attempts 200 16.837 ms - 972","timestamp":"2025-01-27 09:33:13"}
{"level":"info","message":"GET /api/v1/events/student 304 27.954 ms - -","timestamp":"2025-01-27 09:33:13"}
{"level":"info","message":"GET /api/v1/dashboard/student/chess-stats?startDate=2024-12-27&endDate=2025-01-27 304 42.015 ms - -","timestamp":"2025-01-27 09:33:13"}
{"level":"info","message":"OPTIONS /api/v1/permission 200 0.163 ms - -","timestamp":"2025-01-27 09:33:15"}
{"level":"info","message":"GET /api/v1/permission 304 18.406 ms - -","timestamp":"2025-01-27 09:33:15"}
{"level":"info","message":"OPTIONS /api/v1/notifications 200 0.195 ms - -","timestamp":"2025-01-27 09:33:15"}
{"level":"info","message":"OPTIONS /api/v1/dashboard 200 0.195 ms - -","timestamp":"2025-01-27 09:33:15"}
{"level":"info","message":"GET /api/v1/notifications 200 11.370 ms - 2","timestamp":"2025-01-27 09:33:15"}
{"level":"info","message":"GET /api/v1/dashboard 304 45.146 ms - -","timestamp":"2025-01-27 09:33:15"}
{"level":"info","message":"OPTIONS /api/v1/notifications 200 0.211 ms - -","timestamp":"2025-01-27 09:33:24"}
{"level":"info","message":"OPTIONS /api/v1/dashboard 200 0.204 ms - -","timestamp":"2025-01-27 09:33:24"}
{"level":"info","message":"OPTIONS /api/v1/permission 200 0.130 ms - -","timestamp":"2025-01-27 09:33:24"}
{"level":"info","message":"GET /api/v1/notifications 304 18.328 ms - -","timestamp":"2025-01-27 09:33:24"}
{"level":"info","message":"GET /api/v1/dashboard 403 17.644 ms - 96","timestamp":"2025-01-27 09:33:24"}
{"level":"info","message":"GET /api/v1/permission 304 18.591 ms - -","timestamp":"2025-01-27 09:33:24"}
{"level":"info","message":"OPTIONS /api/v1/quiz?page=1&limit=10&search= 200 0.167 ms - -","timestamp":"2025-01-27 09:33:26"}
{"level":"info","message":"GET /api/v1/quiz?page=1&limit=10&search= 304 28.344 ms - -","timestamp":"2025-01-27 09:33:26"}
{"level":"info","message":"OPTIONS /api/v1/quiz/id/6118514d-7951-45ba-9e23-481e22e8f106 200 0.170 ms - -","timestamp":"2025-01-27 09:33:27"}
{"level":"info","message":"GET /api/v1/quiz/id/6118514d-7951-45ba-9e23-481e22e8f106 200 34.521 ms - 8707","timestamp":"2025-01-27 09:33:27"}
{"level":"info","message":"OPTIONS /api/v1/notifications 200 0.264 ms - -","timestamp":"2025-01-27 09:34:14"}
{"level":"info","message":"GET /api/v1/notifications 200 14.475 ms - 591","timestamp":"2025-01-27 09:34:14"}
{"level":"info","message":"OPTIONS /api/v1/notifications 200 0.207 ms - -","timestamp":"2025-01-27 09:35:15"}
{"level":"info","message":"GET /api/v1/notifications 304 12.520 ms - -","timestamp":"2025-01-27 09:35:15"}
{"level":"info","message":"OPTIONS /api/v1/notifications 200 0.181 ms - -","timestamp":"2025-01-27 09:36:16"}
{"level":"info","message":"GET /api/v1/notifications 304 13.547 ms - -","timestamp":"2025-01-27 09:36:16"}
{"level":"info","message":"OPTIONS /api/v1/notifications 200 0.206 ms - -","timestamp":"2025-01-27 09:37:17"}
{"level":"info","message":"GET /api/v1/notifications 304 13.298 ms - -","timestamp":"2025-01-27 09:37:17"}
{"level":"info","message":"OPTIONS /api/v1/notifications 200 0.185 ms - -","timestamp":"2025-01-27 09:38:18"}
{"level":"info","message":"GET /api/v1/notifications 304 18.210 ms - -","timestamp":"2025-01-27 09:38:18"}
{"level":"info","message":"OPTIONS /api/v1/notifications 200 0.191 ms - -","timestamp":"2025-01-27 09:39:19"}
{"level":"info","message":"GET /api/v1/notifications 304 12.104 ms - -","timestamp":"2025-01-27 09:39:19"}
{"level":"info","message":"OPTIONS /api/v1/notifications 200 0.188 ms - -","timestamp":"2025-01-27 09:40:20"}
{"level":"info","message":"GET /api/v1/notifications 304 12.010 ms - -","timestamp":"2025-01-27 09:40:20"}
{"level":"info","message":"OPTIONS /api/v1/notifications 200 0.179 ms - -","timestamp":"2025-01-27 09:41:21"}
{"level":"info","message":"GET /api/v1/notifications 304 11.879 ms - -","timestamp":"2025-01-27 09:41:21"}
{"level":"info","message":"OPTIONS /api/v1/notifications 200 0.165 ms - -","timestamp":"2025-01-27 09:42:22"}
{"level":"info","message":"GET /api/v1/notifications 304 12.331 ms - -","timestamp":"2025-01-27 09:42:22"}
{"level":"info","message":"OPTIONS /api/v1/notifications 200 0.152 ms - -","timestamp":"2025-01-27 09:43:23"}
{"level":"info","message":"GET /api/v1/notifications 304 10.450 ms - -","timestamp":"2025-01-27 09:43:23"}
{"level":"info","message":"OPTIONS /api/v1/notifications 200 0.217 ms - -","timestamp":"2025-01-27 09:44:24"}
{"level":"info","message":"GET /api/v1/notifications 304 12.220 ms - -","timestamp":"2025-01-27 09:44:24"}
{"level":"info","message":"OPTIONS /api/v1/notifications 200 0.175 ms - -","timestamp":"2025-01-27 09:45:25"}
{"level":"info","message":"GET /api/v1/notifications 304 11.016 ms - -","timestamp":"2025-01-27 09:45:25"}
{"level":"info","message":"OPTIONS /api/v1/notifications 200 0.225 ms - -","timestamp":"2025-01-27 09:46:26"}
{"level":"info","message":"GET /api/v1/notifications 304 11.063 ms - -","timestamp":"2025-01-27 09:46:26"}
{"level":"info","message":"OPTIONS /api/v1/notifications 200 0.168 ms - -","timestamp":"2025-01-27 09:47:27"}
{"level":"info","message":"GET /api/v1/notifications 304 11.005 ms - -","timestamp":"2025-01-27 09:47:27"}
{"level":"info","message":"OPTIONS /api/v1/notifications 200 0.221 ms - -","timestamp":"2025-01-27 09:48:28"}
{"level":"info","message":"GET /api/v1/notifications 304 12.275 ms - -","timestamp":"2025-01-27 09:48:28"}
{"level":"info","message":"OPTIONS /api/v1/notifications 200 0.197 ms - -","timestamp":"2025-01-27 09:49:14"}
{"level":"info","message":"OPTIONS /api/v1/dashboard 200 0.137 ms - -","timestamp":"2025-01-27 09:49:14"}
{"level":"info","message":"OPTIONS /api/v1/permission 200 0.172 ms - -","timestamp":"2025-01-27 09:49:14"}
{"level":"info","message":"GET /api/v1/permission 304 25.570 ms - -","timestamp":"2025-01-27 09:49:15"}
{"level":"info","message":"GET /api/v1/notifications 200 52.227 ms - 2","timestamp":"2025-01-27 09:49:15"}
{"level":"info","message":"GET /api/v1/dashboard 304 92.455 ms - -","timestamp":"2025-01-27 09:49:15"}
{"level":"info","message":"GET /api/v1/notifications 304 14.838 ms - -","timestamp":"2025-01-27 09:49:18"}
{"level":"info","message":"GET /api/v1/permission 304 17.245 ms - -","timestamp":"2025-01-27 09:49:18"}
{"level":"info","message":"GET /api/v1/dashboard 304 31.081 ms - -","timestamp":"2025-01-27 09:49:18"}
{"level":"info","message":"OPTIONS /api/v1/notifications 200 0.139 ms - -","timestamp":"2025-01-27 09:49:20"}
{"level":"info","message":"OPTIONS /api/v1/quiz/id/6118514d-7951-45ba-9e23-481e22e8f106 200 0.179 ms - -","timestamp":"2025-01-27 09:49:20"}
{"level":"info","message":"OPTIONS /api/v1/permission 200 0.180 ms - -","timestamp":"2025-01-27 09:49:20"}
{"level":"info","message":"GET /api/v1/notifications 304 22.263 ms - -","timestamp":"2025-01-27 09:49:20"}
{"level":"info","message":"GET /api/v1/permission 304 17.506 ms - -","timestamp":"2025-01-27 09:49:20"}
{"level":"info","message":"GET /api/v1/quiz/id/6118514d-7951-45ba-9e23-481e22e8f106 304 60.728 ms - -","timestamp":"2025-01-27 09:49:20"}
{"level":"info","message":"OPTIONS /api/v1/quiz/review/dacdaa53-babe-4116-80d7-6e4173d2328d 200 0.208 ms - -","timestamp":"2025-01-27 09:49:22"}
{"level":"info","message":"GET /api/v1/quiz/review/dacdaa53-babe-4116-80d7-6e4173d2328d 200 37.084 ms - 2772","timestamp":"2025-01-27 09:49:22"}
{"level":"info","message":"OPTIONS /api/v1/notifications 200 0.166 ms - -","timestamp":"2025-01-27 09:49:29"}
{"level":"info","message":"GET /api/v1/notifications 200 14.263 ms - 591","timestamp":"2025-01-27 09:49:29"}
{"level":"\u001b[32minfo\u001b[39m","message":"Ngrok tunnels started successfully!","timestamp":"2025-01-27 21:01:29"}
{"level":"\u001b[32minfo\u001b[39m","message":"Ngrok URL: https://c2c3-2405-201-6820-78f9-8dae-ae08-ec56-655c.ngrok-free.app","timestamp":"2025-01-27 21:01:29"}
{"level":"info","message":"Database connection successful","timestamp":"2025-01-27 21:01:39"}
{"level":"info","message":"Server is running on port 5000","timestamp":"2025-01-27 21:01:39"}
{"level":"info","message":"Initial origins update completed","timestamp":"2025-01-27 21:01:39"}
{"level":"info","message":"OPTIONS /api/v1/permission 200 0.652 ms - -","timestamp":"2025-01-27 21:01:59"}
{"level":"info","message":"GET /api/v1/permission 304 24.172 ms - -","timestamp":"2025-01-27 21:01:59"}
{"level":"info","message":"OPTIONS /api/v1/notifications 200 0.385 ms - -","timestamp":"2025-01-27 21:01:59"}
{"level":"info","message":"OPTIONS /api/v1/dashboard 200 0.214 ms - -","timestamp":"2025-01-27 21:01:59"}
{"level":"info","message":"GET /api/v1/notifications 304 10.813 ms - -","timestamp":"2025-01-27 21:01:59"}
{"level":"info","message":"GET /api/v1/dashboard 304 26.964 ms - -","timestamp":"2025-01-27 21:01:59"}
{"level":"info","message":"Database connection successful","timestamp":"2025-01-27 21:02:54"}
{"level":"info","message":"Server is running on port 5000","timestamp":"2025-01-27 21:02:54"}
{"level":"info","message":"Initial origins update completed","timestamp":"2025-01-27 21:02:54"}
{"level":"info","message":"Database connection successful","timestamp":"2025-01-27 21:04:31"}
{"level":"info","message":"Server is running on port 5000","timestamp":"2025-01-27 21:04:31"}
{"level":"info","message":"Initial origins update completed","timestamp":"2025-01-27 21:04:31"}
{"level":"info","message":"Database connection successful","timestamp":"2025-01-27 21:05:05"}
{"level":"info","message":"Server is running on port 5000","timestamp":"2025-01-27 21:05:05"}
{"level":"info","message":"Initial origins update completed","timestamp":"2025-01-27 21:05:05"}
{"level":"info","message":"Database connection successful","timestamp":"2025-01-27 21:05:41"}
{"level":"info","message":"Server is running on port 5000","timestamp":"2025-01-27 21:05:41"}
{"level":"info","message":"Initial origins update completed","timestamp":"2025-01-27 21:05:41"}
{"level":"info","message":"Database connection successful","timestamp":"2025-01-27 21:06:20"}
{"level":"info","message":"Server is running on port 5000","timestamp":"2025-01-27 21:06:20"}
{"level":"info","message":"Initial origins update completed","timestamp":"2025-01-27 21:06:20"}
{"level":"info","message":"Database connection successful","timestamp":"2025-01-27 21:06:25"}
{"level":"info","message":"Server is running on port 5000","timestamp":"2025-01-27 21:06:25"}
{"level":"info","message":"Initial origins update completed","timestamp":"2025-01-27 21:06:25"}
{"level":"info","message":"Database connection successful","timestamp":"2025-01-27 21:06:29"}
{"level":"info","message":"Server is running on port 5000","timestamp":"2025-01-27 21:06:29"}
{"level":"info","message":"Initial origins update completed","timestamp":"2025-01-27 21:06:29"}
{"level":"info","message":"Database connection successful","timestamp":"2025-01-27 21:06:49"}
{"level":"info","message":"Server is running on port 5000","timestamp":"2025-01-27 21:06:49"}
{"level":"info","message":"Initial origins update completed","timestamp":"2025-01-27 21:06:49"}
{"level":"info","message":"Database connection successful","timestamp":"2025-01-27 21:06:50"}
{"level":"info","message":"Server is running on port 5000","timestamp":"2025-01-27 21:06:50"}
{"level":"info","message":"Initial origins update completed","timestamp":"2025-01-27 21:06:50"}
{"level":"info","message":"OPTIONS /api/v1/permission 200 0.794 ms - -","timestamp":"2025-01-27 21:12:41"}
{"level":"info","message":"GET /api/v1/permission 304 17.740 ms - -","timestamp":"2025-01-27 21:12:41"}
{"level":"info","message":"OPTIONS /api/v1/notifications 200 0.115 ms - -","timestamp":"2025-01-27 21:12:41"}
{"level":"info","message":"OPTIONS /api/v1/dashboard 200 0.154 ms - -","timestamp":"2025-01-27 21:12:41"}
{"level":"info","message":"GET /api/v1/notifications 304 11.403 ms - -","timestamp":"2025-01-27 21:12:41"}
{"level":"info","message":"GET /api/v1/dashboard 304 20.400 ms - -","timestamp":"2025-01-27 21:12:41"}
{"level":"info","message":"OPTIONS /api/v1/permission 200 0.102 ms - -","timestamp":"2025-01-27 21:12:44"}
{"level":"info","message":"GET /api/v1/permission 304 6.614 ms - -","timestamp":"2025-01-27 21:12:44"}
{"level":"info","message":"OPTIONS /api/v1/notifications 200 0.299 ms - -","timestamp":"2025-01-27 21:12:44"}
{"level":"info","message":"OPTIONS /api/v1/dashboard 200 0.134 ms - -","timestamp":"2025-01-27 21:12:44"}
{"level":"info","message":"GET /api/v1/notifications 200 9.237 ms - 2","timestamp":"2025-01-27 21:12:44"}
{"level":"info","message":"GET /api/v1/dashboard 304 18.717 ms - -","timestamp":"2025-01-27 21:12:44"}
{"level":"info","message":"OPTIONS /api/v1/batch/options 200 0.116 ms - -","timestamp":"2025-01-27 21:12:49"}
{"level":"info","message":"OPTIONS /api/v1/superadmin/all-academies?page=1&limit=10&query= 200 0.104 ms - -","timestamp":"2025-01-27 21:12:49"}
{"level":"info","message":"OPTIONS /api/v1/user/all-users?page=1&limit=10&query=&roles= 200 0.090 ms - -","timestamp":"2025-01-27 21:12:49"}
{"level":"info","message":"GET /api/v1/superadmin/all-academies?page=1&limit=10&query= 304 23.513 ms - -","timestamp":"2025-01-27 21:12:49"}
{"level":"info","message":"GET /api/v1/batch/options 304 24.194 ms - -","timestamp":"2025-01-27 21:12:49"}
{"level":"info","message":"GET /api/v1/user/all-users?page=1&limit=10&query=&roles= 200 22.121 ms - 3022","timestamp":"2025-01-27 21:12:49"}
{"level":"info","message":"OPTIONS /api/v1/user/profile/89608630-e525-4416-89f7-61ebb78cbd3b 200 0.082 ms - -","timestamp":"2025-01-27 21:12:50"}
{"level":"info","message":"GET /api/v1/user/profile/89608630-e525-4416-89f7-61ebb78cbd3b 200 16.537 ms - 1451","timestamp":"2025-01-27 21:12:50"}
{"level":"info","message":"OPTIONS /api/v1/auth/login-with-password 200 0.145 ms - -","timestamp":"2025-01-27 21:13:03"}
{"level":"info","message":"POST /api/v1/auth/login-with-password 200 126.520 ms - 897","timestamp":"2025-01-27 21:13:03"}
{"level":"info","message":"OPTIONS /api/v1/notifications 200 0.191 ms - -","timestamp":"2025-01-27 21:13:03"}
{"level":"info","message":"OPTIONS /api/v1/dashboard 200 0.098 ms - -","timestamp":"2025-01-27 21:13:03"}
{"level":"info","message":"OPTIONS /api/v1/permission 200 0.069 ms - -","timestamp":"2025-01-27 21:13:03"}
{"level":"info","message":"GET /api/v1/notifications 200 9.867 ms - 2","timestamp":"2025-01-27 21:13:03"}
{"level":"info","message":"GET /api/v1/permission 200 9.176 ms - 1953","timestamp":"2025-01-27 21:13:03"}
{"level":"info","message":"GET /api/v1/dashboard 403 13.616 ms - 96","timestamp":"2025-01-27 21:13:04"}
{"level":"info","message":"OPTIONS /api/v1/batch/options 200 0.078 ms - -","timestamp":"2025-01-27 21:13:05"}
{"level":"info","message":"OPTIONS /api/v1/goal/seasonal-goals 200 0.103 ms - -","timestamp":"2025-01-27 21:13:05"}
{"level":"info","message":"GET /api/v1/batch/options 200 21.983 ms - 3451","timestamp":"2025-01-27 21:13:05"}
{"level":"info","message":"GET /api/v1/goal/seasonal-goals 200 20.785 ms - 2","timestamp":"2025-01-27 21:13:05"}
{"level":"info","message":"OPTIONS /api/v1/goal/create-seasonal 200 0.162 ms - -","timestamp":"2025-01-27 21:13:11"}
{"level":"info","message":"POST /api/v1/goal/create-seasonal 200 23.967 ms - 262","timestamp":"2025-01-27 21:13:11"}
{"level":"info","message":"OPTIONS /api/v1/goal/seasonal-goals 200 0.075 ms - -","timestamp":"2025-01-27 21:13:11"}
{"level":"info","message":"GET /api/v1/goal/seasonal-goals 200 11.865 ms - 292","timestamp":"2025-01-27 21:13:11"}
{"level":"info","message":"OPTIONS /api/v1/goal/monthly-goals 200 0.076 ms - -","timestamp":"2025-01-27 21:13:12"}
{"level":"info","message":"GET /api/v1/goal/monthly-goals 200 11.519 ms - 2","timestamp":"2025-01-27 21:13:12"}
{"level":"info","message":"OPTIONS /api/v1/goal/seasonal-goals/options?batchId=dd9350bb-0c8b-4ef7-92ee-f1f3a704508b 200 0.093 ms - -","timestamp":"2025-01-27 21:13:14"}
{"level":"info","message":"GET /api/v1/goal/seasonal-goals/options?batchId=dd9350bb-0c8b-4ef7-92ee-f1f3a704508b 200 8.741 ms - 61","timestamp":"2025-01-27 21:13:14"}
{"level":"info","message":"OPTIONS /api/v1/goal/create-monthly 200 0.192 ms - -","timestamp":"2025-01-27 21:13:22"}
{"level":"info","message":"POST /api/v1/goal/create-monthly 200 21.570 ms - 318","timestamp":"2025-01-27 21:13:22"}
{"level":"info","message":"OPTIONS /api/v1/goal/monthly-goals 200 0.656 ms - -","timestamp":"2025-01-27 21:13:22"}
{"level":"info","message":"GET /api/v1/goal/monthly-goals 200 9.251 ms - 347","timestamp":"2025-01-27 21:13:22"}
{"level":"info","message":"OPTIONS /api/v1/goal/weekly-goals 200 0.102 ms - -","timestamp":"2025-01-27 21:13:23"}
{"level":"info","message":"GET /api/v1/goal/weekly-goals 200 10.729 ms - 2","timestamp":"2025-01-27 21:13:23"}
{"level":"info","message":"OPTIONS /api/v1/goal/seasonal-goals/options?batchId=dd9350bb-0c8b-4ef7-92ee-f1f3a704508b 200 0.122 ms - -","timestamp":"2025-01-27 21:13:25"}
{"level":"info","message":"GET /api/v1/goal/seasonal-goals/options?batchId=dd9350bb-0c8b-4ef7-92ee-f1f3a704508b 304 8.162 ms - -","timestamp":"2025-01-27 21:13:25"}
{"level":"info","message":"OPTIONS /api/v1/goal/monthly-goals/options?seasonalGoalId=dff6c73b-8f0d-42ae-a6ba-a4f128ae3476 200 0.099 ms - -","timestamp":"2025-01-27 21:13:26"}
{"level":"info","message":"GET /api/v1/goal/monthly-goals/options?seasonalGoalId=dff6c73b-8f0d-42ae-a6ba-a4f128ae3476 200 8.723 ms - 61","timestamp":"2025-01-27 21:13:26"}
{"level":"info","message":"OPTIONS /api/v1/goal/create-weekly 200 0.125 ms - -","timestamp":"2025-01-27 21:13:38"}
{"level":"info","message":"POST /api/v1/goal/create-weekly 200 37.070 ms - 197","timestamp":"2025-01-27 21:13:38"}
{"level":"info","message":"OPTIONS /api/v1/goal/weekly-goals 200 0.084 ms - -","timestamp":"2025-01-27 21:13:38"}
{"level":"info","message":"GET /api/v1/goal/weekly-goals 200 10.513 ms - 369","timestamp":"2025-01-27 21:13:38"}
{"level":"info","message":"OPTIONS /api/v1/goal/assigned-weekly-goals?page=1&limit=10 200 0.073 ms - -","timestamp":"2025-01-27 21:13:39"}
{"level":"info","message":"GET /api/v1/goal/assigned-weekly-goals?page=1&limit=10 200 28.735 ms - 71","timestamp":"2025-01-27 21:13:39"}
{"level":"info","message":"OPTIONS /api/v1/goal/weekly-goals/options?monthlyGoalId=undefined&batchId=dd9350bb-0c8b-4ef7-92ee-f1f3a704508b 200 0.085 ms - -","timestamp":"2025-01-27 21:13:41"}
{"level":"info","message":"GET /api/v1/goal/weekly-goals/options?monthlyGoalId=undefined&batchId=dd9350bb-0c8b-4ef7-92ee-f1f3a704508b 200 9.639 ms - 61","timestamp":"2025-01-27 21:13:41"}
{"level":"info","message":"OPTIONS /api/v1/goal/assign-goal-to-batch 200 0.150 ms - -","timestamp":"2025-01-27 21:13:44"}
{"level":"info","message":"POST /api/v1/goal/assign-goal-to-batch 200 33.820 ms - 11","timestamp":"2025-01-27 21:13:44"}
{"level":"info","message":"OPTIONS /api/v1/goal/assigned-weekly-goals?page=1&limit=10 200 0.071 ms - -","timestamp":"2025-01-27 21:13:44"}
{"level":"info","message":"GET /api/v1/goal/assigned-weekly-goals?page=1&limit=10 200 22.663 ms - 4728","timestamp":"2025-01-27 21:13:44"}
{"level":"error","statusCode":404,"timestamp":"2025-01-27 21:14:02"}
{"level":"info","message":"GET /api/v1/academy/domain/chess-in-chunks/pages/dashboard/goals/assign-weekly 404 6.703 ms - 349","timestamp":"2025-01-27 21:14:02"}
{"level":"info","message":"GET /api/v1/navigation/domain/chess-in-chunks 200 12.181 ms - 2005","timestamp":"2025-01-27 21:14:02"}
{"level":"info","message":"OPTIONS /api/v1/auth/check-mfa 200 0.076 ms - -","timestamp":"2025-01-27 21:14:14"}
{"level":"info","message":"POST /api/v1/auth/check-mfa 200 73.160 ms - 49","timestamp":"2025-01-27 21:14:14"}
{"level":"info","message":"POST /api/v1/auth/login-with-password 200 81.605 ms - 868","timestamp":"2025-01-27 21:14:14"}
{"level":"info","message":"OPTIONS /api/v1/notifications 200 0.075 ms - -","timestamp":"2025-01-27 21:14:25"}
{"level":"info","message":"GET /api/v1/notifications 200 31.031 ms - 591","timestamp":"2025-01-27 21:14:25"}
{"level":"info","message":"OPTIONS /api/v1/tasks 200 0.118 ms - -","timestamp":"2025-01-27 21:14:26"}
{"level":"info","message":"GET /api/v1/tasks 200 23.338 ms - 2948","timestamp":"2025-01-27 21:14:26"}
{"level":"info","message":"OPTIONS /api/v1/dashboard/student-stats 200 0.083 ms - -","timestamp":"2025-01-27 21:14:26"}
{"level":"info","message":"OPTIONS /api/v1/student/batchmates 200 0.120 ms - -","timestamp":"2025-01-27 21:14:27"}
{"level":"info","message":"GET /api/v1/dashboard/student-stats 304 94.375 ms - -","timestamp":"2025-01-27 21:14:27"}
{"level":"info","message":"GET /api/v1/student/batchmates 304 20.801 ms - -","timestamp":"2025-01-27 21:14:27"}
{"level":"info","message":"OPTIONS /api/v1/dashboard/student/chess-stats?startDate=2024-12-27&endDate=2025-01-27 200 0.133 ms - -","timestamp":"2025-01-27 21:14:27"}
{"level":"info","message":"OPTIONS /api/v1/events/student 200 0.161 ms - -","timestamp":"2025-01-27 21:14:27"}
{"level":"info","message":"OPTIONS /api/v1/quiz/student-attempts 200 0.126 ms - -","timestamp":"2025-01-27 21:14:27"}
{"level":"info","message":"OPTIONS /api/v1/goal/weekly-goals/student 200 0.091 ms - -","timestamp":"2025-01-27 21:14:27"}
{"level":"info","message":"GET /api/v1/goal/weekly-goals/student 200 19.802 ms - 674","timestamp":"2025-01-27 21:14:27"}
{"level":"info","message":"GET /api/v1/dashboard/student/chess-stats?startDate=2024-12-27&endDate=2025-01-27 304 26.638 ms - -","timestamp":"2025-01-27 21:14:27"}
{"level":"info","message":"GET /api/v1/quiz/student-attempts 304 21.857 ms - -","timestamp":"2025-01-27 21:14:27"}
{"level":"info","message":"GET /api/v1/events/student 304 29.562 ms - -","timestamp":"2025-01-27 21:14:27"}
{"level":"info","message":"OPTIONS /api/v1/tasks 200 0.082 ms - -","timestamp":"2025-01-27 21:15:11"}
{"level":"info","message":"GET /api/v1/tasks 304 40.205 ms - -","timestamp":"2025-01-27 21:15:11"}
{"level":"info","message":"OPTIONS /api/v1/dashboard/student-stats 200 0.260 ms - -","timestamp":"2025-01-27 21:15:14"}
{"level":"info","message":"OPTIONS /api/v1/student/batchmates 200 0.110 ms - -","timestamp":"2025-01-27 21:15:14"}
{"level":"info","message":"GET /api/v1/student/batchmates 304 81.432 ms - -","timestamp":"2025-01-27 21:15:14"}
{"level":"info","message":"GET /api/v1/dashboard/student-stats 304 92.960 ms - -","timestamp":"2025-01-27 21:15:14"}
{"level":"info","message":"OPTIONS /api/v1/notifications 200 0.133 ms - -","timestamp":"2025-01-27 21:15:15"}
{"level":"info","message":"OPTIONS /api/v1/dashboard/student/chess-stats?startDate=2024-12-27&endDate=2025-01-27 200 0.067 ms - -","timestamp":"2025-01-27 21:15:15"}
{"level":"info","message":"OPTIONS /api/v1/events/student 200 0.081 ms - -","timestamp":"2025-01-27 21:15:15"}
{"level":"info","message":"OPTIONS /api/v1/quiz/student-attempts 200 0.127 ms - -","timestamp":"2025-01-27 21:15:15"}
{"level":"info","message":"OPTIONS /api/v1/goal/weekly-goals/student 200 0.381 ms - -","timestamp":"2025-01-27 21:15:15"}
{"level":"info","message":"GET /api/v1/notifications 304 18.163 ms - -","timestamp":"2025-01-27 21:15:15"}
{"level":"info","message":"GET /api/v1/dashboard/student/chess-stats?startDate=2024-12-27&endDate=2025-01-27 304 23.703 ms - -","timestamp":"2025-01-27 21:15:15"}
{"level":"info","message":"GET /api/v1/events/student 304 25.993 ms - -","timestamp":"2025-01-27 21:15:15"}
{"level":"info","message":"GET /api/v1/quiz/student-attempts 304 26.248 ms - -","timestamp":"2025-01-27 21:15:15"}
{"level":"info","message":"GET /api/v1/goal/weekly-goals/student 304 26.235 ms - -","timestamp":"2025-01-27 21:15:15"}
{"level":"info","message":"Database connection successful","timestamp":"2025-01-27 21:15:49"}
{"level":"info","message":"Server is running on port 5000","timestamp":"2025-01-27 21:15:49"}
{"level":"info","message":"Initial origins update completed","timestamp":"2025-01-27 21:15:49"}
{"level":"info","message":"OPTIONS /api/v1/tasks 200 0.898 ms - -","timestamp":"2025-01-27 21:15:54"}
{"level":"info","message":"OPTIONS /api/v1/dashboard/student-stats 200 0.100 ms - -","timestamp":"2025-01-27 21:15:54"}
{"level":"info","message":"OPTIONS /api/v1/student/batchmates 200 0.170 ms - -","timestamp":"2025-01-27 21:15:54"}
{"level":"info","message":"GET /api/v1/tasks 304 35.659 ms - -","timestamp":"2025-01-27 21:15:54"}
{"level":"info","message":"GET /api/v1/dashboard/student-stats 304 52.983 ms - -","timestamp":"2025-01-27 21:15:54"}
{"level":"info","message":"GET /api/v1/student/batchmates 304 39.831 ms - -","timestamp":"2025-01-27 21:15:54"}
{"level":"info","message":"OPTIONS /api/v1/notifications 200 0.173 ms - -","timestamp":"2025-01-27 21:15:54"}
{"level":"info","message":"OPTIONS /api/v1/dashboard/student/chess-stats?startDate=2024-12-27&endDate=2025-01-27 200 0.139 ms - -","timestamp":"2025-01-27 21:15:54"}
{"level":"info","message":"OPTIONS /api/v1/events/student 200 0.142 ms - -","timestamp":"2025-01-27 21:15:54"}
{"level":"info","message":"OPTIONS /api/v1/quiz/student-attempts 200 0.136 ms - -","timestamp":"2025-01-27 21:15:54"}
{"level":"info","message":"OPTIONS /api/v1/goal/weekly-goals/student 200 0.156 ms - -","timestamp":"2025-01-27 21:15:54"}
{"level":"info","message":"GET /api/v1/notifications 304 16.603 ms - -","timestamp":"2025-01-27 21:15:54"}
{"level":"info","message":"GET /api/v1/dashboard/student/chess-stats?startDate=2024-12-27&endDate=2025-01-27 304 22.060 ms - -","timestamp":"2025-01-27 21:15:54"}
{"level":"info","message":"GET /api/v1/quiz/student-attempts 304 22.025 ms - -","timestamp":"2025-01-27 21:15:54"}
{"level":"info","message":"GET /api/v1/events/student 304 25.305 ms - -","timestamp":"2025-01-27 21:15:54"}
{"level":"info","message":"GET /api/v1/goal/weekly-goals/student 304 20.221 ms - -","timestamp":"2025-01-27 21:15:54"}
{"level":"info","message":"OPTIONS /api/v1/notifications 200 0.170 ms - -","timestamp":"2025-01-27 21:16:54"}
{"level":"info","message":"GET /api/v1/notifications 304 70.748 ms - -","timestamp":"2025-01-27 21:16:54"}
{"level":"info","message":"OPTIONS /api/v1/notifications 200 0.095 ms - -","timestamp":"2025-01-27 21:17:55"}
{"level":"info","message":"GET /api/v1/notifications 304 76.898 ms - -","timestamp":"2025-01-27 21:17:55"}
{"level":"info","message":"Database connection successful","timestamp":"2025-01-27 21:18:22"}
{"level":"info","message":"Server is running on port 5000","timestamp":"2025-01-27 21:18:22"}
{"level":"info","message":"Initial origins update completed","timestamp":"2025-01-27 21:18:22"}
{"level":"info","message":"OPTIONS /api/v1/notifications 200 0.715 ms - -","timestamp":"2025-01-27 21:19:28"}
{"level":"info","message":"GET /api/v1/notifications 304 72.627 ms - -","timestamp":"2025-01-27 21:19:28"}
{"level":"info","message":"OPTIONS /api/v1/user/profile/5ddc4f9b-2c01-45d1-85ea-a3566fba6f38 200 0.128 ms - -","timestamp":"2025-01-27 21:19:29"}
{"level":"info","message":"GET /api/v1/user/profile/5ddc4f9b-2c01-45d1-85ea-a3566fba6f38 200 18.073 ms - 1760","timestamp":"2025-01-27 21:19:29"}
{"level":"info","message":"OPTIONS /api/v1/student-profile/current-subscription 200 0.201 ms - -","timestamp":"2025-01-27 21:19:29"}
{"level":"info","message":"OPTIONS /api/v1/user/profile-completion/5ddc4f9b-2c01-45d1-85ea-a3566fba6f38 200 0.109 ms - -","timestamp":"2025-01-27 21:19:29"}
{"level":"info","message":"GET /api/v1/student-profile/current-subscription 200 24.781 ms - 56","timestamp":"2025-01-27 21:19:29"}
{"level":"info","message":"GET /api/v1/user/profile-completion/5ddc4f9b-2c01-45d1-85ea-a3566fba6f38 200 15.681 ms - 78","timestamp":"2025-01-27 21:19:29"}
{"level":"info","message":"OPTIONS /api/v1/student-profile/current-subscription 200 0.131 ms - -","timestamp":"2025-01-27 21:19:48"}
{"level":"info","message":"GET /api/v1/student-profile/current-subscription 304 13.390 ms - -","timestamp":"2025-01-27 21:19:48"}
{"level":"info","message":"OPTIONS /api/v1/superadmin/plans 200 0.087 ms - -","timestamp":"2025-01-27 21:19:48"}
{"level":"info","message":"GET /api/v1/superadmin/plans 200 56.249 ms - 178","timestamp":"2025-01-27 21:19:48"}
{"level":"info","message":"OPTIONS /api/v1/user/profile/5ddc4f9b-2c01-45d1-85ea-a3566fba6f38 200 0.169 ms - -","timestamp":"2025-01-27 21:19:52"}
{"clientVersion":"5.20.0","level":"error","name":"PrismaClientValidationError","timestamp":"2025-01-27 21:19:52"}
{"level":"info","message":"PUT /api/v1/user/profile/5ddc4f9b-2c01-45d1-85ea-a3566fba6f38 500 30.029 ms - 1553","timestamp":"2025-01-27 21:19:52"}
{"level":"info","message":"Database connection successful","timestamp":"2025-01-27 21:20:21"}
{"level":"info","message":"Server is running on port 5000","timestamp":"2025-01-27 21:20:21"}
{"level":"info","message":"Initial origins update completed","timestamp":"2025-01-27 21:20:21"}
{"level":"info","message":"OPTIONS /api/v1/notifications 200 0.706 ms - -","timestamp":"2025-01-27 21:20:29"}
{"level":"info","message":"GET /api/v1/notifications 304 18.688 ms - -","timestamp":"2025-01-27 21:20:29"}
{"level":"info","message":"OPTIONS /api/v1/notifications 200 0.148 ms - -","timestamp":"2025-01-27 21:21:06"}
{"level":"info","message":"OPTIONS /api/v1/user/profile/5ddc4f9b-2c01-45d1-85ea-a3566fba6f38 200 0.454 ms - -","timestamp":"2025-01-27 21:21:06"}
{"level":"info","message":"OPTIONS /api/v1/student-profile/current-subscription 200 0.241 ms - -","timestamp":"2025-01-27 21:21:06"}
{"level":"info","message":"OPTIONS /api/v1/user/profile-completion/5ddc4f9b-2c01-45d1-85ea-a3566fba6f38 200 0.280 ms - -","timestamp":"2025-01-27 21:21:06"}
{"level":"info","message":"GET /api/v1/notifications 304 72.957 ms - -","timestamp":"2025-01-27 21:21:06"}
{"level":"info","message":"GET /api/v1/user/profile/5ddc4f9b-2c01-45d1-85ea-a3566fba6f38 200 67.053 ms - 1760","timestamp":"2025-01-27 21:21:06"}
{"level":"info","message":"GET /api/v1/user/profile-completion/5ddc4f9b-2c01-45d1-85ea-a3566fba6f38 304 37.221 ms - -","timestamp":"2025-01-27 21:21:06"}
{"level":"info","message":"GET /api/v1/student-profile/current-subscription 304 75.594 ms - -","timestamp":"2025-01-27 21:21:06"}
{"level":"info","message":"Database connection successful","timestamp":"2025-01-27 21:21:39"}
{"level":"info","message":"Server is running on port 5000","timestamp":"2025-01-27 21:21:39"}
{"level":"info","message":"Initial origins update completed","timestamp":"2025-01-27 21:21:39"}
{"level":"info","message":"Database connection successful","timestamp":"2025-01-27 21:21:44"}
{"level":"info","message":"Server is running on port 5000","timestamp":"2025-01-27 21:21:44"}
{"level":"info","message":"Initial origins update completed","timestamp":"2025-01-27 21:21:44"}
{"level":"info","message":"Database connection successful","timestamp":"2025-01-27 21:22:01"}
{"level":"info","message":"Server is running on port 5000","timestamp":"2025-01-27 21:22:01"}
{"level":"info","message":"Initial origins update completed","timestamp":"2025-01-27 21:22:01"}
{"level":"info","message":"OPTIONS /api/v1/notifications 200 1.182 ms - -","timestamp":"2025-01-27 21:22:06"}
{"level":"info","message":"GET /api/v1/notifications 304 25.006 ms - -","timestamp":"2025-01-27 21:22:06"}
{"level":"info","message":"OPTIONS /api/v1/notifications 200 0.204 ms - -","timestamp":"2025-01-27 21:23:08"}
{"level":"info","message":"GET /api/v1/notifications 304 42.080 ms - -","timestamp":"2025-01-27 21:23:08"}
{"level":"info","message":"Database connection successful","timestamp":"2025-01-27 21:23:46"}
{"level":"info","message":"Server is running on port 5000","timestamp":"2025-01-27 21:23:46"}
{"level":"info","message":"Initial origins update completed","timestamp":"2025-01-27 21:23:46"}
{"level":"info","message":"Database connection successful","timestamp":"2025-01-27 21:23:49"}
{"level":"info","message":"Server is running on port 5000","timestamp":"2025-01-27 21:23:49"}
{"level":"info","message":"Initial origins update completed","timestamp":"2025-01-27 21:23:49"}
{"level":"info","message":"Database connection successful","timestamp":"2025-01-27 21:23:53"}
{"level":"info","message":"Server is running on port 5000","timestamp":"2025-01-27 21:23:53"}
{"level":"info","message":"Initial origins update completed","timestamp":"2025-01-27 21:23:53"}
{"level":"info","message":"Database connection successful","timestamp":"2025-01-27 21:23:55"}
{"level":"info","message":"Server is running on port 5000","timestamp":"2025-01-27 21:23:55"}
{"level":"info","message":"Initial origins update completed","timestamp":"2025-01-27 21:23:55"}
{"level":"info","message":"Database connection successful","timestamp":"2025-01-27 21:23:57"}
{"level":"info","message":"Server is running on port 5000","timestamp":"2025-01-27 21:23:57"}
{"level":"info","message":"Initial origins update completed","timestamp":"2025-01-27 21:23:57"}
{"level":"info","message":"OPTIONS /api/v1/notifications 200 1.654 ms - -","timestamp":"2025-01-27 21:24:09"}
{"level":"info","message":"GET /api/v1/notifications 304 87.534 ms - -","timestamp":"2025-01-27 21:24:09"}
{"level":"info","message":"OPTIONS /api/v1/tasks 200 0.230 ms - -","timestamp":"2025-01-27 21:24:23"}
{"level":"info","message":"OPTIONS /api/v1/dashboard/student-stats 200 0.178 ms - -","timestamp":"2025-01-27 21:24:23"}
{"level":"info","message":"OPTIONS /api/v1/student/batchmates 200 0.292 ms - -","timestamp":"2025-01-27 21:24:23"}
{"level":"info","message":"GET /api/v1/student/batchmates 304 49.422 ms - -","timestamp":"2025-01-27 21:24:23"}
{"level":"info","message":"GET /api/v1/tasks 200 114.889 ms - 2948","timestamp":"2025-01-27 21:24:23"}
{"level":"info","message":"GET /api/v1/dashboard/student-stats 304 110.744 ms - -","timestamp":"2025-01-27 21:24:23"}
{"level":"info","message":"OPTIONS /api/v1/dashboard/student/chess-stats?startDate=2024-12-27&endDate=2025-01-27 200 0.158 ms - -","timestamp":"2025-01-27 21:24:23"}
{"level":"info","message":"OPTIONS /api/v1/events/student 200 0.253 ms - -","timestamp":"2025-01-27 21:24:23"}
{"level":"info","message":"OPTIONS /api/v1/quiz/student-attempts 200 0.137 ms - -","timestamp":"2025-01-27 21:24:23"}
{"level":"info","message":"OPTIONS /api/v1/goal/weekly-goals/student 200 0.129 ms - -","timestamp":"2025-01-27 21:24:23"}
{"level":"info","message":"GET /api/v1/dashboard/student/chess-stats?startDate=2024-12-27&endDate=2025-01-27 304 37.232 ms - -","timestamp":"2025-01-27 21:24:23"}
{"level":"info","message":"GET /api/v1/events/student 304 38.898 ms - -","timestamp":"2025-01-27 21:24:23"}
{"level":"info","message":"GET /api/v1/quiz/student-attempts 304 40.558 ms - -","timestamp":"2025-01-27 21:24:23"}
{"level":"info","message":"GET /api/v1/goal/weekly-goals/student 304 47.817 ms - -","timestamp":"2025-01-27 21:24:23"}
{"level":"info","message":"OPTIONS /api/v1/notifications 200 0.140 ms - -","timestamp":"2025-01-27 21:25:10"}
{"level":"info","message":"GET /api/v1/notifications 304 151.391 ms - -","timestamp":"2025-01-27 21:25:10"}
{"level":"info","message":"OPTIONS /api/v1/notifications 200 0.107 ms - -","timestamp":"2025-01-27 21:26:10"}
{"level":"info","message":"GET /api/v1/notifications 304 10.281 ms - -","timestamp":"2025-01-27 21:26:11"}
{"level":"info","message":"OPTIONS /api/v1/notifications 200 0.254 ms - -","timestamp":"2025-01-27 21:27:13"}
{"level":"info","message":"GET /api/v1/notifications 304 154.330 ms - -","timestamp":"2025-01-27 21:27:13"}
{"level":"info","message":"OPTIONS /api/v1/notifications 200 0.200 ms - -","timestamp":"2025-01-27 21:28:14"}
{"level":"info","message":"GET /api/v1/notifications 304 73.876 ms - -","timestamp":"2025-01-27 21:28:14"}
{"level":"info","message":"OPTIONS /api/v1/notifications 200 0.095 ms - -","timestamp":"2025-01-27 21:29:14"}
{"level":"info","message":"GET /api/v1/notifications 304 15.261 ms - -","timestamp":"2025-01-27 21:29:15"}
{"level":"info","message":"OPTIONS /api/v1/notifications 200 0.111 ms - -","timestamp":"2025-01-27 21:30:16"}
{"level":"info","message":"GET /api/v1/notifications 304 20.124 ms - -","timestamp":"2025-01-27 21:30:16"}
{"level":"info","message":"OPTIONS /api/v1/notifications 200 0.174 ms - -","timestamp":"2025-01-27 21:31:17"}
{"level":"info","message":"GET /api/v1/notifications 304 79.898 ms - -","timestamp":"2025-01-27 21:31:17"}
{"level":"info","message":"OPTIONS /api/v1/notifications 200 0.542 ms - -","timestamp":"2025-01-27 21:32:18"}
{"level":"info","message":"GET /api/v1/notifications 304 185.677 ms - -","timestamp":"2025-01-27 21:32:18"}
{"level":"info","message":"OPTIONS /api/v1/notifications 200 0.100 ms - -","timestamp":"2025-01-27 21:33:18"}
{"level":"info","message":"GET /api/v1/notifications 304 95.159 ms - -","timestamp":"2025-01-27 21:33:19"}
{"level":"info","message":"OPTIONS /api/v1/notifications 200 0.164 ms - -","timestamp":"2025-01-27 21:34:20"}
{"level":"info","message":"GET /api/v1/notifications 304 85.378 ms - -","timestamp":"2025-01-27 21:34:20"}
{"level":"info","message":"OPTIONS /api/v1/notifications 200 0.904 ms - -","timestamp":"2025-01-27 21:35:23"}
{"level":"info","message":"GET /api/v1/notifications 304 781.792 ms - -","timestamp":"2025-01-27 21:35:25"}
{"level":"info","message":"Database connection successful","timestamp":"2025-01-27 23:28:03"}
{"level":"info","message":"Server is running on port 5000","timestamp":"2025-01-27 23:28:03"}
{"level":"info","message":"Initial origins update completed","timestamp":"2025-01-27 23:28:03"}
{"code":"ECONNREFUSED","level":"\u001b[31merror\u001b[39m","message":"Error starting ngrok tunnels: connect ECONNREFUSED 127.0.0.1:4040","name":"RequestError","stack":"RequestError: connect ECONNREFUSED 127.0.0.1:4040\n    at ClientRequest.<anonymous> (/home/whynotparit/Desktop/work/chessinchunks/backend/node_modules/got/dist/source/core/index.js:970:111)\n    at Object.onceWrapper (node:events:633:26)\n    at ClientRequest.emit (node:events:530:35)\n    at origin.emit (/home/whynotparit/Desktop/work/chessinchunks/backend/node_modules/@szmarczak/http-timer/dist/source/index.js:43:20)\n    at emitErrorEvent (node:_http_client:101:11)\n    at Socket.socketErrorListener (node:_http_client:504:5)\n    at Socket.emit (node:events:518:28)\n    at emitErrorNT (node:internal/streams/destroy:169:8)\n    at emitErrorCloseNT (node:internal/streams/destroy:128:3)\n    at process.processTicksAndRejections (node:internal/process/task_queues:82:21)\n    at TCPConnectWrap.afterConnect [as oncomplete] (node:net:1611:16)","timestamp":"2025-01-27 23:28:04","timings":{"error":1738000684017,"phases":{"total":3,"wait":1},"socket":1738000684015,"start":1738000684014}}
{"level":"info","message":"GET /api/v1/academy/domain/localhost:3000/pages/home 200 13.753 ms - 2089","timestamp":"2025-01-27 23:28:11"}
{"level":"info","message":"GET /api/v1/navigation/domain/localhost:3000 200 18.084 ms - 2005","timestamp":"2025-01-27 23:28:11"}
{"level":"error","statusCode":404,"timestamp":"2025-01-27 23:28:11"}
{"level":"info","message":"GET /api/v1/academy/domain/localhost:3000/pages/coach1.jpg 404 6.791 ms - 349","timestamp":"2025-01-27 23:28:11"}
{"level":"info","message":"GET /api/v1/navigation/domain/localhost:3000 200 6.782 ms - 2005","timestamp":"2025-01-27 23:28:11"}
{"level":"error","statusCode":404,"timestamp":"2025-01-27 23:28:11"}
{"level":"info","message":"GET /api/v1/academy/domain/localhost:3000/pages/coach1.jpg 404 12.241 ms - 349","timestamp":"2025-01-27 23:28:11"}
{"level":"error","statusCode":404,"timestamp":"2025-01-27 23:28:11"}
{"level":"info","message":"GET /api/v1/academy/domain/localhost:3000/pages/coach2.jpg 404 12.485 ms - 349","timestamp":"2025-01-27 23:28:11"}
{"level":"error","statusCode":404,"timestamp":"2025-01-27 23:28:11"}
{"level":"info","message":"GET /api/v1/academy/domain/localhost:3000/pages/coach2.jpg 404 11.286 ms - 349","timestamp":"2025-01-27 23:28:11"}
{"level":"info","message":"GET /api/v1/navigation/domain/localhost:3000 200 15.715 ms - 2005","timestamp":"2025-01-27 23:28:11"}
{"level":"error","statusCode":404,"timestamp":"2025-01-27 23:28:12"}
{"level":"info","message":"GET /api/v1/academy/domain/localhost:3000/pages/coach1.jpg 404 6.591 ms - 349","timestamp":"2025-01-27 23:28:12"}
{"level":"info","message":"GET /api/v1/navigation/domain/localhost:3000 200 9.454 ms - 2005","timestamp":"2025-01-27 23:28:12"}
{"level":"error","statusCode":404,"timestamp":"2025-01-27 23:28:12"}
{"level":"info","message":"GET /api/v1/academy/domain/localhost:3000/pages/coach1.jpg 404 9.147 ms - 349","timestamp":"2025-01-27 23:28:12"}
{"level":"error","statusCode":404,"timestamp":"2025-01-27 23:28:12"}
{"level":"info","message":"GET /api/v1/academy/domain/localhost:3000/pages/coach2.jpg 404 9.015 ms - 349","timestamp":"2025-01-27 23:28:12"}
{"level":"info","message":"GET /api/v1/navigation/domain/localhost:3000 200 9.958 ms - 2005","timestamp":"2025-01-27 23:28:12"}
{"level":"error","statusCode":404,"timestamp":"2025-01-27 23:28:12"}
{"level":"info","message":"GET /api/v1/academy/domain/localhost:3000/pages/coach2.jpg 404 6.390 ms - 349","timestamp":"2025-01-27 23:28:12"}
{"level":"info","message":"OPTIONS /api/v1/portal-subscribers 200 0.149 ms - -","timestamp":"2025-01-27 23:28:55"}
{"level":"error","statusCode":409,"timestamp":"2025-01-27 23:28:55"}
{"level":"info","message":"POST /api/v1/portal-subscribers 409 18.584 ms - 488","timestamp":"2025-01-27 23:28:55"}
{"level":"info","message":"OPTIONS /api/v1/portal-subscribers 200 0.131 ms - -","timestamp":"2025-01-27 23:29:18"}
{"level":"info","message":"POST /api/v1/portal-subscribers 201 6314.869 ms - 1067","timestamp":"2025-01-27 23:29:24"}
{"level":"info","message":"GET /api/v1/navigation/domain/localhost:3000 200 6.012 ms - 2005","timestamp":"2025-01-27 23:30:55"}
{"level":"info","message":"GET /api/v1/navigation/domain/localhost:3000 200 4.606 ms - 2005","timestamp":"2025-01-27 23:32:16"}
{"level":"info","message":"OPTIONS /api/v1/portal-subscribers 200 0.127 ms - -","timestamp":"2025-01-27 23:32:46"}
{"level":"info","message":"POST /api/v1/portal-subscribers 201 6559.914 ms - 1020","timestamp":"2025-01-27 23:32:52"}
{"level":"info","message":"GET /api/v1/navigation/domain/localhost:3000 200 5.710 ms - 2005","timestamp":"2025-01-27 23:35:25"}
{"level":"info","message":"OPTIONS /api/v1/portal-subscribers 200 0.088 ms - -","timestamp":"2025-01-27 23:35:54"}
{"level":"error","statusCode":409,"timestamp":"2025-01-27 23:35:54"}
{"level":"info","message":"POST /api/v1/portal-subscribers 409 4.792 ms - 488","timestamp":"2025-01-27 23:35:54"}
{"level":"info","message":"OPTIONS /api/v1/portal-subscribers 200 0.095 ms - -","timestamp":"2025-01-27 23:36:07"}
{"level":"error","statusCode":409,"timestamp":"2025-01-27 23:36:07"}
{"level":"info","message":"POST /api/v1/portal-subscribers 409 3.084 ms - 488","timestamp":"2025-01-27 23:36:07"}
{"level":"info","message":"OPTIONS /api/v1/portal-subscribers 200 0.079 ms - -","timestamp":"2025-01-27 23:36:38"}
{"level":"info","message":"POST /api/v1/portal-subscribers 201 5463.392 ms - 1030","timestamp":"2025-01-27 23:36:43"}
{"level":"error","statusCode":404,"timestamp":"2025-01-27 23:42:18"}
{"level":"info","message":"GET /api/v1/academy/domain/localhost:3000/pages/user-account/dashboard/profile 404 4.035 ms - 349","timestamp":"2025-01-27 23:42:18"}
{"level":"info","message":"GET /api/v1/navigation/domain/localhost:3000 200 19.150 ms - 2005","timestamp":"2025-01-27 23:42:18"}
{"level":"info","message":"GET /api/v1/academy/domain/localhost:3000/pages/home 200 4.294 ms - 2089","timestamp":"2025-01-27 23:42:22"}
{"level":"info","message":"GET /api/v1/academy/domain/localhost:3000/pages/home 200 4.512 ms - 2089","timestamp":"2025-01-27 23:42:22"}
{"level":"error","statusCode":404,"timestamp":"2025-01-27 23:42:22"}
{"level":"info","message":"GET /api/v1/academy/domain/localhost:3000/pages/coach1.jpg 404 4.635 ms - 349","timestamp":"2025-01-27 23:42:22"}
{"level":"info","message":"GET /api/v1/navigation/domain/localhost:3000 200 7.156 ms - 2005","timestamp":"2025-01-27 23:42:22"}
{"level":"error","statusCode":404,"timestamp":"2025-01-27 23:42:22"}
{"level":"info","message":"GET /api/v1/academy/domain/localhost:3000/pages/coach1.jpg 404 6.979 ms - 349","timestamp":"2025-01-27 23:42:22"}
{"level":"error","statusCode":404,"timestamp":"2025-01-27 23:42:22"}
{"level":"info","message":"GET /api/v1/academy/domain/localhost:3000/pages/coach2.jpg 404 6.215 ms - 349","timestamp":"2025-01-27 23:42:22"}
{"level":"info","message":"GET /api/v1/navigation/domain/localhost:3000 200 8.849 ms - 2005","timestamp":"2025-01-27 23:42:22"}
{"level":"error","statusCode":404,"timestamp":"2025-01-27 23:42:22"}
{"level":"info","message":"GET /api/v1/academy/domain/localhost:3000/pages/coach2.jpg 404 12.023 ms - 349","timestamp":"2025-01-27 23:42:22"}
{"level":"info","message":"Running expired signups check cron job","timestamp":"2025-01-28 00:00:00"}
{"level":"info","message":"Running cleanup cron job","timestamp":"2025-01-28 00:00:00"}
{"level":"info","message":"Processed 0 expired signups","timestamp":"2025-01-28 00:00:00"}
{"clientVersion":"5.20.0","level":"error","message":"Error in cleanup cron job: \nInvalid `db.userSignup.deleteMany()` invocation in\n/home/whynotparit/Desktop/work/chessinchunks/backend/src/cron/studentSignup.cron.js:24:49\n\n  21 const thirtyDaysAgo = new Date();\n  22 thirtyDaysAgo.setDate(thirtyDaysAgo.getDate() - 30);\n  23 \n→ 24 const cleanupResult = await db.userSignup.deleteMany({\n       where: {\n         signupStatus: \"EXPIRED\",\n                       ~~~~~~~~~\n         updatedAt: {\n           lt: new Date(\"2024-12-28T18:30:00.077Z\")\n         }\n       }\n     })\n\nInvalid value for argument `signupStatus`. Expected SIGNUP_STATUS.","name":"PrismaClientValidationError","stack":"PrismaClientValidationError: \nInvalid `db.userSignup.deleteMany()` invocation in\n/home/whynotparit/Desktop/work/chessinchunks/backend/src/cron/studentSignup.cron.js:24:49\n\n  21 const thirtyDaysAgo = new Date();\n  22 thirtyDaysAgo.setDate(thirtyDaysAgo.getDate() - 30);\n  23 \n→ 24 const cleanupResult = await db.userSignup.deleteMany({\n       where: {\n         signupStatus: \"EXPIRED\",\n                       ~~~~~~~~~\n         updatedAt: {\n           lt: new Date(\"2024-12-28T18:30:00.077Z\")\n         }\n       }\n     })\n\nInvalid value for argument `signupStatus`. Expected SIGNUP_STATUS.\n    at Dn (/home/whynotparit/Desktop/work/chessinchunks/backend/node_modules/@prisma/client/runtime/library.js:114:8082)\n    at Mn.handleRequestError (/home/whynotparit/Desktop/work/chessinchunks/backend/node_modules/@prisma/client/runtime/library.js:121:7396)\n    at Mn.handleAndLogRequestError (/home/whynotparit/Desktop/work/chessinchunks/backend/node_modules/@prisma/client/runtime/library.js:121:7061)\n    at Mn.request (/home/whynotparit/Desktop/work/chessinchunks/backend/node_modules/@prisma/client/runtime/library.js:121:6745)\n    at async l (/home/whynotparit/Desktop/work/chessinchunks/backend/node_modules/@prisma/client/runtime/library.js:130:9633)\n    at async Task._execution (/home/whynotparit/Desktop/work/chessinchunks/backend/src/cron/studentSignup.cron.js:24:29)","timestamp":"2025-01-28 00:00:00"}
