{"level":"info","message":"Database connection successful","timestamp":"2025-01-29 05:05:28"}
{"level":"info","message":"Server is running on port 5000","timestamp":"2025-01-29 05:05:28"}
{"level":"info","message":"Initial origins update completed","timestamp":"2025-01-29 05:05:28"}
{"level":"\u001b[32minfo\u001b[39m","message":"Ngrok tunnels started successfully!","timestamp":"2025-01-29 05:05:30"}
{"level":"\u001b[32minfo\u001b[39m","message":"Ngrok URL: https://8d00-2405-201-6820-78f9-e4a8-17af-c3eb-3e31.ngrok-free.app","timestamp":"2025-01-29 05:05:30"}
{"level":"info","message":"OPTIONS /api/v1/permission 200 1.205 ms - -","timestamp":"2025-01-29 05:06:28"}
{"level":"info","message":"GET /api/v1/permission 304 29.625 ms - -","timestamp":"2025-01-29 05:06:28"}
{"level":"info","message":"OPTIONS /api/v1/notifications 200 0.326 ms - -","timestamp":"2025-01-29 05:06:28"}
{"level":"info","message":"OPTIONS /api/v1/dashboard 200 0.220 ms - -","timestamp":"2025-01-29 05:06:28"}
{"level":"info","message":"GET /api/v1/notifications 304 11.150 ms - -","timestamp":"2025-01-29 05:06:28"}
{"level":"info","message":"GET /api/v1/dashboard 304 30.003 ms - -","timestamp":"2025-01-29 05:06:28"}
{"level":"info","message":"OPTIONS /api/v1/superadmin/plans?page=1&limit=1000&query=&tier=undefined&type=undefined&sortBy=undefined&sortOrder=undefined&signupId=undefined 200 0.295 ms - -","timestamp":"2025-01-29 05:06:36"}
{"level":"info","message":"GET /api/v1/superadmin/plans?page=1&limit=1000&query=&tier=undefined&type=undefined&sortBy=undefined&sortOrder=undefined&signupId=undefined 304 40.378 ms - -","timestamp":"2025-01-29 05:06:36"}
{"level":"info","message":"OPTIONS /api/v1/superadmin/plans 200 0.223 ms - -","timestamp":"2025-01-29 05:07:21"}
{"level":"info","message":"POST /api/v1/superadmin/plans 201 2059.227 ms - 407","timestamp":"2025-01-29 05:07:23"}
{"level":"info","message":"OPTIONS /api/v1/superadmin/plans?page=1&limit=1000&query=&tier=undefined&type=undefined&sortBy=undefined&sortOrder=undefined&signupId=undefined 200 0.214 ms - -","timestamp":"2025-01-29 05:07:23"}
{"level":"info","message":"GET /api/v1/superadmin/plans?page=1&limit=1000&query=&tier=undefined&type=undefined&sortBy=undefined&sortOrder=undefined&signupId=undefined 200 13.790 ms - 714","timestamp":"2025-01-29 05:07:23"}
{"level":"info","message":"OPTIONS /api/v1/superadmin/all-academies?page=1&limit=10&query= 200 0.324 ms - -","timestamp":"2025-01-29 05:07:25"}
{"level":"info","message":"GET /api/v1/superadmin/all-academies?page=1&limit=10&query= 304 34.110 ms - -","timestamp":"2025-01-29 05:07:25"}
{"level":"info","message":"OPTIONS /api/v1/permission 200 0.215 ms - -","timestamp":"2025-01-29 05:07:30"}
{"level":"info","message":"GET /api/v1/permission 304 15.409 ms - -","timestamp":"2025-01-29 05:07:30"}
{"level":"info","message":"OPTIONS /api/v1/notifications 200 0.277 ms - -","timestamp":"2025-01-29 05:07:31"}
{"level":"info","message":"OPTIONS /api/v1/dashboard 200 0.197 ms - -","timestamp":"2025-01-29 05:07:31"}
{"level":"info","message":"GET /api/v1/notifications 304 14.611 ms - -","timestamp":"2025-01-29 05:07:31"}
{"level":"info","message":"GET /api/v1/dashboard 304 36.784 ms - -","timestamp":"2025-01-29 05:07:31"}
{"level":"info","message":"OPTIONS /api/v1/academy-programs?page=1&limit=10&search= 200 0.216 ms - -","timestamp":"2025-01-29 05:07:32"}
{"level":"info","message":"GET /api/v1/academy-programs?page=1&limit=10&search= 304 33.078 ms - -","timestamp":"2025-01-29 05:07:32"}
{"level":"info","message":"OPTIONS /api/v1/academy-programs 200 0.247 ms - -","timestamp":"2025-01-29 05:07:50"}
{"level":"info","message":"POST /api/v1/academy-programs 201 2102.995 ms - 665","timestamp":"2025-01-29 05:07:52"}
{"level":"info","message":"OPTIONS /api/v1/academy-programs?page=1&limit=10&search= 200 0.172 ms - -","timestamp":"2025-01-29 05:07:52"}
{"level":"info","message":"GET /api/v1/academy-programs?page=1&limit=10&search= 200 24.690 ms - 1478","timestamp":"2025-01-29 05:07:52"}
{"level":"info","message":"OPTIONS /api/v1/academy-programs?page=1&limit=10&search= 200 0.415 ms - -","timestamp":"2025-01-29 05:08:22"}
{"level":"info","message":"GET /api/v1/academy-programs?page=1&limit=10&search= 304 22.921 ms - -","timestamp":"2025-01-29 05:08:22"}
{"level":"info","message":"OPTIONS /api/v1/academy-programs?page=1&limit=10&search= 200 0.155 ms - -","timestamp":"2025-01-29 05:08:32"}
{"level":"info","message":"GET /api/v1/academy-programs?page=1&limit=10&search= 304 14.340 ms - -","timestamp":"2025-01-29 05:08:32"}
{"level":"info","message":"OPTIONS /api/v1/academy-programs?page=1&limit=10&search= 200 0.272 ms - -","timestamp":"2025-01-29 05:08:38"}
{"level":"info","message":"GET /api/v1/academy-programs?page=1&limit=10&search= 304 29.858 ms - -","timestamp":"2025-01-29 05:08:38"}
{"level":"info","message":"OPTIONS /api/v1/academy-programs?page=1&limit=10&search= 200 0.226 ms - -","timestamp":"2025-01-29 05:08:50"}
{"level":"info","message":"GET /api/v1/academy-programs?page=1&limit=10&search= 304 24.083 ms - -","timestamp":"2025-01-29 05:08:50"}
{"level":"info","message":"OPTIONS /api/v1/academy-programs?page=1&limit=10&search= 200 0.286 ms - -","timestamp":"2025-01-29 05:09:26"}
{"level":"info","message":"GET /api/v1/academy-programs?page=1&limit=10&search= 304 26.847 ms - -","timestamp":"2025-01-29 05:09:26"}
{"level":"info","message":"OPTIONS /api/v1/student/all-students 200 0.246 ms - -","timestamp":"2025-01-29 05:09:47"}
{"level":"info","message":"GET /api/v1/student/all-students 304 45.805 ms - -","timestamp":"2025-01-29 05:09:47"}
{"level":"info","message":"OPTIONS /api/v1/student-signups?page=1&limit=10&search= 200 0.288 ms - -","timestamp":"2025-01-29 05:09:49"}
{"level":"info","message":"GET /api/v1/student-signups?page=1&limit=10&search= 200 32.108 ms - 8406","timestamp":"2025-01-29 05:09:49"}
{"level":"info","message":"OPTIONS /api/v1/batch/options 200 0.279 ms - -","timestamp":"2025-01-29 05:09:51"}
{"level":"info","message":"GET /api/v1/batch/options 304 30.065 ms - -","timestamp":"2025-01-29 05:09:51"}
{"level":"info","message":"OPTIONS /api/v1/student-signups?page=1&limit=10&search= 200 0.213 ms - -","timestamp":"2025-01-29 05:09:54"}
{"level":"info","message":"GET /api/v1/student-signups?page=1&limit=10&search= 304 24.274 ms - -","timestamp":"2025-01-29 05:09:54"}
{"level":"info","message":"OPTIONS /api/v1/coach/all-coaches 200 0.268 ms - -","timestamp":"2025-01-29 05:09:55"}
{"level":"info","message":"OPTIONS /api/v1/student/all-students 200 0.241 ms - -","timestamp":"2025-01-29 05:09:55"}
{"level":"info","message":"OPTIONS /api/v1/superadmin/all-academies?page=1&limit=10&query= 200 0.299 ms - -","timestamp":"2025-01-29 05:09:55"}
{"level":"info","message":"OPTIONS /api/v1/batch?page=1&limit=10&query= 200 0.276 ms - -","timestamp":"2025-01-29 05:09:55"}
{"level":"info","message":"GET /api/v1/coach/all-coaches 200 55.268 ms - 2139","timestamp":"2025-01-29 05:09:55"}
{"level":"info","message":"GET /api/v1/superadmin/all-academies?page=1&limit=10&query= 200 48.625 ms - 322","timestamp":"2025-01-29 05:09:55"}
{"level":"info","message":"GET /api/v1/batch?page=1&limit=10&query= 304 46.779 ms - -","timestamp":"2025-01-29 05:09:55"}
{"level":"info","message":"GET /api/v1/student/all-students 304 71.089 ms - -","timestamp":"2025-01-29 05:09:55"}
{"level":"info","message":"Database connection successful","timestamp":"2025-01-29 05:16:20"}
{"level":"info","message":"Server is running on port 5000","timestamp":"2025-01-29 05:16:20"}
{"level":"info","message":"Initial origins update completed","timestamp":"2025-01-29 05:16:20"}
{"level":"info","message":"GET /api/v1/navigation/domain/localhost:3000 200 26.495 ms - 2005","timestamp":"2025-01-29 05:16:37"}
{"level":"info","message":"GET /api/v1/academy/domain/localhost:3000/pages/home 200 32.371 ms - 2089","timestamp":"2025-01-29 05:16:37"}
{"level":"error","statusCode":404,"timestamp":"2025-01-29 05:16:38"}
{"level":"info","message":"GET /api/v1/academy/domain/localhost:3000/pages/coach1.jpg 404 11.916 ms - 349","timestamp":"2025-01-29 05:16:38"}
{"level":"info","message":"GET /api/v1/navigation/domain/localhost:3000 200 16.752 ms - 2005","timestamp":"2025-01-29 05:16:38"}
{"level":"error","statusCode":404,"timestamp":"2025-01-29 05:16:38"}
{"level":"info","message":"GET /api/v1/academy/domain/localhost:3000/pages/coach1.jpg 404 10.421 ms - 349","timestamp":"2025-01-29 05:16:38"}
{"level":"error","statusCode":404,"timestamp":"2025-01-29 05:16:38"}
{"level":"info","message":"GET /api/v1/academy/domain/localhost:3000/pages/coach2.jpg 404 10.968 ms - 349","timestamp":"2025-01-29 05:16:38"}
{"level":"info","message":"GET /api/v1/navigation/domain/localhost:3000 200 11.209 ms - 2005","timestamp":"2025-01-29 05:16:38"}
{"level":"error","statusCode":404,"timestamp":"2025-01-29 05:16:38"}
{"level":"info","message":"GET /api/v1/academy/domain/localhost:3000/pages/coach2.jpg 404 14.231 ms - 349","timestamp":"2025-01-29 05:16:38"}
{"level":"\u001b[32minfo\u001b[39m","message":"Ngrok tunnels started successfully!","timestamp":"2025-01-29 05:19:15"}
{"level":"\u001b[32minfo\u001b[39m","message":"Ngrok URL: https://7500-49-36-217-247.ngrok-free.app","timestamp":"2025-01-29 05:19:15"}
{"level":"info","message":"Database connection successful","timestamp":"2025-01-29 05:19:16"}
{"level":"info","message":"Server is running on port 5000","timestamp":"2025-01-29 05:19:16"}
{"level":"info","message":"Initial origins update completed","timestamp":"2025-01-29 05:19:16"}
{"level":"info","message":"OPTIONS /api/v1/permission 200 0.708 ms - -","timestamp":"2025-01-29 05:19:26"}
{"level":"info","message":"GET /api/v1/permission 304 43.312 ms - -","timestamp":"2025-01-29 05:19:26"}
{"level":"info","message":"OPTIONS /api/v1/notifications 200 0.167 ms - -","timestamp":"2025-01-29 05:19:26"}
{"level":"info","message":"OPTIONS /api/v1/dashboard 200 0.154 ms - -","timestamp":"2025-01-29 05:19:26"}
{"level":"info","message":"GET /api/v1/notifications 304 10.374 ms - -","timestamp":"2025-01-29 05:19:26"}
{"level":"info","message":"GET /api/v1/dashboard 304 26.778 ms - -","timestamp":"2025-01-29 05:19:26"}
{"level":"info","message":"OPTIONS /api/v1/superadmin/all-academies?page=1&limit=10&query= 200 0.154 ms - -","timestamp":"2025-01-29 05:19:30"}
{"level":"info","message":"GET /api/v1/superadmin/all-academies?page=1&limit=10&query= 304 32.774 ms - -","timestamp":"2025-01-29 05:19:30"}
{"level":"info","message":"GET /api/v1/academy/domain/localhost:3000/pages/home 200 10.037 ms - 2089","timestamp":"2025-01-29 05:19:32"}
{"level":"info","message":"GET /api/v1/navigation/domain/localhost:3000 200 11.417 ms - 2005","timestamp":"2025-01-29 05:19:32"}
{"level":"error","statusCode":404,"timestamp":"2025-01-29 05:19:33"}
{"level":"info","message":"GET /api/v1/academy/domain/localhost:3000/pages/coach1.jpg 404 8.384 ms - 349","timestamp":"2025-01-29 05:19:33"}
{"level":"info","message":"GET /api/v1/navigation/domain/localhost:3000 200 8.619 ms - 2005","timestamp":"2025-01-29 05:19:33"}
{"level":"error","statusCode":404,"timestamp":"2025-01-29 05:19:33"}
{"level":"info","message":"GET /api/v1/academy/domain/localhost:3000/pages/coach1.jpg 404 10.370 ms - 349","timestamp":"2025-01-29 05:19:33"}
{"level":"error","statusCode":404,"timestamp":"2025-01-29 05:19:33"}
{"level":"info","message":"GET /api/v1/academy/domain/localhost:3000/pages/coach2.jpg 404 11.109 ms - 349","timestamp":"2025-01-29 05:19:33"}
{"level":"info","message":"GET /api/v1/navigation/domain/localhost:3000 200 11.525 ms - 2005","timestamp":"2025-01-29 05:19:33"}
{"level":"error","statusCode":404,"timestamp":"2025-01-29 05:19:33"}
{"level":"info","message":"GET /api/v1/academy/domain/localhost:3000/pages/coach2.jpg 404 12.539 ms - 349","timestamp":"2025-01-29 05:19:33"}
{"level":"error","statusCode":404,"timestamp":"2025-01-29 05:19:34"}
{"level":"info","message":"GET /api/v1/academy/domain/localhost:3000/pages/coach1.jpg 404 5.508 ms - 349","timestamp":"2025-01-29 05:19:34"}
{"level":"info","message":"GET /api/v1/navigation/domain/localhost:3000 200 7.782 ms - 2005","timestamp":"2025-01-29 05:19:34"}
{"level":"error","statusCode":404,"timestamp":"2025-01-29 05:19:34"}
{"level":"info","message":"GET /api/v1/academy/domain/localhost:3000/pages/coach1.jpg 404 4.485 ms - 349","timestamp":"2025-01-29 05:19:34"}
{"level":"error","statusCode":404,"timestamp":"2025-01-29 05:19:34"}
{"level":"info","message":"GET /api/v1/academy/domain/localhost:3000/pages/coach2.jpg 404 8.680 ms - 349","timestamp":"2025-01-29 05:19:34"}
{"level":"error","statusCode":404,"timestamp":"2025-01-29 05:19:34"}
{"level":"info","message":"GET /api/v1/academy/domain/localhost:3000/pages/coach2.jpg 404 7.496 ms - 349","timestamp":"2025-01-29 05:19:34"}
{"level":"info","message":"GET /api/v1/navigation/domain/localhost:3000 200 10.063 ms - 2005","timestamp":"2025-01-29 05:19:34"}
{"level":"info","message":"OPTIONS /api/v1/permission 200 0.082 ms - -","timestamp":"2025-01-29 05:19:34"}
{"level":"info","message":"GET /api/v1/permission 304 8.195 ms - -","timestamp":"2025-01-29 05:19:34"}
{"level":"info","message":"OPTIONS /api/v1/notifications 200 0.111 ms - -","timestamp":"2025-01-29 05:19:34"}
{"level":"info","message":"OPTIONS /api/v1/dashboard 200 0.149 ms - -","timestamp":"2025-01-29 05:19:34"}
{"level":"info","message":"GET /api/v1/notifications 304 6.350 ms - -","timestamp":"2025-01-29 05:19:34"}
{"level":"info","message":"GET /api/v1/dashboard 304 25.681 ms - -","timestamp":"2025-01-29 05:19:34"}
{"level":"info","message":"OPTIONS /api/v1/permission 200 0.099 ms - -","timestamp":"2025-01-29 05:19:45"}
{"level":"info","message":"GET /api/v1/permission 304 8.749 ms - -","timestamp":"2025-01-29 05:19:45"}
{"level":"info","message":"OPTIONS /api/v1/notifications 200 0.144 ms - -","timestamp":"2025-01-29 05:19:45"}
{"level":"info","message":"OPTIONS /api/v1/dashboard 200 0.135 ms - -","timestamp":"2025-01-29 05:19:45"}
{"level":"info","message":"GET /api/v1/notifications 304 8.419 ms - -","timestamp":"2025-01-29 05:19:45"}
{"level":"info","message":"GET /api/v1/dashboard 304 19.941 ms - -","timestamp":"2025-01-29 05:19:45"}
{"level":"info","message":"OPTIONS /api/v1/tasks 200 0.138 ms - -","timestamp":"2025-01-29 05:19:51"}
{"level":"info","message":"OPTIONS /api/v1/dashboard/student-stats 200 0.130 ms - -","timestamp":"2025-01-29 05:19:51"}
{"level":"info","message":"GET /api/v1/tasks 401 6.489 ms - 46","timestamp":"2025-01-29 05:19:51"}
{"level":"info","message":"GET /api/v1/dashboard/student-stats 401 4.033 ms - 46","timestamp":"2025-01-29 05:19:51"}
{"level":"info","message":"OPTIONS /api/v1/student/batchmates 200 0.109 ms - -","timestamp":"2025-01-29 05:19:51"}
{"level":"info","message":"GET /api/v1/student/batchmates 401 3.537 ms - 46","timestamp":"2025-01-29 05:19:51"}
{"level":"info","message":"OPTIONS /api/v1/notifications 200 0.079 ms - -","timestamp":"2025-01-29 05:19:51"}
{"level":"info","message":"GET /api/v1/notifications 401 2.654 ms - 46","timestamp":"2025-01-29 05:19:51"}
{"level":"info","message":"GET /api/v1/academy/domain/chess-in-chunks/pages/home 200 6.825 ms - 2089","timestamp":"2025-01-29 05:20:00"}
{"level":"info","message":"GET /api/v1/academy/domain/chess-in-chunks/pages/home 200 12.427 ms - 2089","timestamp":"2025-01-29 05:20:00"}
{"level":"info","message":"GET /api/v1/navigation/domain/chess-in-chunks 200 18.024 ms - 2005","timestamp":"2025-01-29 05:20:00"}
{"level":"error","statusCode":404,"timestamp":"2025-01-29 05:20:00"}
{"level":"info","message":"GET /api/v1/academy/domain/chess-in-chunks/pages/coach1.jpg 404 9.215 ms - 349","timestamp":"2025-01-29 05:20:00"}
{"level":"info","message":"GET /api/v1/navigation/domain/chess-in-chunks 200 15.821 ms - 2005","timestamp":"2025-01-29 05:20:00"}
{"level":"error","statusCode":404,"timestamp":"2025-01-29 05:20:00"}
{"level":"info","message":"GET /api/v1/academy/domain/chess-in-chunks/pages/coach1.jpg 404 10.481 ms - 349","timestamp":"2025-01-29 05:20:00"}
{"level":"error","statusCode":404,"timestamp":"2025-01-29 05:20:00"}
{"level":"info","message":"GET /api/v1/academy/domain/chess-in-chunks/pages/coach2.jpg 404 8.672 ms - 349","timestamp":"2025-01-29 05:20:00"}
{"level":"error","statusCode":404,"timestamp":"2025-01-29 05:20:00"}
{"level":"info","message":"GET /api/v1/academy/domain/chess-in-chunks/pages/coach2.jpg 404 8.465 ms - 349","timestamp":"2025-01-29 05:20:00"}
{"level":"info","message":"GET /api/v1/navigation/domain/chess-in-chunks 200 18.045 ms - 2005","timestamp":"2025-01-29 05:20:00"}
{"level":"error","statusCode":404,"timestamp":"2025-01-29 05:20:02"}
{"level":"info","message":"GET /api/v1/academy/domain/chess-in-chunks/pages/coach1.jpg 404 7.732 ms - 349","timestamp":"2025-01-29 05:20:02"}
{"level":"info","message":"GET /api/v1/navigation/domain/chess-in-chunks 200 11.799 ms - 2005","timestamp":"2025-01-29 05:20:02"}
{"level":"error","statusCode":404,"timestamp":"2025-01-29 05:20:02"}
{"level":"info","message":"GET /api/v1/academy/domain/chess-in-chunks/pages/coach1.jpg 404 8.455 ms - 349","timestamp":"2025-01-29 05:20:02"}
{"level":"error","statusCode":404,"timestamp":"2025-01-29 05:20:02"}
{"level":"info","message":"GET /api/v1/academy/domain/chess-in-chunks/pages/coach2.jpg 404 9.296 ms - 349","timestamp":"2025-01-29 05:20:02"}
{"level":"error","statusCode":404,"timestamp":"2025-01-29 05:20:02"}
{"level":"info","message":"GET /api/v1/academy/domain/chess-in-chunks/pages/coach2.jpg 404 6.565 ms - 349","timestamp":"2025-01-29 05:20:02"}
{"level":"info","message":"GET /api/v1/navigation/domain/chess-in-chunks 200 11.944 ms - 2005","timestamp":"2025-01-29 05:20:02"}
{"level":"info","message":"OPTIONS /api/v1/auth/check-mfa 200 0.194 ms - -","timestamp":"2025-01-29 05:20:15"}
{"level":"info","message":"POST /api/v1/auth/check-mfa 200 292.994 ms - 49","timestamp":"2025-01-29 05:20:16"}
{"level":"info","message":"POST /api/v1/auth/login-with-password 200 277.816 ms - 868","timestamp":"2025-01-29 05:20:16"}
{"level":"info","message":"OPTIONS /api/v1/notifications 200 0.210 ms - -","timestamp":"2025-01-29 05:20:19"}
{"level":"info","message":"GET /api/v1/notifications 304 14.908 ms - -","timestamp":"2025-01-29 05:20:19"}
{"level":"info","message":"OPTIONS /api/v1/tasks 200 0.173 ms - -","timestamp":"2025-01-29 05:20:19"}
{"level":"info","message":"OPTIONS /api/v1/dashboard/student-stats 200 0.176 ms - -","timestamp":"2025-01-29 05:20:19"}
{"level":"info","message":"GET /api/v1/tasks 200 25.551 ms - 2","timestamp":"2025-01-29 05:20:19"}
{"level":"info","message":"OPTIONS /api/v1/student/batchmates 200 0.170 ms - -","timestamp":"2025-01-29 05:20:19"}
{"level":"info","message":"GET /api/v1/student/batchmates 200 65.041 ms - 3630","timestamp":"2025-01-29 05:20:19"}
{"level":"error","statusCode":500,"timestamp":"2025-01-29 05:20:19"}
{"level":"info","message":"GET /api/v1/dashboard/student-stats 500 112.874 ms - 501","timestamp":"2025-01-29 05:20:19"}
{"level":"info","message":"Database connection successful","timestamp":"2025-01-29 05:21:05"}
{"level":"info","message":"Server is running on port 5000","timestamp":"2025-01-29 05:21:05"}
{"level":"info","message":"Initial origins update completed","timestamp":"2025-01-29 05:21:05"}
{"level":"info","message":"OPTIONS /api/v1/notifications 200 2.402 ms - -","timestamp":"2025-01-29 05:21:19"}
{"level":"info","message":"GET /api/v1/notifications 304 59.714 ms - -","timestamp":"2025-01-29 05:21:19"}
{"level":"info","message":"OPTIONS /api/v1/tasks 200 0.250 ms - -","timestamp":"2025-01-29 05:21:37"}
{"level":"info","message":"OPTIONS /api/v1/dashboard/student-stats 200 0.448 ms - -","timestamp":"2025-01-29 05:21:37"}
{"level":"info","message":"GET /api/v1/tasks 304 42.098 ms - -","timestamp":"2025-01-29 05:21:37"}
{"level":"info","message":"OPTIONS /api/v1/student/batchmates 200 0.235 ms - -","timestamp":"2025-01-29 05:21:37"}
{"level":"info","message":"GET /api/v1/dashboard/student-stats 200 123.711 ms - 1030","timestamp":"2025-01-29 05:21:38"}
{"level":"info","message":"GET /api/v1/student/batchmates 304 90.564 ms - -","timestamp":"2025-01-29 05:21:38"}
{"level":"info","message":"OPTIONS /api/v1/notifications 200 0.157 ms - -","timestamp":"2025-01-29 05:21:38"}
{"level":"info","message":"GET /api/v1/notifications 304 11.958 ms - -","timestamp":"2025-01-29 05:21:38"}
{"level":"info","message":"OPTIONS /api/v1/dashboard/student/chess-stats?startDate=2024-12-28&endDate=2025-01-28 200 0.188 ms - -","timestamp":"2025-01-29 05:21:38"}
{"level":"info","message":"GET /api/v1/dashboard/student/chess-stats?startDate=2024-12-28&endDate=2025-01-28 200 20.393 ms - 386","timestamp":"2025-01-29 05:21:38"}
{"level":"info","message":"OPTIONS /api/v1/events/student 200 0.191 ms - -","timestamp":"2025-01-29 05:21:38"}
{"level":"info","message":"OPTIONS /api/v1/quiz/student-attempts 200 0.174 ms - -","timestamp":"2025-01-29 05:21:38"}
{"level":"info","message":"OPTIONS /api/v1/goal/weekly-goals/student 200 0.213 ms - -","timestamp":"2025-01-29 05:21:38"}
{"level":"info","message":"GET /api/v1/quiz/student-attempts 200 31.556 ms - 2","timestamp":"2025-01-29 05:21:38"}
{"level":"info","message":"GET /api/v1/events/student 304 37.367 ms - -","timestamp":"2025-01-29 05:21:38"}
{"level":"info","message":"GET /api/v1/goal/weekly-goals/student 200 20.487 ms - 2","timestamp":"2025-01-29 05:21:38"}
{"level":"info","message":"GET /api/v1/academy/domain/localhost:3000/pages/home 200 20.519 ms - 2089","timestamp":"2025-01-29 05:21:57"}
{"level":"info","message":"GET /api/v1/navigation/domain/localhost:3000 200 28.226 ms - 2005","timestamp":"2025-01-29 05:21:57"}
{"level":"info","message":"OPTIONS /api/v1/permission 200 0.260 ms - -","timestamp":"2025-01-29 05:22:00"}
{"level":"info","message":"GET /api/v1/permission 304 20.314 ms - -","timestamp":"2025-01-29 05:22:00"}
{"level":"info","message":"OPTIONS /api/v1/notifications 200 0.248 ms - -","timestamp":"2025-01-29 05:22:00"}
{"level":"info","message":"OPTIONS /api/v1/dashboard 200 0.304 ms - -","timestamp":"2025-01-29 05:22:00"}
{"level":"info","message":"GET /api/v1/notifications 304 19.548 ms - -","timestamp":"2025-01-29 05:22:00"}
{"level":"info","message":"GET /api/v1/dashboard 304 46.245 ms - -","timestamp":"2025-01-29 05:22:00"}
{"level":"info","message":"OPTIONS /api/v1/permission/roles 200 0.231 ms - -","timestamp":"2025-01-29 05:22:03"}
{"level":"info","message":"GET /api/v1/permission/roles 304 21.344 ms - -","timestamp":"2025-01-29 05:22:03"}
{"level":"info","message":"OPTIONS /api/v1/permission 200 0.227 ms - -","timestamp":"2025-01-29 05:22:13"}
{"level":"info","message":"OPTIONS /api/v1/permission 200 0.249 ms - -","timestamp":"2025-01-29 05:22:13"}
{"level":"info","message":"OPTIONS /api/v1/permission 200 0.189 ms - -","timestamp":"2025-01-29 05:22:13"}
{"level":"info","message":"OPTIONS /api/v1/permission 200 0.234 ms - -","timestamp":"2025-01-29 05:22:13"}
{"level":"info","message":"PUT /api/v1/permission 200 157.938 ms - 12","timestamp":"2025-01-29 05:22:13"}
{"level":"info","message":"PUT /api/v1/permission 200 61.842 ms - 12","timestamp":"2025-01-29 05:22:13"}
{"level":"info","message":"PUT /api/v1/permission 200 15.730 ms - 11","timestamp":"2025-01-29 05:22:13"}
{"level":"info","message":"PUT /api/v1/permission 200 16.228 ms - 11","timestamp":"2025-01-29 05:22:13"}
{"level":"info","message":"OPTIONS /api/v1/permission/roles 200 0.169 ms - -","timestamp":"2025-01-29 05:22:13"}
{"level":"info","message":"GET /api/v1/permission 200 21.975 ms - 1122","timestamp":"2025-01-29 05:22:13"}
{"level":"info","message":"GET /api/v1/permission/roles 200 25.018 ms - 34602","timestamp":"2025-01-29 05:22:13"}
{"level":"info","message":"OPTIONS /api/v1/notifications 200 0.244 ms - -","timestamp":"2025-01-29 05:22:16"}
{"level":"info","message":"OPTIONS /api/v1/dashboard 200 0.264 ms - -","timestamp":"2025-01-29 05:22:16"}
{"level":"info","message":"OPTIONS /api/v1/permission 200 0.222 ms - -","timestamp":"2025-01-29 05:22:16"}
{"level":"info","message":"GET /api/v1/notifications 304 19.062 ms - -","timestamp":"2025-01-29 05:22:16"}
{"level":"info","message":"GET /api/v1/permission 200 18.620 ms - 3435","timestamp":"2025-01-29 05:22:16"}
{"level":"info","message":"GET /api/v1/dashboard 304 48.494 ms - -","timestamp":"2025-01-29 05:22:16"}
{"level":"info","message":"OPTIONS /api/v1/quiz?page=1&limit=10&search= 200 0.156 ms - -","timestamp":"2025-01-29 05:22:18"}
{"level":"info","message":"GET /api/v1/quiz?page=1&limit=10&search= 200 19.611 ms - 2","timestamp":"2025-01-29 05:22:18"}
{"level":"info","message":"OPTIONS /api/v1/notifications 200 0.229 ms - -","timestamp":"2025-01-29 05:22:39"}
{"level":"info","message":"GET /api/v1/notifications 304 11.241 ms - -","timestamp":"2025-01-29 05:22:39"}
{"level":"info","message":"OPTIONS /api/v1/notifications 200 0.224 ms - -","timestamp":"2025-01-29 05:23:40"}
{"level":"info","message":"GET /api/v1/notifications 304 10.834 ms - -","timestamp":"2025-01-29 05:23:40"}
{"level":"info","message":"OPTIONS /api/v1/quiz 200 0.194 ms - -","timestamp":"2025-01-29 05:23:59"}
{"level":"info","message":"POST /api/v1/quiz 201 89.889 ms - 1361","timestamp":"2025-01-29 05:24:00"}
{"level":"info","message":"OPTIONS /api/v1/quiz?page=1&limit=10&search= 200 0.276 ms - -","timestamp":"2025-01-29 05:24:00"}
{"level":"info","message":"GET /api/v1/quiz?page=1&limit=10&search= 200 23.287 ms - 2091","timestamp":"2025-01-29 05:24:00"}
{"level":"info","message":"OPTIONS /api/v1/student/all-students 200 0.187 ms - -","timestamp":"2025-01-29 05:24:35"}
{"level":"info","message":"GET /api/v1/student/all-students 200 49.310 ms - 5342","timestamp":"2025-01-29 05:24:35"}
{"level":"info","message":"OPTIONS /api/v1/quiz/assign 200 0.186 ms - -","timestamp":"2025-01-29 05:24:38"}
{"level":"info","message":"POST /api/v1/quiz/assign 201 59.413 ms - 1904","timestamp":"2025-01-29 05:24:38"}
{"level":"info","message":"OPTIONS /api/v1/quiz?page=1&limit=10&search= 200 0.295 ms - -","timestamp":"2025-01-29 05:24:38"}
{"level":"info","message":"GET /api/v1/quiz?page=1&limit=10&search= 200 27.801 ms - 2759","timestamp":"2025-01-29 05:24:38"}
{"level":"info","message":"OPTIONS /api/v1/notifications 200 0.249 ms - -","timestamp":"2025-01-29 05:24:41"}
{"level":"info","message":"GET /api/v1/notifications 304 12.398 ms - -","timestamp":"2025-01-29 05:24:41"}
{"level":"info","message":"OPTIONS /api/v1/tasks 200 0.168 ms - -","timestamp":"2025-01-29 05:24:46"}
{"level":"info","message":"OPTIONS /api/v1/dashboard/student-stats 200 0.220 ms - -","timestamp":"2025-01-29 05:24:46"}
{"level":"info","message":"GET /api/v1/tasks 200 23.072 ms - 3055","timestamp":"2025-01-29 05:24:46"}
{"level":"info","message":"GET /api/v1/dashboard/student-stats 304 28.296 ms - -","timestamp":"2025-01-29 05:24:46"}
{"level":"info","message":"OPTIONS /api/v1/student/batchmates 200 0.221 ms - -","timestamp":"2025-01-29 05:24:46"}
{"level":"info","message":"GET /api/v1/student/batchmates 304 27.211 ms - -","timestamp":"2025-01-29 05:24:46"}
{"level":"info","message":"OPTIONS /api/v1/notifications 200 0.207 ms - -","timestamp":"2025-01-29 05:24:47"}
{"level":"info","message":"OPTIONS /api/v1/dashboard/student/chess-stats?startDate=2024-12-28&endDate=2025-01-28 200 0.216 ms - -","timestamp":"2025-01-29 05:24:47"}
{"level":"info","message":"OPTIONS /api/v1/events/student 200 0.198 ms - -","timestamp":"2025-01-29 05:24:47"}
{"level":"info","message":"OPTIONS /api/v1/quiz/student-attempts 200 0.249 ms - -","timestamp":"2025-01-29 05:24:47"}
{"level":"info","message":"GET /api/v1/notifications 304 25.226 ms - -","timestamp":"2025-01-29 05:24:47"}
{"level":"info","message":"GET /api/v1/dashboard/student/chess-stats?startDate=2024-12-28&endDate=2025-01-28 304 30.029 ms - -","timestamp":"2025-01-29 05:24:47"}
{"level":"info","message":"GET /api/v1/events/student 304 31.659 ms - -","timestamp":"2025-01-29 05:24:47"}
{"level":"info","message":"OPTIONS /api/v1/goal/weekly-goals/student 200 0.233 ms - -","timestamp":"2025-01-29 05:24:47"}
{"level":"info","message":"GET /api/v1/quiz/student-attempts 304 22.044 ms - -","timestamp":"2025-01-29 05:24:47"}
{"level":"info","message":"GET /api/v1/goal/weekly-goals/student 304 16.056 ms - -","timestamp":"2025-01-29 05:24:47"}
{"level":"info","message":"OPTIONS /api/v1/quiz/id/4575132d-3ab7-43ae-84c8-0247b4aa32f6 200 0.169 ms - -","timestamp":"2025-01-29 05:25:09"}
{"level":"info","message":"GET /api/v1/quiz/id/4575132d-3ab7-43ae-84c8-0247b4aa32f6 200 28.139 ms - 2887","timestamp":"2025-01-29 05:25:09"}
{"level":"info","message":"OPTIONS /api/v1/quiz/attempt/4575132d-3ab7-43ae-84c8-0247b4aa32f6 200 0.186 ms - -","timestamp":"2025-01-29 05:25:10"}
{"level":"info","message":"POST /api/v1/quiz/attempt/4575132d-3ab7-43ae-84c8-0247b4aa32f6 201 28.195 ms - 2862","timestamp":"2025-01-29 05:25:10"}
{"level":"info","message":"GET /api/v1/quiz/id/4575132d-3ab7-43ae-84c8-0247b4aa32f6 200 21.334 ms - 5906","timestamp":"2025-01-29 05:25:10"}
{"level":"info","message":"OPTIONS /api/v1/notifications 200 0.174 ms - -","timestamp":"2025-01-29 05:25:48"}
{"level":"info","message":"GET /api/v1/notifications 304 33.995 ms - -","timestamp":"2025-01-29 05:25:48"}
{"level":"info","message":"OPTIONS /api/v1/notifications 200 0.116 ms - -","timestamp":"2025-01-29 05:26:49"}
{"level":"info","message":"GET /api/v1/notifications 304 71.913 ms - -","timestamp":"2025-01-29 05:26:49"}
{"level":"info","message":"OPTIONS /api/v1/notifications 200 0.181 ms - -","timestamp":"2025-01-29 05:27:50"}
{"level":"info","message":"GET /api/v1/notifications 304 86.547 ms - -","timestamp":"2025-01-29 05:27:50"}
{"level":"info","message":"OPTIONS /api/v1/notifications 200 0.165 ms - -","timestamp":"2025-01-29 05:28:51"}
{"level":"info","message":"GET /api/v1/notifications 304 10.046 ms - -","timestamp":"2025-01-29 05:28:51"}
{"level":"info","message":"OPTIONS /api/v1/notifications 200 0.211 ms - -","timestamp":"2025-01-29 05:29:52"}
{"level":"info","message":"GET /api/v1/notifications 304 43.865 ms - -","timestamp":"2025-01-29 05:29:52"}
{"level":"error","statusCode":404,"timestamp":"2025-01-29 05:31:00"}
{"level":"info","message":"GET /api/v1/academy/domain/chess-in-chunks/pages/_next/static/webpack/5f1ff4dc7814f4f9.webpack.hot-update.json 404 84.248 ms - 349","timestamp":"2025-01-29 05:31:00"}
{"level":"info","message":"GET /api/v1/navigation/domain/chess-in-chunks 200 78.206 ms - 2005","timestamp":"2025-01-29 05:31:00"}
{"level":"error","statusCode":404,"timestamp":"2025-01-29 05:31:00"}
{"level":"info","message":"GET /api/v1/academy/domain/chess-in-chunks/pages/_next/static/webpack/5f1ff4dc7814f4f9.webpack.hot-update.json 404 79.031 ms - 349","timestamp":"2025-01-29 05:31:00"}
{"level":"info","message":"OPTIONS /api/v1/tasks 200 0.133 ms - -","timestamp":"2025-01-29 05:31:05"}
{"level":"info","message":"OPTIONS /api/v1/dashboard/student-stats 200 0.136 ms - -","timestamp":"2025-01-29 05:31:05"}
{"level":"info","message":"OPTIONS /api/v1/student/batchmates 200 0.125 ms - -","timestamp":"2025-01-29 05:31:05"}
{"level":"info","message":"GET /api/v1/student/batchmates 304 97.959 ms - -","timestamp":"2025-01-29 05:31:05"}
{"level":"info","message":"GET /api/v1/tasks 304 123.845 ms - -","timestamp":"2025-01-29 05:31:05"}
{"level":"info","message":"GET /api/v1/dashboard/student-stats 304 133.469 ms - -","timestamp":"2025-01-29 05:31:05"}
{"level":"info","message":"OPTIONS /api/v1/notifications 200 0.119 ms - -","timestamp":"2025-01-29 05:31:06"}
{"level":"info","message":"GET /api/v1/notifications 304 70.735 ms - -","timestamp":"2025-01-29 05:31:06"}
{"level":"info","message":"OPTIONS /api/v1/dashboard/student/chess-stats?startDate=2024-12-29&endDate=2025-01-29 200 0.196 ms - -","timestamp":"2025-01-29 05:31:48"}
{"level":"info","message":"OPTIONS /api/v1/events/student 200 0.225 ms - -","timestamp":"2025-01-29 05:31:48"}
{"level":"info","message":"OPTIONS /api/v1/quiz/student-attempts 200 0.223 ms - -","timestamp":"2025-01-29 05:31:48"}
{"level":"info","message":"GET /api/v1/dashboard/student/chess-stats?startDate=2024-12-29&endDate=2025-01-29 200 125.010 ms - 386","timestamp":"2025-01-29 05:31:48"}
{"level":"info","message":"GET /api/v1/events/student 304 91.363 ms - -","timestamp":"2025-01-29 05:31:48"}
{"level":"info","message":"GET /api/v1/quiz/student-attempts 200 49.629 ms - 1025","timestamp":"2025-01-29 05:31:48"}
{"level":"info","message":"OPTIONS /api/v1/goal/weekly-goals/student 200 0.182 ms - -","timestamp":"2025-01-29 05:31:48"}
{"level":"info","message":"GET /api/v1/goal/weekly-goals/student 304 21.876 ms - -","timestamp":"2025-01-29 05:31:48"}
{"level":"info","message":"OPTIONS /api/v1/notifications 200 0.178 ms - -","timestamp":"2025-01-29 05:32:07"}
{"level":"info","message":"GET /api/v1/notifications 304 106.348 ms - -","timestamp":"2025-01-29 05:32:07"}
{"level":"info","message":"OPTIONS /api/v1/quiz/id/4575132d-3ab7-43ae-84c8-0247b4aa32f6 200 0.218 ms - -","timestamp":"2025-01-29 05:32:53"}
{"level":"info","message":"GET /api/v1/quiz/id/4575132d-3ab7-43ae-84c8-0247b4aa32f6 304 128.634 ms - -","timestamp":"2025-01-29 05:32:53"}
{"level":"info","message":"OPTIONS /api/v1/notifications 200 0.207 ms - -","timestamp":"2025-01-29 05:33:07"}
{"level":"info","message":"GET /api/v1/notifications 304 25.635 ms - -","timestamp":"2025-01-29 05:33:07"}
{"level":"info","message":"OPTIONS /api/v1/quiz/id/4575132d-3ab7-43ae-84c8-0247b4aa32f6 200 0.385 ms - -","timestamp":"2025-01-29 05:35:39"}
{"level":"info","message":"GET /api/v1/quiz/id/4575132d-3ab7-43ae-84c8-0247b4aa32f6 304 103.228 ms - -","timestamp":"2025-01-29 05:35:39"}
{"level":"info","message":"OPTIONS /api/v1/notifications 200 0.197 ms - -","timestamp":"2025-01-29 05:35:39"}
{"level":"info","message":"GET /api/v1/notifications 304 11.069 ms - -","timestamp":"2025-01-29 05:35:39"}
{"level":"info","message":"OPTIONS /api/v1/quiz/complete/46c4e672-c836-4593-94ee-310a9467f650 200 0.240 ms - -","timestamp":"2025-01-29 05:35:44"}
{"level":"info","message":"PATCH /api/v1/quiz/complete/46c4e672-c836-4593-94ee-310a9467f650 200 59.939 ms - 2319","timestamp":"2025-01-29 05:35:44"}
{"level":"info","message":"OPTIONS /api/v1/notifications 200 0.259 ms - -","timestamp":"2025-01-29 05:35:46"}
{"level":"info","message":"OPTIONS /api/v1/permission/roles 200 0.222 ms - -","timestamp":"2025-01-29 05:35:46"}
{"level":"info","message":"OPTIONS /api/v1/permission 200 0.316 ms - -","timestamp":"2025-01-29 05:35:47"}
{"level":"info","message":"OPTIONS /api/v1/notifications 200 0.198 ms - -","timestamp":"2025-01-29 05:35:47"}
{"level":"info","message":"OPTIONS /api/v1/quiz?page=1&limit=10&search= 200 0.321 ms - -","timestamp":"2025-01-29 05:35:47"}
{"level":"info","message":"OPTIONS /api/v1/permission 200 0.190 ms - -","timestamp":"2025-01-29 05:35:47"}
{"level":"info","message":"OPTIONS /api/v1/notifications 200 0.189 ms - -","timestamp":"2025-01-29 05:36:39"}
{"level":"info","message":"GET /api/v1/notifications 304 30.904 ms - -","timestamp":"2025-01-29 05:36:39"}
{"level":"info","message":"OPTIONS /api/v1/quiz/attempt/4575132d-3ab7-43ae-84c8-0247b4aa32f6 200 0.076 ms - -","timestamp":"2025-01-29 05:36:50"}
{"level":"info","message":"POST /api/v1/quiz/attempt/4575132d-3ab7-43ae-84c8-0247b4aa32f6 201 38.785 ms - 2862","timestamp":"2025-01-29 05:36:50"}
{"level":"info","message":"OPTIONS /api/v1/quiz/id/4575132d-3ab7-43ae-84c8-0247b4aa32f6 200 0.110 ms - -","timestamp":"2025-01-29 05:36:51"}
{"level":"info","message":"GET /api/v1/quiz/id/4575132d-3ab7-43ae-84c8-0247b4aa32f6 200 21.989 ms - 19807","timestamp":"2025-01-29 05:36:51"}
{"level":"info","message":"OPTIONS /api/v1/notifications 200 0.154 ms - -","timestamp":"2025-01-29 05:37:40"}
{"level":"info","message":"GET /api/v1/notifications 304 14.164 ms - -","timestamp":"2025-01-29 05:37:40"}
{"level":"info","message":"OPTIONS /api/v1/tasks 200 0.152 ms - -","timestamp":"2025-01-29 05:38:09"}
{"level":"info","message":"OPTIONS /api/v1/dashboard/student-stats 200 0.188 ms - -","timestamp":"2025-01-29 05:38:09"}
{"level":"info","message":"GET /api/v1/tasks 304 33.670 ms - -","timestamp":"2025-01-29 05:38:09"}
{"level":"info","message":"OPTIONS /api/v1/student/batchmates 200 0.156 ms - -","timestamp":"2025-01-29 05:38:09"}
{"level":"info","message":"GET /api/v1/dashboard/student-stats 304 38.900 ms - -","timestamp":"2025-01-29 05:38:09"}
{"level":"info","message":"GET /api/v1/student/batchmates 304 28.226 ms - -","timestamp":"2025-01-29 05:38:09"}
{"level":"info","message":"OPTIONS /api/v1/dashboard/student/chess-stats?startDate=2024-12-29&endDate=2025-01-29 200 0.178 ms - -","timestamp":"2025-01-29 05:38:10"}
{"level":"info","message":"OPTIONS /api/v1/events/student 200 0.166 ms - -","timestamp":"2025-01-29 05:38:10"}
{"level":"info","message":"OPTIONS /api/v1/quiz/student-attempts 200 0.199 ms - -","timestamp":"2025-01-29 05:38:10"}
{"level":"info","message":"OPTIONS /api/v1/goal/weekly-goals/student 200 0.175 ms - -","timestamp":"2025-01-29 05:38:10"}
{"level":"info","message":"GET /api/v1/quiz/student-attempts 200 21.351 ms - 2062","timestamp":"2025-01-29 05:38:10"}
{"level":"info","message":"GET /api/v1/goal/weekly-goals/student 304 18.871 ms - -","timestamp":"2025-01-29 05:38:10"}
{"level":"info","message":"GET /api/v1/dashboard/student/chess-stats?startDate=2024-12-29&endDate=2025-01-29 304 67.719 ms - -","timestamp":"2025-01-29 05:38:10"}
{"level":"info","message":"GET /api/v1/events/student 304 84.197 ms - -","timestamp":"2025-01-29 05:38:10"}
{"level":"info","message":"OPTIONS /api/v1/superadmin/all-academies?page=1&limit=10&query= 200 0.234 ms - -","timestamp":"2025-01-29 05:38:24"}
{"level":"info","message":"GET /api/v1/superadmin/all-academies?page=1&limit=10&query= 304 56.795 ms - -","timestamp":"2025-01-29 05:38:24"}
{"level":"info","message":"OPTIONS /api/v1/quiz/id/4575132d-3ab7-43ae-84c8-0247b4aa32f6 200 0.216 ms - -","timestamp":"2025-01-29 05:38:28"}
{"level":"info","message":"GET /api/v1/quiz/id/4575132d-3ab7-43ae-84c8-0247b4aa32f6 304 53.295 ms - -","timestamp":"2025-01-29 05:38:28"}
{"level":"info","message":"OPTIONS /api/v1/quiz/review/46c4e672-c836-4593-94ee-310a9467f650 200 0.566 ms - -","timestamp":"2025-01-29 05:38:32"}
{"level":"info","message":"GET /api/v1/quiz/review/46c4e672-c836-4593-94ee-310a9467f650 200 49.778 ms - 4782","timestamp":"2025-01-29 05:38:32"}
{"level":"info","message":"OPTIONS /api/v1/notifications 200 0.248 ms - -","timestamp":"2025-01-29 05:38:41"}
{"level":"info","message":"GET /api/v1/notifications 304 20.940 ms - -","timestamp":"2025-01-29 05:38:41"}
{"level":"info","message":"OPTIONS /api/v1/notifications 200 0.375 ms - -","timestamp":"2025-01-29 05:39:43"}
{"level":"info","message":"GET /api/v1/notifications 304 545.116 ms - -","timestamp":"2025-01-29 05:39:45"}
{"level":"info","message":"OPTIONS /api/v1/quiz?page=1&limit=10&search= 200 0.213 ms - -","timestamp":"2025-01-29 05:40:01"}
{"level":"info","message":"GET /api/v1/quiz?page=1&limit=10&search= 304 36.136 ms - -","timestamp":"2025-01-29 05:40:01"}
{"level":"info","message":"OPTIONS /api/v1/batch/options 200 0.176 ms - -","timestamp":"2025-01-29 05:40:27"}
{"level":"info","message":"OPTIONS /api/v1/goal/seasonal-goals 200 0.270 ms - -","timestamp":"2025-01-29 05:40:27"}
{"level":"info","message":"GET /api/v1/batch/options 304 33.872 ms - -","timestamp":"2025-01-29 05:40:27"}
{"level":"info","message":"GET /api/v1/goal/seasonal-goals 200 52.952 ms - 2","timestamp":"2025-01-29 05:40:27"}
{"level":"info","message":"OPTIONS /api/v1/goal/create-seasonal 200 0.190 ms - -","timestamp":"2025-01-29 05:40:34"}
{"level":"info","message":"POST /api/v1/goal/create-seasonal 200 36.000 ms - 262","timestamp":"2025-01-29 05:40:34"}
{"level":"info","message":"OPTIONS /api/v1/goal/seasonal-goals 200 0.222 ms - -","timestamp":"2025-01-29 05:40:34"}
{"level":"info","message":"GET /api/v1/goal/seasonal-goals 200 25.192 ms - 292","timestamp":"2025-01-29 05:40:34"}
{"level":"info","message":"OPTIONS /api/v1/goal/monthly-goals 200 0.181 ms - -","timestamp":"2025-01-29 05:40:35"}
{"level":"info","message":"GET /api/v1/goal/monthly-goals 200 28.147 ms - 2","timestamp":"2025-01-29 05:40:35"}
{"level":"info","message":"OPTIONS /api/v1/goal/seasonal-goals/options?batchId=b1f73edb-4ccc-4d5d-9e25-7e2934bf2bb5 200 0.178 ms - -","timestamp":"2025-01-29 05:40:37"}
{"level":"info","message":"GET /api/v1/goal/seasonal-goals/options?batchId=b1f73edb-4ccc-4d5d-9e25-7e2934bf2bb5 200 17.698 ms - 61","timestamp":"2025-01-29 05:40:37"}
{"level":"info","message":"OPTIONS /api/v1/goal/create-monthly 200 0.180 ms - -","timestamp":"2025-01-29 05:40:40"}
{"level":"info","message":"POST /api/v1/goal/create-monthly 200 40.497 ms - 318","timestamp":"2025-01-29 05:40:41"}
{"level":"info","message":"OPTIONS /api/v1/goal/monthly-goals 200 0.191 ms - -","timestamp":"2025-01-29 05:40:41"}
{"level":"info","message":"GET /api/v1/goal/monthly-goals 200 21.296 ms - 347","timestamp":"2025-01-29 05:40:41"}
{"level":"info","message":"OPTIONS /api/v1/goal/weekly-goals 200 0.159 ms - -","timestamp":"2025-01-29 05:40:42"}
{"level":"info","message":"GET /api/v1/goal/weekly-goals 200 23.556 ms - 2","timestamp":"2025-01-29 05:40:42"}
{"level":"info","message":"OPTIONS /api/v1/goal/seasonal-goals/options?batchId=b1f73edb-4ccc-4d5d-9e25-7e2934bf2bb5 200 0.197 ms - -","timestamp":"2025-01-29 05:40:45"}
{"level":"info","message":"GET /api/v1/goal/seasonal-goals/options?batchId=b1f73edb-4ccc-4d5d-9e25-7e2934bf2bb5 304 13.507 ms - -","timestamp":"2025-01-29 05:40:45"}
{"level":"info","message":"OPTIONS /api/v1/notifications 200 0.260 ms - -","timestamp":"2025-01-29 05:40:46"}
{"level":"info","message":"GET /api/v1/notifications 304 12.029 ms - -","timestamp":"2025-01-29 05:40:46"}
{"level":"info","message":"OPTIONS /api/v1/goal/monthly-goals/options?seasonalGoalId=b753f7b5-60c6-4ed9-a449-02c0205389d8 200 0.187 ms - -","timestamp":"2025-01-29 05:40:47"}
{"level":"info","message":"GET /api/v1/goal/monthly-goals/options?seasonalGoalId=b753f7b5-60c6-4ed9-a449-02c0205389d8 200 15.628 ms - 61","timestamp":"2025-01-29 05:40:48"}
{"level":"info","message":"OPTIONS /api/v1/goal/create-weekly 200 0.179 ms - -","timestamp":"2025-01-29 05:41:09"}
{"level":"info","message":"POST /api/v1/goal/create-weekly 200 82.683 ms - 205","timestamp":"2025-01-29 05:41:09"}
{"level":"info","message":"OPTIONS /api/v1/goal/weekly-goals 200 0.201 ms - -","timestamp":"2025-01-29 05:41:10"}
{"level":"info","message":"GET /api/v1/goal/weekly-goals 200 24.151 ms - 369","timestamp":"2025-01-29 05:41:10"}
{"level":"info","message":"OPTIONS /api/v1/goal/assigned-weekly-goals?page=1&limit=10 200 0.241 ms - -","timestamp":"2025-01-29 05:41:12"}
{"level":"info","message":"GET /api/v1/goal/assigned-weekly-goals?page=1&limit=10 200 50.234 ms - 71","timestamp":"2025-01-29 05:41:12"}
{"level":"info","message":"OPTIONS /api/v1/goal/weekly-goals/options?monthlyGoalId=undefined&batchId=b1f73edb-4ccc-4d5d-9e25-7e2934bf2bb5 200 0.196 ms - -","timestamp":"2025-01-29 05:41:14"}
{"level":"info","message":"GET /api/v1/goal/weekly-goals/options?monthlyGoalId=undefined&batchId=b1f73edb-4ccc-4d5d-9e25-7e2934bf2bb5 200 16.891 ms - 61","timestamp":"2025-01-29 05:41:14"}
{"level":"info","message":"OPTIONS /api/v1/goal/assign-goal-to-batch 200 0.178 ms - -","timestamp":"2025-01-29 05:41:16"}
{"level":"info","message":"POST /api/v1/goal/assign-goal-to-batch 200 64.850 ms - 11","timestamp":"2025-01-29 05:41:16"}
{"level":"info","message":"GET /api/v1/goal/assigned-weekly-goals?page=1&limit=10 200 65.851 ms - 4768","timestamp":"2025-01-29 05:41:16"}
{"level":"info","message":"OPTIONS /api/v1/tasks 200 0.135 ms - -","timestamp":"2025-01-29 05:41:25"}
{"level":"info","message":"OPTIONS /api/v1/dashboard/student-stats 200 0.180 ms - -","timestamp":"2025-01-29 05:41:25"}
{"level":"info","message":"GET /api/v1/tasks 304 28.092 ms - -","timestamp":"2025-01-29 05:41:25"}
{"level":"info","message":"GET /api/v1/dashboard/student-stats 304 30.038 ms - -","timestamp":"2025-01-29 05:41:25"}
{"level":"info","message":"OPTIONS /api/v1/student/batchmates 200 0.188 ms - -","timestamp":"2025-01-29 05:41:25"}
{"level":"info","message":"GET /api/v1/student/batchmates 304 29.028 ms - -","timestamp":"2025-01-29 05:41:25"}
{"level":"info","message":"OPTIONS /api/v1/notifications 200 0.127 ms - -","timestamp":"2025-01-29 05:41:25"}
{"level":"info","message":"GET /api/v1/notifications 304 11.268 ms - -","timestamp":"2025-01-29 05:41:25"}
{"level":"info","message":"OPTIONS /api/v1/dashboard/student/chess-stats?startDate=2024-12-29&endDate=2025-01-29 200 0.150 ms - -","timestamp":"2025-01-29 05:41:25"}
{"level":"info","message":"GET /api/v1/dashboard/student/chess-stats?startDate=2024-12-29&endDate=2025-01-29 304 15.446 ms - -","timestamp":"2025-01-29 05:41:25"}
{"level":"info","message":"OPTIONS /api/v1/events/student 200 0.170 ms - -","timestamp":"2025-01-29 05:41:25"}
{"level":"info","message":"GET /api/v1/events/student 304 21.366 ms - -","timestamp":"2025-01-29 05:41:25"}
{"level":"info","message":"OPTIONS /api/v1/quiz/student-attempts 200 0.205 ms - -","timestamp":"2025-01-29 05:41:26"}
{"level":"info","message":"OPTIONS /api/v1/goal/weekly-goals/student 200 0.174 ms - -","timestamp":"2025-01-29 05:41:26"}
{"level":"info","message":"GET /api/v1/quiz/student-attempts 304 16.842 ms - -","timestamp":"2025-01-29 05:41:26"}
{"level":"info","message":"GET /api/v1/goal/weekly-goals/student 200 16.083 ms - 682","timestamp":"2025-01-29 05:41:26"}
{"level":"info","message":"GET /api/v1/academy/domain/chess-in-chunks/pages/home 200 57.135 ms - 2089","timestamp":"2025-01-29 05:41:38"}
{"level":"info","message":"GET /api/v1/navigation/domain/chess-in-chunks 200 60.348 ms - 2005","timestamp":"2025-01-29 05:41:38"}
{"level":"error","statusCode":404,"timestamp":"2025-01-29 05:41:38"}
{"level":"info","message":"GET /api/v1/academy/domain/chess-in-chunks/pages/coach1.jpg 404 23.734 ms - 349","timestamp":"2025-01-29 05:41:38"}
{"level":"info","message":"GET /api/v1/navigation/domain/chess-in-chunks 200 26.634 ms - 2005","timestamp":"2025-01-29 05:41:38"}
{"level":"error","statusCode":404,"timestamp":"2025-01-29 05:41:38"}
{"level":"info","message":"GET /api/v1/academy/domain/chess-in-chunks/pages/coach1.jpg 404 10.947 ms - 349","timestamp":"2025-01-29 05:41:38"}
{"level":"error","statusCode":404,"timestamp":"2025-01-29 05:41:38"}
{"level":"info","message":"GET /api/v1/academy/domain/chess-in-chunks/pages/coach2.jpg 404 6.285 ms - 349","timestamp":"2025-01-29 05:41:38"}
{"level":"error","statusCode":404,"timestamp":"2025-01-29 05:41:38"}
{"level":"info","message":"GET /api/v1/academy/domain/chess-in-chunks/pages/coach2.jpg 404 14.961 ms - 349","timestamp":"2025-01-29 05:41:38"}
{"level":"info","message":"GET /api/v1/navigation/domain/chess-in-chunks 200 15.006 ms - 2005","timestamp":"2025-01-29 05:41:38"}
{"level":"error","statusCode":404,"timestamp":"2025-01-29 05:41:40"}
{"level":"info","message":"GET /api/v1/academy/domain/chess-in-chunks/pages/coach1.jpg 404 6.456 ms - 349","timestamp":"2025-01-29 05:41:40"}
{"level":"info","message":"GET /api/v1/navigation/domain/chess-in-chunks 200 13.216 ms - 2005","timestamp":"2025-01-29 05:41:40"}
{"level":"error","statusCode":404,"timestamp":"2025-01-29 05:41:40"}
{"level":"info","message":"GET /api/v1/academy/domain/chess-in-chunks/pages/coach1.jpg 404 9.778 ms - 349","timestamp":"2025-01-29 05:41:40"}
{"level":"error","statusCode":404,"timestamp":"2025-01-29 05:41:40"}
{"level":"info","message":"GET /api/v1/academy/domain/chess-in-chunks/pages/coach2.jpg 404 8.263 ms - 349","timestamp":"2025-01-29 05:41:40"}
{"level":"error","statusCode":404,"timestamp":"2025-01-29 05:41:40"}
{"level":"info","message":"GET /api/v1/academy/domain/chess-in-chunks/pages/coach2.jpg 404 5.302 ms - 349","timestamp":"2025-01-29 05:41:40"}
{"level":"info","message":"GET /api/v1/navigation/domain/chess-in-chunks 200 8.928 ms - 2005","timestamp":"2025-01-29 05:41:40"}
{"level":"info","message":"GET /api/v1/academy/domain/localhost:3000/pages/home 200 17.772 ms - 2089","timestamp":"2025-01-29 05:41:43"}
{"level":"info","message":"GET /api/v1/navigation/domain/localhost:3000 200 17.789 ms - 2005","timestamp":"2025-01-29 05:41:43"}
{"level":"info","message":"GET /api/v1/academy/domain/localhost:3000/pages/home 200 17.524 ms - 2089","timestamp":"2025-01-29 05:41:43"}
{"level":"error","statusCode":404,"timestamp":"2025-01-29 05:41:43"}
{"level":"info","message":"GET /api/v1/academy/domain/localhost:3000/pages/coach1.jpg 404 6.999 ms - 349","timestamp":"2025-01-29 05:41:43"}
{"level":"info","message":"GET /api/v1/navigation/domain/localhost:3000 200 9.175 ms - 2005","timestamp":"2025-01-29 05:41:43"}
{"level":"error","statusCode":404,"timestamp":"2025-01-29 05:41:43"}
{"level":"info","message":"GET /api/v1/academy/domain/localhost:3000/pages/coach1.jpg 404 10.033 ms - 349","timestamp":"2025-01-29 05:41:43"}
{"level":"error","statusCode":404,"timestamp":"2025-01-29 05:41:43"}
{"level":"info","message":"GET /api/v1/academy/domain/localhost:3000/pages/coach2.jpg 404 12.255 ms - 349","timestamp":"2025-01-29 05:41:43"}
{"level":"info","message":"GET /api/v1/navigation/domain/localhost:3000 200 13.388 ms - 2005","timestamp":"2025-01-29 05:41:43"}
{"level":"error","statusCode":404,"timestamp":"2025-01-29 05:41:43"}
{"level":"info","message":"GET /api/v1/academy/domain/localhost:3000/pages/coach2.jpg 404 9.079 ms - 349","timestamp":"2025-01-29 05:41:43"}
{"level":"error","statusCode":404,"timestamp":"2025-01-29 05:41:46"}
{"level":"info","message":"GET /api/v1/academy/domain/localhost:3000/pages/coach1.jpg 404 6.670 ms - 349","timestamp":"2025-01-29 05:41:46"}
{"level":"info","message":"GET /api/v1/navigation/domain/localhost:3000 200 13.770 ms - 2005","timestamp":"2025-01-29 05:41:46"}
{"level":"error","statusCode":404,"timestamp":"2025-01-29 05:41:46"}
{"level":"info","message":"GET /api/v1/academy/domain/localhost:3000/pages/coach1.jpg 404 11.882 ms - 349","timestamp":"2025-01-29 05:41:46"}
{"level":"error","statusCode":404,"timestamp":"2025-01-29 05:41:46"}
{"level":"info","message":"GET /api/v1/academy/domain/localhost:3000/pages/coach2.jpg 404 11.272 ms - 349","timestamp":"2025-01-29 05:41:46"}
{"level":"error","statusCode":404,"timestamp":"2025-01-29 05:41:46"}
{"level":"info","message":"GET /api/v1/academy/domain/localhost:3000/pages/coach2.jpg 404 5.349 ms - 349","timestamp":"2025-01-29 05:41:46"}
{"level":"info","message":"GET /api/v1/navigation/domain/localhost:3000 200 12.017 ms - 2005","timestamp":"2025-01-29 05:41:46"}
{"level":"info","message":"OPTIONS /api/v1/portal-subscribers 200 0.184 ms - -","timestamp":"2025-01-29 05:42:14"}
{"level":"error","statusCode":409,"timestamp":"2025-01-29 05:42:14"}
{"level":"info","message":"POST /api/v1/portal-subscribers 409 24.093 ms - 488","timestamp":"2025-01-29 05:42:14"}
{"level":"info","message":"GET /api/v1/navigation/domain/localhost:3000 200 53.880 ms - 2005","timestamp":"2025-01-29 05:42:55"}
{"level":"info","message":"GET /api/v1/navigation/domain/localhost:3000 200 5.787 ms - 2005","timestamp":"2025-01-29 05:42:58"}
{"level":"info","message":"GET /api/v1/navigation/domain/localhost:3000 200 24.267 ms - 2005","timestamp":"2025-01-29 05:43:15"}
{"level":"info","message":"OPTIONS /api/v1/portal-subscribers 200 0.175 ms - -","timestamp":"2025-01-29 05:43:22"}
{"level":"error","statusCode":409,"timestamp":"2025-01-29 05:43:22"}
{"level":"info","message":"POST /api/v1/portal-subscribers 409 14.002 ms - 488","timestamp":"2025-01-29 05:43:22"}
{"level":"info","message":"OPTIONS /api/v1/portal-subscribers 200 0.185 ms - -","timestamp":"2025-01-29 05:43:36"}
{"level":"error","statusCode":400,"timestamp":"2025-01-29 05:43:38"}
{"level":"info","message":"POST /api/v1/portal-subscribers 400 1956.070 ms - 720","timestamp":"2025-01-29 05:43:38"}
{"level":"info","message":"OPTIONS /api/v1/portal-subscribers 200 0.178 ms - -","timestamp":"2025-01-29 05:43:48"}
{"level":"info","message":"POST /api/v1/portal-subscribers 201 6127.090 ms - 1032","timestamp":"2025-01-29 05:43:54"}
{"level":"info","message":"OPTIONS /api/v1/superadmin/plans 200 0.217 ms - -","timestamp":"2025-01-29 05:44:21"}
{"level":"info","message":"OPTIONS /api/v1/student-signups/22cd228e-2667-42d2-b11f-f385025f8445 200 0.093 ms - -","timestamp":"2025-01-29 05:44:21"}
{"level":"info","message":"GET /api/v1/student-signups/22cd228e-2667-42d2-b11f-f385025f8445 200 39.410 ms - 1082","timestamp":"2025-01-29 05:44:21"}
{"level":"info","message":"GET /api/v1/superadmin/plans 200 97.471 ms - 712","timestamp":"2025-01-29 05:44:21"}
{"level":"info","message":"OPTIONS /api/v1/superadmin/plans 200 0.179 ms - -","timestamp":"2025-01-29 05:44:35"}
{"level":"info","message":"OPTIONS /api/v1/student-signups/22cd228e-2667-42d2-b11f-f385025f8445 200 0.140 ms - -","timestamp":"2025-01-29 05:44:35"}
{"level":"info","message":"GET /api/v1/student-signups/22cd228e-2667-42d2-b11f-f385025f8445 304 9.518 ms - -","timestamp":"2025-01-29 05:44:35"}
{"level":"info","message":"GET /api/v1/superadmin/plans 304 47.140 ms - -","timestamp":"2025-01-29 05:44:35"}
{"level":"info","message":"OPTIONS /api/v1/superadmin/plans 200 0.153 ms - -","timestamp":"2025-01-29 05:44:41"}
{"level":"info","message":"GET /api/v1/superadmin/plans 304 16.982 ms - -","timestamp":"2025-01-29 05:44:41"}
{"level":"info","message":"OPTIONS /api/v1/student-signups/22cd228e-2667-42d2-b11f-f385025f8445 200 0.236 ms - -","timestamp":"2025-01-29 05:44:41"}
{"level":"info","message":"GET /api/v1/student-signups/22cd228e-2667-42d2-b11f-f385025f8445 304 11.180 ms - -","timestamp":"2025-01-29 05:44:41"}
{"level":"info","message":"OPTIONS /api/v1/portal-subscribers/22cd228e-2667-42d2-b11f-f385025f8445/verify 200 0.151 ms - -","timestamp":"2025-01-29 05:44:49"}
{"level":"info","message":"POST /api/v1/portal-subscribers/22cd228e-2667-42d2-b11f-f385025f8445/verify 200 35.887 ms - 1045","timestamp":"2025-01-29 05:44:49"}
{"level":"info","message":"OPTIONS /api/v1/student-signups/22cd228e-2667-42d2-b11f-f385025f8445/update-password 200 0.210 ms - -","timestamp":"2025-01-29 05:45:01"}
{"level":"info","message":"PUT /api/v1/student-signups/22cd228e-2667-42d2-b11f-f385025f8445/update-password 200 15.808 ms - 58","timestamp":"2025-01-29 05:45:01"}
{"level":"info","message":"OPTIONS /api/v1/superadmin/plans 200 0.685 ms - -","timestamp":"2025-01-29 05:53:01"}
{"level":"info","message":"OPTIONS /api/v1/student-signups/22cd228e-2667-42d2-b11f-f385025f8445 200 0.105 ms - -","timestamp":"2025-01-29 05:53:01"}
{"level":"info","message":"GET /api/v1/superadmin/plans 304 34.107 ms - -","timestamp":"2025-01-29 05:53:01"}
{"level":"info","message":"GET /api/v1/student-signups/22cd228e-2667-42d2-b11f-f385025f8445 200 53.803 ms - 1120","timestamp":"2025-01-29 05:53:02"}
{"level":"info","message":"OPTIONS /api/v1/portal-subscribers/22cd228e-2667-42d2-b11f-f385025f8445/verify 200 0.190 ms - -","timestamp":"2025-01-29 05:53:08"}
{"level":"info","message":"POST /api/v1/portal-subscribers/22cd228e-2667-42d2-b11f-f385025f8445/verify 200 129.448 ms - 1055","timestamp":"2025-01-29 05:53:08"}
{"level":"info","message":"OPTIONS /api/v1/student-signups/22cd228e-2667-42d2-b11f-f385025f8445/update-password 200 0.190 ms - -","timestamp":"2025-01-29 05:54:13"}
{"level":"info","message":"PUT /api/v1/student-signups/22cd228e-2667-42d2-b11f-f385025f8445/update-password 200 122.513 ms - 58","timestamp":"2025-01-29 05:54:13"}
{"level":"info","message":"OPTIONS /api/v1/portal-subscribers/subscription/checkout 200 0.268 ms - -","timestamp":"2025-01-29 05:54:18"}
{"level":"info","message":"POST /api/v1/portal-subscribers/subscription/checkout 200 1418.031 ms - 457","timestamp":"2025-01-29 05:54:19"}
{"level":"info","message":"OPTIONS /api/v1/superadmin/plans 200 1.336 ms - -","timestamp":"2025-01-29 05:59:01"}
{"level":"info","message":"GET /api/v1/superadmin/plans 304 41.105 ms - -","timestamp":"2025-01-29 05:59:01"}
{"level":"info","message":"OPTIONS /api/v1/student-signups/22cd228e-2667-42d2-b11f-f385025f8445 200 0.135 ms - -","timestamp":"2025-01-29 05:59:01"}
{"level":"info","message":"GET /api/v1/student-signups/22cd228e-2667-42d2-b11f-f385025f8445 200 14.912 ms - 1120","timestamp":"2025-01-29 05:59:02"}
{"level":"info","message":"OPTIONS /api/v1/portal-subscribers/subscription/checkout 200 0.158 ms - -","timestamp":"2025-01-29 05:59:05"}
{"level":"info","message":"POST /api/v1/portal-subscribers/subscription/checkout 200 1306.627 ms - 457","timestamp":"2025-01-29 05:59:06"}
{"level":"error","message":"Admin verification failed: 400","timestamp":"2025-01-29 05:59:29"}
{"level":"info","message":"POST /api/v1/webhook/stripe 200 5.264 ms - 17","timestamp":"2025-01-29 05:59:29"}
{"level":"info","message":"POST /api/v1/webhook/stripe/student 200 4287.400 ms - 17","timestamp":"2025-01-29 05:59:33"}
{"level":"info","message":"OPTIONS /api/v1/permission 200 0.152 ms - -","timestamp":"2025-01-29 05:59:39"}
{"level":"info","message":"GET /api/v1/permission 304 27.628 ms - -","timestamp":"2025-01-29 05:59:39"}
{"level":"info","message":"Running expired signups check cron job","timestamp":"2025-01-29 06:00:00"}
{"level":"info","message":"Processed 0 expired signups","timestamp":"2025-01-29 06:00:00"}
{"level":"info","message":"GET /api/v1/academy/domain/localhost:3000/pages/home 200 20.951 ms - 2089","timestamp":"2025-01-29 06:00:36"}
{"level":"info","message":"GET /api/v1/navigation/domain/localhost:3000 200 53.929 ms - 2005","timestamp":"2025-01-29 06:00:37"}
{"level":"info","message":"OPTIONS /api/v1/permission 200 0.132 ms - -","timestamp":"2025-01-29 06:00:37"}
{"level":"info","message":"GET /api/v1/permission 304 24.890 ms - -","timestamp":"2025-01-29 06:00:37"}
{"level":"info","message":"OPTIONS /api/v1/notifications 200 0.170 ms - -","timestamp":"2025-01-29 06:00:37"}
{"level":"info","message":"OPTIONS /api/v1/dashboard 200 0.165 ms - -","timestamp":"2025-01-29 06:00:37"}
{"level":"info","message":"GET /api/v1/notifications 304 14.909 ms - -","timestamp":"2025-01-29 06:00:37"}
{"level":"info","message":"GET /api/v1/dashboard 200 36.908 ms - 115","timestamp":"2025-01-29 06:00:37"}
{"level":"info","message":"OPTIONS /api/v1/batch/options 200 0.266 ms - -","timestamp":"2025-01-29 06:00:39"}
{"level":"info","message":"OPTIONS /api/v1/superadmin/all-academies?page=1&limit=10&query= 200 0.248 ms - -","timestamp":"2025-01-29 06:00:39"}
{"level":"info","message":"OPTIONS /api/v1/user/all-users?page=1&limit=10&query=&roles= 200 0.250 ms - -","timestamp":"2025-01-29 06:00:39"}
{"level":"info","message":"GET /api/v1/batch/options 200 34.645 ms - 4119","timestamp":"2025-01-29 06:00:39"}
{"level":"info","message":"GET /api/v1/user/all-users?page=1&limit=10&query=&roles= 200 48.941 ms - 3701","timestamp":"2025-01-29 06:00:39"}
{"level":"info","message":"GET /api/v1/superadmin/all-academies?page=1&limit=10&query= 304 66.594 ms - -","timestamp":"2025-01-29 06:00:39"}
{"level":"info","message":"OPTIONS /api/v1/user/all-users?page=1&limit=10&query=&roles=SUBSCRIBER 200 0.236 ms - -","timestamp":"2025-01-29 06:00:42"}
{"level":"info","message":"GET /api/v1/user/all-users?page=1&limit=10&query=&roles=SUBSCRIBER 200 33.257 ms - 317","timestamp":"2025-01-29 06:00:42"}
{"level":"info","message":"OPTIONS /api/v1/user/all-users?page=1&limit=10&query=asda&roles=SUBSCRIBER 200 0.169 ms - -","timestamp":"2025-01-29 06:00:54"}
{"level":"info","message":"GET /api/v1/user/all-users?page=1&limit=10&query=asda&roles=SUBSCRIBER 200 23.736 ms - 15","timestamp":"2025-01-29 06:00:54"}
{"level":"info","message":"OPTIONS /api/v1/user/all-users?page=1&limit=10&query=&roles=SUBSCRIBER 200 0.236 ms - -","timestamp":"2025-01-29 06:00:56"}
{"level":"info","message":"GET /api/v1/user/all-users?page=1&limit=10&query=&roles=SUBSCRIBER 304 33.851 ms - -","timestamp":"2025-01-29 06:00:56"}
{"level":"info","message":"Database connection successful","timestamp":"2025-01-29 06:01:15"}
{"level":"info","message":"Server is running on port 5000","timestamp":"2025-01-29 06:01:15"}
{"level":"info","message":"Initial origins update completed","timestamp":"2025-01-29 06:01:15"}
{"level":"info","message":"GET /api/v1/academy/domain/localhost:3000/pages/home 200 23.756 ms - 2089","timestamp":"2025-01-29 06:01:23"}
{"level":"info","message":"GET /api/v1/academy/domain/localhost:3000/pages/home 200 18.460 ms - 2089","timestamp":"2025-01-29 06:01:23"}
{"level":"info","message":"GET /api/v1/navigation/domain/localhost:3000 200 31.357 ms - 2005","timestamp":"2025-01-29 06:01:23"}
{"level":"error","statusCode":404,"timestamp":"2025-01-29 06:01:24"}
{"level":"info","message":"GET /api/v1/academy/domain/localhost:3000/pages/coach1.jpg 404 10.248 ms - 349","timestamp":"2025-01-29 06:01:24"}
{"level":"info","message":"GET /api/v1/navigation/domain/localhost:3000 200 15.015 ms - 2005","timestamp":"2025-01-29 06:01:24"}
{"level":"error","statusCode":404,"timestamp":"2025-01-29 06:01:24"}
{"level":"info","message":"GET /api/v1/academy/domain/localhost:3000/pages/coach1.jpg 404 10.299 ms - 349","timestamp":"2025-01-29 06:01:24"}
{"level":"error","statusCode":404,"timestamp":"2025-01-29 06:01:24"}
{"level":"info","message":"GET /api/v1/academy/domain/localhost:3000/pages/coach2.jpg 404 10.036 ms - 349","timestamp":"2025-01-29 06:01:24"}
{"level":"error","statusCode":404,"timestamp":"2025-01-29 06:01:24"}
{"level":"info","message":"GET /api/v1/academy/domain/localhost:3000/pages/coach2.jpg 404 9.606 ms - 349","timestamp":"2025-01-29 06:01:24"}
{"level":"info","message":"GET /api/v1/navigation/domain/localhost:3000 200 13.422 ms - 2005","timestamp":"2025-01-29 06:01:24"}
{"level":"error","statusCode":404,"timestamp":"2025-01-29 06:01:27"}
{"level":"info","message":"GET /api/v1/academy/domain/localhost:3000/pages/coach1.jpg 404 8.756 ms - 349","timestamp":"2025-01-29 06:01:27"}
{"level":"info","message":"GET /api/v1/navigation/domain/localhost:3000 200 15.410 ms - 2005","timestamp":"2025-01-29 06:01:27"}
{"level":"error","statusCode":404,"timestamp":"2025-01-29 06:01:27"}
{"level":"info","message":"GET /api/v1/academy/domain/localhost:3000/pages/coach1.jpg 404 10.710 ms - 349","timestamp":"2025-01-29 06:01:27"}
{"level":"error","statusCode":404,"timestamp":"2025-01-29 06:01:27"}
{"level":"info","message":"GET /api/v1/academy/domain/localhost:3000/pages/coach2.jpg 404 11.933 ms - 349","timestamp":"2025-01-29 06:01:27"}
{"level":"info","message":"GET /api/v1/navigation/domain/localhost:3000 200 13.461 ms - 2005","timestamp":"2025-01-29 06:01:27"}
{"level":"error","statusCode":404,"timestamp":"2025-01-29 06:01:27"}
{"level":"info","message":"GET /api/v1/academy/domain/localhost:3000/pages/coach2.jpg 404 9.779 ms - 349","timestamp":"2025-01-29 06:01:27"}
{"level":"info","message":"OPTIONS /api/v1/auth/check-mfa 200 0.333 ms - -","timestamp":"2025-01-29 06:01:43"}
{"clientVersion":"5.20.0","level":"error","name":"PrismaClientValidationError","timestamp":"2025-01-29 06:01:43"}
{"level":"info","message":"POST /api/v1/auth/check-mfa 500 41.806 ms - 4608","timestamp":"2025-01-29 06:01:43"}
{"level":"info","message":"Database connection successful","timestamp":"2025-01-29 06:03:15"}
{"level":"info","message":"Server is running on port 5000","timestamp":"2025-01-29 06:03:15"}
{"level":"info","message":"Initial origins update completed","timestamp":"2025-01-29 06:03:15"}
{"level":"info","message":"OPTIONS /api/v1/auth/check-mfa 200 2.156 ms - -","timestamp":"2025-01-29 06:03:18"}
{"clientVersion":"5.20.0","level":"error","name":"PrismaClientValidationError","timestamp":"2025-01-29 06:03:18"}
{"level":"info","message":"POST /api/v1/auth/check-mfa 500 49.178 ms - 4608","timestamp":"2025-01-29 06:03:18"}
{"level":"info","message":"Database connection successful","timestamp":"2025-01-29 06:03:27"}
{"level":"info","message":"Server is running on port 5000","timestamp":"2025-01-29 06:03:27"}
{"level":"info","message":"Initial origins update completed","timestamp":"2025-01-29 06:03:27"}
{"level":"info","message":"Database connection successful","timestamp":"2025-01-29 06:03:30"}
{"level":"info","message":"Server is running on port 5000","timestamp":"2025-01-29 06:03:30"}
{"level":"info","message":"Initial origins update completed","timestamp":"2025-01-29 06:03:30"}
{"level":"info","message":"OPTIONS /api/v1/auth/check-mfa 200 1.906 ms - -","timestamp":"2025-01-29 06:03:32"}
{"clientVersion":"5.20.0","level":"error","name":"PrismaClientValidationError","timestamp":"2025-01-29 06:03:32"}
{"level":"info","message":"POST /api/v1/auth/check-mfa 500 42.939 ms - 4608","timestamp":"2025-01-29 06:03:32"}
{"level":"info","message":"Database connection successful","timestamp":"2025-01-29 06:03:40"}
{"level":"info","message":"Server is running on port 5000","timestamp":"2025-01-29 06:03:40"}
{"level":"info","message":"Initial origins update completed","timestamp":"2025-01-29 06:03:40"}
{"level":"info","message":"Database connection successful","timestamp":"2025-01-29 06:04:58"}
{"level":"info","message":"Server is running on port 5000","timestamp":"2025-01-29 06:04:58"}
{"level":"info","message":"Initial origins update completed","timestamp":"2025-01-29 06:04:58"}
{"level":"info","message":"OPTIONS /api/v1/auth/check-mfa 200 1.848 ms - -","timestamp":"2025-01-29 06:04:59"}
{"clientVersion":"5.20.0","level":"error","name":"PrismaClientValidationError","timestamp":"2025-01-29 06:04:59"}
{"level":"info","message":"POST /api/v1/auth/check-mfa 500 48.352 ms - 4608","timestamp":"2025-01-29 06:04:59"}
{"level":"info","message":"Database connection successful","timestamp":"2025-01-29 06:07:56"}
{"level":"info","message":"Server is running on port 5000","timestamp":"2025-01-29 06:07:56"}
{"level":"info","message":"Initial origins update completed","timestamp":"2025-01-29 06:07:56"}
{"level":"info","message":"Database connection successful","timestamp":"2025-01-29 06:08:35"}
{"level":"info","message":"Server is running on port 5000","timestamp":"2025-01-29 06:08:35"}
{"level":"info","message":"Initial origins update completed","timestamp":"2025-01-29 06:08:35"}
{"level":"info","message":"Database connection successful","timestamp":"2025-01-29 06:08:41"}
{"level":"info","message":"Server is running on port 5000","timestamp":"2025-01-29 06:08:41"}
{"level":"info","message":"Initial origins update completed","timestamp":"2025-01-29 06:08:41"}
{"level":"info","message":"OPTIONS /api/v1/auth/check-mfa 200 1.591 ms - -","timestamp":"2025-01-29 06:08:52"}
{"level":"info","message":"POST /api/v1/auth/check-mfa 200 269.262 ms - 52","timestamp":"2025-01-29 06:08:52"}
{"level":"info","message":"POST /api/v1/auth/login-with-cicid 200 253.299 ms - 836","timestamp":"2025-01-29 06:08:53"}
{"level":"info","message":"OPTIONS /api/v1/notifications 200 0.178 ms - -","timestamp":"2025-01-29 06:09:04"}
{"level":"info","message":"OPTIONS /api/v1/dashboard/coach-batch-stats 200 0.734 ms - -","timestamp":"2025-01-29 06:09:04"}
{"level":"info","message":"GET /api/v1/dashboard/coach-batch-stats 401 42.962 ms - 51","timestamp":"2025-01-29 06:09:05"}
{"level":"info","message":"GET /api/v1/notifications 304 97.013 ms - -","timestamp":"2025-01-29 06:09:05"}
{"level":"info","message":"OPTIONS /api/v1/dashboard/coach-batch-stats 200 0.324 ms - -","timestamp":"2025-01-29 06:09:35"}
{"level":"info","message":"GET /api/v1/dashboard/coach-batch-stats 401 195.549 ms - 51","timestamp":"2025-01-29 06:09:35"}
{"level":"info","message":"OPTIONS /api/v1/notifications 200 0.422 ms - -","timestamp":"2025-01-29 06:09:37"}
{"level":"info","message":"GET /api/v1/notifications 304 122.703 ms - -","timestamp":"2025-01-29 06:09:37"}
{"level":"info","message":"OPTIONS /api/v1/notifications 200 2.070 ms - -","timestamp":"2025-01-29 06:10:38"}
{"level":"info","message":"GET /api/v1/notifications 304 115.416 ms - -","timestamp":"2025-01-29 06:10:38"}
{"level":"info","message":"OPTIONS /api/v1/notifications 200 0.271 ms - -","timestamp":"2025-01-29 06:11:39"}
{"level":"info","message":"GET /api/v1/notifications 304 110.795 ms - -","timestamp":"2025-01-29 06:11:39"}
{"level":"info","message":"GET /api/v1/academy/domain/localhost:3000/pages/home 200 202.744 ms - 2089","timestamp":"2025-01-29 06:12:18"}
{"level":"info","message":"GET /api/v1/academy/domain/localhost:3000/pages/home 200 213.279 ms - 2089","timestamp":"2025-01-29 06:12:18"}
{"level":"info","message":"GET /api/v1/navigation/domain/localhost:3000 200 232.333 ms - 2005","timestamp":"2025-01-29 06:12:18"}
{"level":"error","statusCode":404,"timestamp":"2025-01-29 06:12:21"}
{"level":"info","message":"GET /api/v1/academy/domain/localhost:3000/pages/coach1.jpg 404 215.661 ms - 349","timestamp":"2025-01-29 06:12:21"}
{"level":"error","statusCode":404,"timestamp":"2025-01-29 06:12:21"}
{"level":"info","message":"GET /api/v1/academy/domain/localhost:3000/pages/coach2.jpg 404 205.776 ms - 349","timestamp":"2025-01-29 06:12:21"}
{"level":"info","message":"GET /api/v1/navigation/domain/localhost:3000 200 229.150 ms - 2005","timestamp":"2025-01-29 06:12:21"}
{"level":"error","statusCode":404,"timestamp":"2025-01-29 06:12:21"}
{"level":"info","message":"GET /api/v1/academy/domain/localhost:3000/pages/coach1.jpg 404 245.174 ms - 349","timestamp":"2025-01-29 06:12:21"}
{"level":"error","statusCode":404,"timestamp":"2025-01-29 06:12:21"}
{"level":"info","message":"GET /api/v1/academy/domain/localhost:3000/pages/coach2.jpg 404 241.968 ms - 349","timestamp":"2025-01-29 06:12:21"}
{"level":"info","message":"GET /api/v1/navigation/domain/localhost:3000 200 262.219 ms - 2005","timestamp":"2025-01-29 06:12:21"}
{"level":"error","statusCode":404,"timestamp":"2025-01-29 06:12:41"}
{"level":"info","message":"GET /api/v1/academy/domain/localhost:3000/pages/coach2.jpg 404 66.606 ms - 349","timestamp":"2025-01-29 06:12:41"}
{"level":"error","statusCode":404,"timestamp":"2025-01-29 06:12:41"}
{"level":"info","message":"GET /api/v1/academy/domain/localhost:3000/pages/coach2.jpg 404 65.106 ms - 349","timestamp":"2025-01-29 06:12:41"}
{"level":"error","statusCode":404,"timestamp":"2025-01-29 06:12:41"}
{"level":"info","message":"GET /api/v1/academy/domain/localhost:3000/pages/coach1.jpg 404 176.541 ms - 349","timestamp":"2025-01-29 06:12:41"}
{"level":"error","statusCode":404,"timestamp":"2025-01-29 06:12:41"}
{"level":"info","message":"GET /api/v1/academy/domain/localhost:3000/pages/coach1.jpg 404 177.117 ms - 349","timestamp":"2025-01-29 06:12:41"}
{"level":"info","message":"GET /api/v1/navigation/domain/localhost:3000 200 76.068 ms - 2005","timestamp":"2025-01-29 06:12:42"}
{"level":"info","message":"GET /api/v1/navigation/domain/localhost:3000 200 193.028 ms - 2005","timestamp":"2025-01-29 06:12:42"}
{"level":"info","message":"OPTIONS /api/v1/auth/check-mfa 200 0.352 ms - -","timestamp":"2025-01-29 06:13:11"}
{"level":"info","message":"POST /api/v1/auth/check-mfa 200 310.985 ms - 52","timestamp":"2025-01-29 06:13:11"}
{"level":"info","message":"POST /api/v1/auth/login-with-password 200 445.471 ms - 836","timestamp":"2025-01-29 06:13:12"}
{"level":"\u001b[32minfo\u001b[39m","message":"Ngrok tunnels started successfully!","timestamp":"2025-01-29 06:16:02"}
{"level":"\u001b[32minfo\u001b[39m","message":"Ngrok URL: https://c26a-2405-201-6820-78f9-7ff-e40a-115a-c504.ngrok-free.app","timestamp":"2025-01-29 06:16:02"}
{"level":"info","message":"Database connection successful","timestamp":"2025-01-29 06:16:03"}
{"level":"info","message":"Server is running on port 5000","timestamp":"2025-01-29 06:16:03"}
{"level":"info","message":"Initial origins update completed","timestamp":"2025-01-29 06:16:03"}
{"level":"info","message":"GET /api/v1/academy/domain/localhost:3000/pages/home 200 35.429 ms - 2089","timestamp":"2025-01-29 06:16:33"}
{"level":"info","message":"GET /api/v1/navigation/domain/localhost:3000 200 33.333 ms - 2005","timestamp":"2025-01-29 06:16:33"}
{"level":"error","statusCode":404,"timestamp":"2025-01-29 06:16:33"}
{"level":"info","message":"GET /api/v1/academy/domain/localhost:3000/pages/coach1.jpg 404 14.362 ms - 349","timestamp":"2025-01-29 06:16:33"}
{"level":"info","message":"GET /api/v1/navigation/domain/localhost:3000 200 13.905 ms - 2005","timestamp":"2025-01-29 06:16:33"}
{"level":"error","statusCode":404,"timestamp":"2025-01-29 06:16:33"}
{"level":"info","message":"GET /api/v1/academy/domain/localhost:3000/pages/coach1.jpg 404 18.309 ms - 349","timestamp":"2025-01-29 06:16:33"}
{"level":"error","statusCode":404,"timestamp":"2025-01-29 06:16:33"}
{"level":"info","message":"GET /api/v1/academy/domain/localhost:3000/pages/coach2.jpg 404 20.069 ms - 349","timestamp":"2025-01-29 06:16:33"}
{"level":"info","message":"GET /api/v1/navigation/domain/localhost:3000 200 21.320 ms - 2005","timestamp":"2025-01-29 06:16:33"}
{"level":"error","statusCode":404,"timestamp":"2025-01-29 06:16:33"}
{"level":"info","message":"GET /api/v1/academy/domain/localhost:3000/pages/coach2.jpg 404 22.513 ms - 349","timestamp":"2025-01-29 06:16:33"}
{"level":"error","statusCode":404,"timestamp":"2025-01-29 06:16:36"}
{"level":"info","message":"GET /api/v1/academy/domain/localhost:3000/pages/coach1.jpg 404 5.551 ms - 349","timestamp":"2025-01-29 06:16:36"}
{"level":"info","message":"GET /api/v1/navigation/domain/localhost:3000 200 7.665 ms - 2005","timestamp":"2025-01-29 06:16:36"}
{"level":"error","statusCode":404,"timestamp":"2025-01-29 06:16:36"}
{"level":"info","message":"GET /api/v1/academy/domain/localhost:3000/pages/coach2.jpg 404 4.579 ms - 349","timestamp":"2025-01-29 06:16:36"}
{"level":"info","message":"GET /api/v1/navigation/domain/localhost:3000 200 6.426 ms - 2005","timestamp":"2025-01-29 06:16:36"}
{"level":"info","message":"OPTIONS /api/v1/auth/check-mfa 200 0.403 ms - -","timestamp":"2025-01-29 06:16:56"}
{"level":"info","message":"POST /api/v1/auth/check-mfa 200 277.379 ms - 52","timestamp":"2025-01-29 06:16:57"}
{"level":"info","message":"POST /api/v1/auth/login-with-password 200 282.387 ms - 836","timestamp":"2025-01-29 06:16:57"}
{"level":"info","message":"OPTIONS /api/v1/notifications 200 0.072 ms - -","timestamp":"2025-01-29 06:17:10"}
{"level":"info","message":"GET /api/v1/notifications 304 10.874 ms - -","timestamp":"2025-01-29 06:17:10"}
{"level":"info","message":"OPTIONS /api/v1/tasks 200 0.088 ms - -","timestamp":"2025-01-29 06:17:10"}
{"level":"info","message":"GET /api/v1/tasks 304 8.911 ms - -","timestamp":"2025-01-29 06:17:10"}
{"level":"info","message":"OPTIONS /api/v1/dashboard/student-stats 200 0.089 ms - -","timestamp":"2025-01-29 06:17:10"}
{"level":"info","message":"GET /api/v1/dashboard/student-stats 401 5.329 ms - 51","timestamp":"2025-01-29 06:17:10"}
{"level":"error","statusCode":404,"timestamp":"2025-01-29 06:17:10"}
{"level":"info","message":"GET /api/v1/academy/domain/localhost:3000/pages/unauthorized 404 4.826 ms - 349","timestamp":"2025-01-29 06:17:10"}
{"level":"error","statusCode":404,"timestamp":"2025-01-29 06:17:10"}
{"level":"info","message":"GET /api/v1/academy/domain/localhost:3000/pages/unauthorized 404 5.587 ms - 349","timestamp":"2025-01-29 06:17:10"}
{"level":"info","message":"OPTIONS /api/v1/student/batchmates 200 0.141 ms - -","timestamp":"2025-01-29 06:17:10"}
{"level":"info","message":"GET /api/v1/student/batchmates 401 6.788 ms - 51","timestamp":"2025-01-29 06:17:10"}
{"level":"info","message":"OPTIONS /api/v1/auth/check-mfa 200 0.309 ms - -","timestamp":"2025-01-29 06:17:49"}
{"level":"info","message":"POST /api/v1/auth/check-mfa 200 202.480 ms - 52","timestamp":"2025-01-29 06:17:49"}
{"level":"info","message":"POST /api/v1/auth/login-with-password 200 279.911 ms - 836","timestamp":"2025-01-29 06:17:49"}
{"level":"info","message":"OPTIONS /api/v1/notifications 200 0.239 ms - -","timestamp":"2025-01-29 06:17:52"}
{"level":"info","message":"GET /api/v1/notifications 304 10.209 ms - -","timestamp":"2025-01-29 06:17:52"}
{"level":"info","message":"OPTIONS /api/v1/tasks 200 0.235 ms - -","timestamp":"2025-01-29 06:17:52"}
{"level":"info","message":"GET /api/v1/tasks 304 13.778 ms - -","timestamp":"2025-01-29 06:17:52"}
{"level":"info","message":"OPTIONS /api/v1/dashboard/student-stats 200 0.181 ms - -","timestamp":"2025-01-29 06:17:52"}
{"level":"info","message":"GET /api/v1/dashboard/student-stats 401 8.873 ms - 51","timestamp":"2025-01-29 06:17:52"}
{"level":"error","statusCode":404,"timestamp":"2025-01-29 06:17:52"}
{"level":"info","message":"GET /api/v1/academy/domain/localhost:3000/pages/unauthorized 404 7.305 ms - 349","timestamp":"2025-01-29 06:17:52"}
{"level":"error","statusCode":404,"timestamp":"2025-01-29 06:17:52"}
{"level":"info","message":"GET /api/v1/academy/domain/localhost:3000/pages/unauthorized 404 7.750 ms - 349","timestamp":"2025-01-29 06:17:52"}
{"level":"info","message":"GET /api/v1/navigation/domain/localhost:3000 200 15.660 ms - 2005","timestamp":"2025-01-29 06:17:52"}
{"level":"info","message":"OPTIONS /api/v1/student/batchmates 200 0.284 ms - -","timestamp":"2025-01-29 06:17:52"}
{"level":"info","message":"GET /api/v1/student/batchmates 401 10.442 ms - 51","timestamp":"2025-01-29 06:17:52"}
{"level":"error","statusCode":404,"timestamp":"2025-01-29 06:19:26"}
{"level":"info","message":"GET /api/v1/academy/domain/localhost:3000/pages/unauthorized 404 45.799 ms - 349","timestamp":"2025-01-29 06:19:26"}
{"level":"info","message":"GET /api/v1/navigation/domain/localhost:3000 200 41.669 ms - 2005","timestamp":"2025-01-29 06:19:26"}
{"level":"error","statusCode":404,"timestamp":"2025-01-29 06:19:47"}
{"level":"info","message":"GET /api/v1/academy/domain/localhost:3000/pages/unauthorized 404 13.453 ms - 349","timestamp":"2025-01-29 06:19:47"}
{"level":"info","message":"GET /api/v1/navigation/domain/localhost:3000 200 17.017 ms - 2005","timestamp":"2025-01-29 06:19:47"}
{"level":"error","statusCode":404,"timestamp":"2025-01-29 06:19:47"}
{"level":"info","message":"GET /api/v1/academy/domain/localhost:3000/pages/unauthorized 404 18.086 ms - 349","timestamp":"2025-01-29 06:19:47"}
{"level":"error","statusCode":404,"timestamp":"2025-01-29 06:20:09"}
{"level":"info","message":"GET /api/v1/academy/domain/localhost:3000/pages/unauthorized 404 5.237 ms - 349","timestamp":"2025-01-29 06:20:09"}
{"level":"info","message":"GET /api/v1/navigation/domain/localhost:3000 200 7.092 ms - 2005","timestamp":"2025-01-29 06:20:09"}
{"level":"error","statusCode":404,"timestamp":"2025-01-29 06:20:09"}
{"level":"info","message":"GET /api/v1/academy/domain/localhost:3000/pages/unauthorized 404 11.568 ms - 349","timestamp":"2025-01-29 06:20:09"}
{"level":"info","message":"OPTIONS /api/v1/auth/check-mfa 200 0.326 ms - -","timestamp":"2025-01-29 06:20:49"}
{"level":"info","message":"POST /api/v1/auth/check-mfa 200 240.367 ms - 52","timestamp":"2025-01-29 06:20:49"}
{"level":"info","message":"POST /api/v1/auth/login-with-password 200 311.308 ms - 836","timestamp":"2025-01-29 06:20:50"}
{"level":"info","message":"OPTIONS /api/v1/notifications 200 0.226 ms - -","timestamp":"2025-01-29 06:20:53"}
{"level":"info","message":"OPTIONS /api/v1/tasks 200 0.184 ms - -","timestamp":"2025-01-29 06:20:53"}
{"level":"info","message":"GET /api/v1/notifications 304 26.167 ms - -","timestamp":"2025-01-29 06:20:53"}
{"level":"info","message":"GET /api/v1/tasks 304 20.253 ms - -","timestamp":"2025-01-29 06:20:53"}
{"level":"info","message":"OPTIONS /api/v1/dashboard/student-stats 200 0.163 ms - -","timestamp":"2025-01-29 06:20:53"}
{"level":"info","message":"GET /api/v1/dashboard/student-stats 401 9.857 ms - 51","timestamp":"2025-01-29 06:20:53"}
{"level":"info","message":"OPTIONS /api/v1/student/batchmates 200 0.157 ms - -","timestamp":"2025-01-29 06:20:53"}
{"level":"info","message":"GET /api/v1/student/batchmates 401 8.965 ms - 51","timestamp":"2025-01-29 06:20:53"}
{"level":"info","message":"OPTIONS /api/v1/notifications 200 0.194 ms - -","timestamp":"2025-01-29 06:21:54"}
{"level":"info","message":"GET /api/v1/notifications 304 13.690 ms - -","timestamp":"2025-01-29 06:21:54"}
{"level":"info","message":"OPTIONS /api/v1/tasks 200 0.176 ms - -","timestamp":"2025-01-29 06:22:07"}
{"level":"info","message":"GET /api/v1/tasks 304 17.083 ms - -","timestamp":"2025-01-29 06:22:07"}
{"level":"info","message":"OPTIONS /api/v1/dashboard/student-stats 200 0.188 ms - -","timestamp":"2025-01-29 06:22:07"}
{"level":"info","message":"GET /api/v1/dashboard/student-stats 401 9.854 ms - 51","timestamp":"2025-01-29 06:22:07"}
{"level":"info","message":"OPTIONS /api/v1/student/batchmates 200 0.298 ms - -","timestamp":"2025-01-29 06:22:07"}
{"level":"info","message":"GET /api/v1/student/batchmates 401 9.823 ms - 51","timestamp":"2025-01-29 06:22:07"}
{"level":"info","message":"OPTIONS /api/v1/notifications 200 0.225 ms - -","timestamp":"2025-01-29 06:22:07"}
{"level":"info","message":"GET /api/v1/notifications 304 8.651 ms - -","timestamp":"2025-01-29 06:22:07"}
{"level":"info","message":"OPTIONS /api/v1/notifications 200 0.125 ms - -","timestamp":"2025-01-29 06:23:08"}
{"level":"info","message":"GET /api/v1/notifications 304 4.911 ms - -","timestamp":"2025-01-29 06:23:08"}
{"level":"info","message":"OPTIONS /api/v1/dashboard/student/chess-stats?startDate=2024-12-29&endDate=2025-01-29 200 0.094 ms - -","timestamp":"2025-01-29 06:23:57"}
{"level":"info","message":"GET /api/v1/dashboard/student/chess-stats?startDate=2024-12-29&endDate=2025-01-29 401 1.015 ms - 51","timestamp":"2025-01-29 06:23:57"}
{"level":"info","message":"OPTIONS /api/v1/events/student 200 0.092 ms - -","timestamp":"2025-01-29 06:23:57"}
{"level":"info","message":"GET /api/v1/events/student 401 0.488 ms - 51","timestamp":"2025-01-29 06:23:57"}
{"level":"info","message":"OPTIONS /api/v1/quiz/student-attempts 200 0.082 ms - -","timestamp":"2025-01-29 06:23:57"}
{"level":"info","message":"GET /api/v1/quiz/student-attempts 401 0.492 ms - 51","timestamp":"2025-01-29 06:23:57"}
{"level":"info","message":"OPTIONS /api/v1/goal/weekly-goals/student 200 0.141 ms - -","timestamp":"2025-01-29 06:23:57"}
{"level":"info","message":"GET /api/v1/goal/weekly-goals/student 401 0.565 ms - 51","timestamp":"2025-01-29 06:23:57"}
{"level":"info","message":"OPTIONS /api/v1/dashboard/student-stats 200 0.076 ms - -","timestamp":"2025-01-29 06:23:57"}
{"level":"info","message":"GET /api/v1/dashboard/student-stats 401 0.290 ms - 51","timestamp":"2025-01-29 06:23:57"}
{"level":"info","message":"OPTIONS /api/v1/student/batchmates 200 0.086 ms - -","timestamp":"2025-01-29 06:23:57"}
{"level":"info","message":"GET /api/v1/student/batchmates 401 0.282 ms - 51","timestamp":"2025-01-29 06:23:57"}
{"level":"info","message":"GET /api/v1/navigation/domain/localhost:3000 200 12.074 ms - 2005","timestamp":"2025-01-29 06:24:11"}
{"level":"info","message":"GET /api/v1/academy/domain/localhost:3000/pages/home 200 13.978 ms - 2089","timestamp":"2025-01-29 06:24:11"}
{"level":"info","message":"GET /api/v1/academy/domain/localhost:3000/pages/home 200 26.253 ms - 2089","timestamp":"2025-01-29 06:24:11"}
{"level":"error","statusCode":404,"timestamp":"2025-01-29 06:24:11"}
{"level":"info","message":"GET /api/v1/academy/domain/localhost:3000/pages/coach1.jpg 404 8.209 ms - 349","timestamp":"2025-01-29 06:24:11"}
{"level":"info","message":"GET /api/v1/navigation/domain/localhost:3000 200 12.056 ms - 2005","timestamp":"2025-01-29 06:24:11"}
{"level":"error","statusCode":404,"timestamp":"2025-01-29 06:24:11"}
{"level":"info","message":"GET /api/v1/academy/domain/localhost:3000/pages/coach1.jpg 404 6.632 ms - 349","timestamp":"2025-01-29 06:24:11"}
{"level":"error","statusCode":404,"timestamp":"2025-01-29 06:24:11"}
{"level":"info","message":"GET /api/v1/academy/domain/localhost:3000/pages/coach2.jpg 404 5.824 ms - 349","timestamp":"2025-01-29 06:24:11"}
{"level":"error","statusCode":404,"timestamp":"2025-01-29 06:24:11"}
{"level":"info","message":"GET /api/v1/academy/domain/localhost:3000/pages/coach2.jpg 404 6.352 ms - 349","timestamp":"2025-01-29 06:24:11"}
{"level":"info","message":"GET /api/v1/navigation/domain/localhost:3000 200 10.273 ms - 2005","timestamp":"2025-01-29 06:24:11"}
{"level":"error","statusCode":404,"timestamp":"2025-01-29 06:24:13"}
{"level":"info","message":"GET /api/v1/academy/domain/localhost:3000/pages/coach1.jpg 404 5.145 ms - 349","timestamp":"2025-01-29 06:24:13"}
{"level":"info","message":"GET /api/v1/navigation/domain/localhost:3000 200 7.400 ms - 2005","timestamp":"2025-01-29 06:24:13"}
{"level":"error","statusCode":404,"timestamp":"2025-01-29 06:24:13"}
{"level":"info","message":"GET /api/v1/academy/domain/localhost:3000/pages/coach1.jpg 404 5.085 ms - 349","timestamp":"2025-01-29 06:24:13"}
{"level":"error","statusCode":404,"timestamp":"2025-01-29 06:24:13"}
{"level":"info","message":"GET /api/v1/academy/domain/localhost:3000/pages/coach2.jpg 404 5.248 ms - 349","timestamp":"2025-01-29 06:24:13"}
{"level":"info","message":"GET /api/v1/navigation/domain/localhost:3000 200 9.157 ms - 2005","timestamp":"2025-01-29 06:24:13"}
{"level":"error","statusCode":404,"timestamp":"2025-01-29 06:24:13"}
{"level":"info","message":"GET /api/v1/academy/domain/localhost:3000/pages/coach2.jpg 404 5.267 ms - 349","timestamp":"2025-01-29 06:24:13"}
{"level":"info","message":"OPTIONS /api/v1/auth/check-mfa 200 0.228 ms - -","timestamp":"2025-01-29 06:24:24"}
{"level":"info","message":"POST /api/v1/auth/check-mfa 200 209.466 ms - 52","timestamp":"2025-01-29 06:24:25"}
{"level":"info","message":"POST /api/v1/auth/login-with-password 200 249.110 ms - 836","timestamp":"2025-01-29 06:24:25"}
{"level":"info","message":"OPTIONS /api/v1/notifications 200 0.174 ms - -","timestamp":"2025-01-29 06:24:28"}
{"level":"info","message":"GET /api/v1/notifications 304 9.667 ms - -","timestamp":"2025-01-29 06:24:28"}
{"level":"info","message":"OPTIONS /api/v1/dashboard/student/chess-stats?startDate=2024-12-29&endDate=2025-01-29 200 0.170 ms - -","timestamp":"2025-01-29 06:24:28"}
{"level":"info","message":"GET /api/v1/dashboard/student/chess-stats?startDate=2024-12-29&endDate=2025-01-29 401 8.408 ms - 51","timestamp":"2025-01-29 06:24:28"}
{"level":"info","message":"OPTIONS /api/v1/events/student 200 0.271 ms - -","timestamp":"2025-01-29 06:24:28"}
{"level":"info","message":"OPTIONS /api/v1/quiz/student-attempts 200 0.179 ms - -","timestamp":"2025-01-29 06:24:28"}
{"level":"info","message":"GET /api/v1/events/student 401 11.895 ms - 51","timestamp":"2025-01-29 06:24:28"}
{"level":"info","message":"OPTIONS /api/v1/goal/weekly-goals/student 200 0.197 ms - -","timestamp":"2025-01-29 06:24:28"}
{"level":"info","message":"OPTIONS /api/v1/tasks 200 0.199 ms - -","timestamp":"2025-01-29 06:24:28"}
{"level":"info","message":"GET /api/v1/quiz/student-attempts 401 11.638 ms - 51","timestamp":"2025-01-29 06:24:28"}
{"level":"info","message":"GET /api/v1/goal/weekly-goals/student 401 10.155 ms - 51","timestamp":"2025-01-29 06:24:28"}
{"level":"info","message":"GET /api/v1/tasks 304 15.632 ms - -","timestamp":"2025-01-29 06:24:28"}
{"level":"info","message":"OPTIONS /api/v1/dashboard/student-stats 200 0.195 ms - -","timestamp":"2025-01-29 06:24:28"}
{"level":"info","message":"GET /api/v1/dashboard/student-stats 401 7.884 ms - 51","timestamp":"2025-01-29 06:24:28"}
{"level":"info","message":"OPTIONS /api/v1/student/batchmates 200 0.151 ms - -","timestamp":"2025-01-29 06:24:28"}
{"level":"info","message":"GET /api/v1/student/batchmates 401 10.476 ms - 51","timestamp":"2025-01-29 06:24:28"}
{"level":"info","message":"OPTIONS /api/v1/notifications 200 0.214 ms - -","timestamp":"2025-01-29 06:25:28"}
{"level":"info","message":"GET /api/v1/notifications 304 11.737 ms - -","timestamp":"2025-01-29 06:25:28"}
{"level":"info","message":"OPTIONS /api/v1/notifications 200 0.469 ms - -","timestamp":"2025-01-29 06:26:28"}
{"level":"info","message":"GET /api/v1/notifications 304 36.846 ms - -","timestamp":"2025-01-29 06:26:28"}
{"level":"info","message":"OPTIONS /api/v1/notifications 200 0.170 ms - -","timestamp":"2025-01-29 06:27:29"}
{"level":"info","message":"GET /api/v1/notifications 304 84.748 ms - -","timestamp":"2025-01-29 06:27:29"}
{"level":"info","message":"OPTIONS /api/v1/notifications 200 0.144 ms - -","timestamp":"2025-01-29 06:28:29"}
{"level":"info","message":"GET /api/v1/notifications 304 9.866 ms - -","timestamp":"2025-01-29 06:28:29"}
{"level":"info","message":"OPTIONS /api/v1/notifications 200 0.211 ms - -","timestamp":"2025-01-29 06:29:30"}
{"level":"info","message":"GET /api/v1/notifications 304 11.073 ms - -","timestamp":"2025-01-29 06:29:30"}
{"level":"info","message":"Database connection successful","timestamp":"2025-01-29 06:30:23"}
{"level":"info","message":"Server is running on port 5000","timestamp":"2025-01-29 06:30:23"}
{"level":"info","message":"Initial origins update completed","timestamp":"2025-01-29 06:30:23"}
{"level":"info","message":"OPTIONS /api/v1/notifications 200 2.039 ms - -","timestamp":"2025-01-29 06:30:31"}
{"level":"info","message":"GET /api/v1/notifications 304 31.604 ms - -","timestamp":"2025-01-29 06:30:31"}
{"level":"info","message":"OPTIONS /api/v1/notifications 200 0.289 ms - -","timestamp":"2025-01-29 06:31:32"}
{"level":"info","message":"GET /api/v1/notifications 304 15.858 ms - -","timestamp":"2025-01-29 06:31:32"}
{"level":"info","message":"OPTIONS /api/v1/notifications 200 0.242 ms - -","timestamp":"2025-01-29 06:32:34"}
{"level":"info","message":"GET /api/v1/notifications 304 99.778 ms - -","timestamp":"2025-01-29 06:32:34"}
{"level":"info","message":"OPTIONS /api/v1/permission 200 0.149 ms - -","timestamp":"2025-01-29 06:33:20"}
{"level":"info","message":"GET /api/v1/permission 304 105.684 ms - -","timestamp":"2025-01-29 06:33:21"}
{"level":"info","message":"OPTIONS /api/v1/notifications 200 0.150 ms - -","timestamp":"2025-01-29 06:33:21"}
{"level":"info","message":"OPTIONS /api/v1/dashboard 200 0.458 ms - -","timestamp":"2025-01-29 06:33:21"}
{"level":"info","message":"GET /api/v1/notifications 304 14.341 ms - -","timestamp":"2025-01-29 06:33:21"}
{"level":"info","message":"GET /api/v1/dashboard 304 43.835 ms - -","timestamp":"2025-01-29 06:33:21"}
{"level":"info","message":"OPTIONS /api/v1/batch/options 200 0.254 ms - -","timestamp":"2025-01-29 06:33:24"}
{"level":"info","message":"OPTIONS /api/v1/superadmin/all-academies?page=1&limit=10&query= 200 0.299 ms - -","timestamp":"2025-01-29 06:33:24"}
{"level":"info","message":"OPTIONS /api/v1/user/all-users?page=1&limit=10&query=&roles= 200 0.306 ms - -","timestamp":"2025-01-29 06:33:24"}
{"level":"info","message":"GET /api/v1/batch/options 304 53.503 ms - -","timestamp":"2025-01-29 06:33:24"}
{"level":"info","message":"GET /api/v1/superadmin/all-academies?page=1&limit=10&query= 304 49.374 ms - -","timestamp":"2025-01-29 06:33:24"}
{"level":"info","message":"GET /api/v1/user/all-users?page=1&limit=10&query=&roles= 200 54.267 ms - 3701","timestamp":"2025-01-29 06:33:24"}
{"level":"info","message":"GET /api/v1/superadmin/all-academies?page=1&limit=10&query= 304 36.984 ms - -","timestamp":"2025-01-29 06:33:27"}
{"level":"info","message":"GET /api/v1/user/all-users?page=1&limit=10&query=&roles= 304 37.663 ms - -","timestamp":"2025-01-29 06:33:27"}
{"level":"info","message":"GET /api/v1/superadmin/all-academies?page=1&limit=10&query= 304 30.244 ms - -","timestamp":"2025-01-29 06:33:28"}
{"level":"info","message":"OPTIONS /api/v1/invitation/all-invitations?page=1&limit=1000&query= 200 0.232 ms - -","timestamp":"2025-01-29 06:33:29"}
{"level":"info","message":"GET /api/v1/invitation/all-invitations?page=1&limit=1000&query= 304 23.864 ms - -","timestamp":"2025-01-29 06:33:29"}
{"level":"info","message":"OPTIONS /api/v1/superadmin/all-academies?page=1&limit=10&query= 200 0.218 ms - -","timestamp":"2025-01-29 06:33:32"}
{"level":"info","message":"GET /api/v1/superadmin/all-academies?page=1&limit=10&query= 304 24.982 ms - -","timestamp":"2025-01-29 06:33:32"}
{"level":"info","message":"OPTIONS /api/v1/permission 200 0.249 ms - -","timestamp":"2025-01-29 06:33:38"}
{"level":"info","message":"GET /api/v1/permission 304 15.068 ms - -","timestamp":"2025-01-29 06:33:38"}
{"level":"info","message":"OPTIONS /api/v1/notifications 200 0.186 ms - -","timestamp":"2025-01-29 06:33:38"}
{"level":"info","message":"OPTIONS /api/v1/dashboard 200 0.159 ms - -","timestamp":"2025-01-29 06:33:38"}
{"level":"info","message":"GET /api/v1/notifications 304 12.511 ms - -","timestamp":"2025-01-29 06:33:38"}
{"level":"info","message":"GET /api/v1/dashboard 304 34.163 ms - -","timestamp":"2025-01-29 06:33:38"}
{"level":"info","message":"OPTIONS /api/v1/student-signups?page=1&limit=10&search= 200 0.243 ms - -","timestamp":"2025-01-29 06:33:41"}
{"level":"info","message":"GET /api/v1/student-signups?page=1&limit=10&search= 304 35.294 ms - -","timestamp":"2025-01-29 06:33:41"}
{"level":"info","message":"GET /api/v1/student-signups?page=1&limit=10&search= 304 24.633 ms - -","timestamp":"2025-01-29 06:33:43"}
{"level":"info","message":"OPTIONS /api/v1/batch/options 200 0.172 ms - -","timestamp":"2025-01-29 06:33:48"}
{"level":"info","message":"GET /api/v1/batch/options 304 26.126 ms - -","timestamp":"2025-01-29 06:33:48"}
{"level":"info","message":"OPTIONS /api/v1/student-signups 200 0.171 ms - -","timestamp":"2025-01-29 06:34:19"}
{"level":"info","message":"POST /api/v1/student-signups 201 5995.947 ms - 2047","timestamp":"2025-01-29 06:34:25"}
{"level":"info","message":"OPTIONS /api/v1/student-signups/73058d04-8d30-4cd3-bba9-abe8cbdd0a98/verify-email 200 0.205 ms - -","timestamp":"2025-01-29 06:34:25"}
{"level":"info","message":"POST /api/v1/student-signups/73058d04-8d30-4cd3-bba9-abe8cbdd0a98/verify-email 200 27.554 ms - 1136","timestamp":"2025-01-29 06:34:25"}
{"level":"info","message":"OPTIONS /api/v1/student-signups?page=1&limit=10&search= 200 0.238 ms - -","timestamp":"2025-01-29 06:34:25"}
{"level":"info","message":"GET /api/v1/student-signups?page=1&limit=10&search= 200 22.376 ms - 10482","timestamp":"2025-01-29 06:34:25"}
{"level":"info","message":"OPTIONS /api/v1/student-signups/73058d04-8d30-4cd3-bba9-abe8cbdd0a98 200 0.162 ms - -","timestamp":"2025-01-29 06:35:22"}
{"level":"info","message":"GET /api/v1/student-signups/73058d04-8d30-4cd3-bba9-abe8cbdd0a98 200 9.884 ms - 2102","timestamp":"2025-01-29 06:35:22"}
{"level":"info","message":"OPTIONS /api/v1/academy-programs/academy/d4bfb857-5b71-4d52-b0bd-68d7c540af34 200 0.242 ms - -","timestamp":"2025-01-29 06:35:22"}
{"level":"info","message":"GET /api/v1/academy-programs/academy/d4bfb857-5b71-4d52-b0bd-68d7c540af34 200 21.674 ms - 1414","timestamp":"2025-01-29 06:35:22"}
{"level":"info","message":"OPTIONS /api/v1/student-signups/73058d04-8d30-4cd3-bba9-abe8cbdd0a98 200 0.145 ms - -","timestamp":"2025-01-29 06:35:34"}
{"level":"info","message":"GET /api/v1/student-signups/73058d04-8d30-4cd3-bba9-abe8cbdd0a98 304 8.620 ms - -","timestamp":"2025-01-29 06:35:34"}
{"level":"info","message":"OPTIONS /api/v1/academy-programs/academy/d4bfb857-5b71-4d52-b0bd-68d7c540af34 200 0.177 ms - -","timestamp":"2025-01-29 06:35:34"}
{"level":"info","message":"GET /api/v1/academy-programs/academy/d4bfb857-5b71-4d52-b0bd-68d7c540af34 304 6.269 ms - -","timestamp":"2025-01-29 06:35:34"}
{"level":"info","message":"GET /api/v1/student-signups/73058d04-8d30-4cd3-bba9-abe8cbdd0a98 304 8.161 ms - -","timestamp":"2025-01-29 06:35:38"}
{"level":"info","message":"GET /api/v1/academy-programs/academy/d4bfb857-5b71-4d52-b0bd-68d7c540af34 304 7.302 ms - -","timestamp":"2025-01-29 06:35:38"}
{"level":"info","message":"OPTIONS /api/v1/student-signups/73058d04-8d30-4cd3-bba9-abe8cbdd0a98 200 0.174 ms - -","timestamp":"2025-01-29 06:35:50"}
{"level":"info","message":"PUT /api/v1/student-signups/73058d04-8d30-4cd3-bba9-abe8cbdd0a98 200 26.732 ms - 2075","timestamp":"2025-01-29 06:35:51"}
{"level":"info","message":"OPTIONS /api/v1/student-signups/73058d04-8d30-4cd3-bba9-abe8cbdd0a98/update-password 200 0.176 ms - -","timestamp":"2025-01-29 06:36:13"}
{"level":"info","message":"PUT /api/v1/student-signups/73058d04-8d30-4cd3-bba9-abe8cbdd0a98/update-password 200 22.864 ms - 58","timestamp":"2025-01-29 06:36:13"}
{"level":"info","message":"OPTIONS /api/v1/student-signups/checkout 200 0.197 ms - -","timestamp":"2025-01-29 06:36:27"}
{"level":"info","message":"POST /api/v1/student-signups/checkout 200 1235.816 ms - 457","timestamp":"2025-01-29 06:36:28"}
{"level":"error","message":"Admin verification failed: 400","timestamp":"2025-01-29 06:37:07"}
{"level":"info","message":"POST /api/v1/webhook/stripe 200 5.812 ms - 17","timestamp":"2025-01-29 06:37:07"}
{"level":"info","message":"POST /api/v1/webhook/stripe/student 200 3584.598 ms - 17","timestamp":"2025-01-29 06:37:11"}
{"level":"info","message":"OPTIONS /api/v1/auth/check-mfa 200 0.172 ms - -","timestamp":"2025-01-29 06:37:50"}
{"level":"info","message":"POST /api/v1/auth/check-mfa 200 218.217 ms - 55","timestamp":"2025-01-29 06:37:50"}
{"level":"info","message":"POST /api/v1/auth/login-with-cicid 200 233.016 ms - 873","timestamp":"2025-01-29 06:37:50"}
{"level":"info","message":"OPTIONS /api/v1/notifications 200 0.176 ms - -","timestamp":"2025-01-29 06:37:56"}
{"level":"info","message":"GET /api/v1/notifications 304 10.845 ms - -","timestamp":"2025-01-29 06:37:56"}
{"level":"info","message":"OPTIONS /api/v1/dashboard/coach-batch-stats 200 0.158 ms - -","timestamp":"2025-01-29 06:37:56"}
{"level":"info","message":"GET /api/v1/dashboard/coach-batch-stats 401 8.507 ms - 51","timestamp":"2025-01-29 06:37:56"}
{"level":"info","message":"OPTIONS /api/v1/notifications 200 0.379 ms - -","timestamp":"2025-01-29 06:38:57"}
{"level":"info","message":"GET /api/v1/notifications 304 11.426 ms - -","timestamp":"2025-01-29 06:38:57"}
{"level":"info","message":"OPTIONS /api/v1/dashboard/student/chess-stats?startDate=2024-12-29&endDate=2025-01-29 200 0.179 ms - -","timestamp":"2025-01-29 06:39:05"}
{"level":"info","message":"OPTIONS /api/v1/events/student 200 0.172 ms - -","timestamp":"2025-01-29 06:39:05"}
{"level":"info","message":"OPTIONS /api/v1/quiz/student-attempts 200 0.196 ms - -","timestamp":"2025-01-29 06:39:05"}
{"level":"info","message":"OPTIONS /api/v1/goal/weekly-goals/student 200 0.284 ms - -","timestamp":"2025-01-29 06:39:05"}
{"level":"info","message":"GET /api/v1/events/student 304 56.725 ms - -","timestamp":"2025-01-29 06:39:05"}
{"level":"info","message":"GET /api/v1/quiz/student-attempts 200 32.242 ms - 2","timestamp":"2025-01-29 06:39:05"}
{"level":"info","message":"GET /api/v1/dashboard/student/chess-stats?startDate=2024-12-29&endDate=2025-01-29 200 161.670 ms - 385","timestamp":"2025-01-29 06:39:06"}
{"level":"info","message":"OPTIONS /api/v1/tasks 200 0.163 ms - -","timestamp":"2025-01-29 06:39:06"}
{"level":"info","message":"GET /api/v1/goal/weekly-goals/student 200 51.905 ms - 2","timestamp":"2025-01-29 06:39:06"}
{"level":"info","message":"GET /api/v1/tasks 200 20.172 ms - 2","timestamp":"2025-01-29 06:39:06"}
{"level":"info","message":"OPTIONS /api/v1/dashboard/student-stats 200 0.211 ms - -","timestamp":"2025-01-29 06:39:06"}
{"level":"info","message":"OPTIONS /api/v1/student/batchmates 200 0.203 ms - -","timestamp":"2025-01-29 06:39:06"}
{"level":"info","message":"GET /api/v1/student/batchmates 200 26.234 ms - 2","timestamp":"2025-01-29 06:39:06"}
{"level":"info","message":"GET /api/v1/dashboard/student-stats 200 33.340 ms - 372","timestamp":"2025-01-29 06:39:06"}
{"level":"info","message":"OPTIONS /api/v1/notifications 200 0.156 ms - -","timestamp":"2025-01-29 06:39:19"}
{"level":"info","message":"GET /api/v1/notifications 304 10.820 ms - -","timestamp":"2025-01-29 06:39:19"}
{"level":"info","message":"OPTIONS /api/v1/dashboard/student/chess-stats?startDate=2024-12-29&endDate=2025-01-29 200 0.297 ms - -","timestamp":"2025-01-29 06:39:19"}
{"level":"info","message":"OPTIONS /api/v1/events/student 200 0.148 ms - -","timestamp":"2025-01-29 06:39:19"}
{"level":"info","message":"GET /api/v1/dashboard/student/chess-stats?startDate=2024-12-29&endDate=2025-01-29 304 20.612 ms - -","timestamp":"2025-01-29 06:39:19"}
{"level":"info","message":"OPTIONS /api/v1/quiz/student-attempts 200 0.172 ms - -","timestamp":"2025-01-29 06:39:19"}
{"level":"info","message":"GET /api/v1/events/student 304 25.756 ms - -","timestamp":"2025-01-29 06:39:19"}
{"level":"info","message":"GET /api/v1/quiz/student-attempts 304 15.708 ms - -","timestamp":"2025-01-29 06:39:19"}
{"level":"info","message":"OPTIONS /api/v1/goal/weekly-goals/student 200 0.169 ms - -","timestamp":"2025-01-29 06:39:19"}
{"level":"info","message":"GET /api/v1/goal/weekly-goals/student 304 15.968 ms - -","timestamp":"2025-01-29 06:39:19"}
{"level":"info","message":"OPTIONS /api/v1/tasks 200 0.300 ms - -","timestamp":"2025-01-29 06:39:19"}
{"level":"info","message":"GET /api/v1/tasks 304 15.386 ms - -","timestamp":"2025-01-29 06:39:19"}
{"level":"info","message":"OPTIONS /api/v1/dashboard/student-stats 200 0.147 ms - -","timestamp":"2025-01-29 06:39:19"}
{"level":"info","message":"OPTIONS /api/v1/student/batchmates 200 0.168 ms - -","timestamp":"2025-01-29 06:39:19"}
{"level":"info","message":"GET /api/v1/dashboard/student-stats 304 23.044 ms - -","timestamp":"2025-01-29 06:39:19"}
{"level":"info","message":"GET /api/v1/student/batchmates 304 23.403 ms - -","timestamp":"2025-01-29 06:39:19"}
{"level":"info","message":"OPTIONS /api/v1/notifications 200 0.164 ms - -","timestamp":"2025-01-29 06:40:19"}
{"level":"info","message":"GET /api/v1/notifications 401 0.661 ms - 51","timestamp":"2025-01-29 06:40:19"}
{"level":"info","message":"OPTIONS /api/v1/notifications 200 0.260 ms - -","timestamp":"2025-01-29 06:40:23"}
{"level":"info","message":"OPTIONS /api/v1/student-signups?page=1&limit=10&search= 200 0.243 ms - -","timestamp":"2025-01-29 06:40:23"}
{"level":"info","message":"OPTIONS /api/v1/permission 200 0.211 ms - -","timestamp":"2025-01-29 06:40:23"}
{"level":"info","message":"GET /api/v1/notifications 304 15.546 ms - -","timestamp":"2025-01-29 06:40:23"}
{"level":"info","message":"GET /api/v1/student-signups?page=1&limit=10&search= 200 33.963 ms - 10576","timestamp":"2025-01-29 06:40:23"}
{"level":"info","message":"GET /api/v1/permission 304 24.926 ms - -","timestamp":"2025-01-29 06:40:23"}
{"level":"info","message":"OPTIONS /api/v1/student/all-students 200 0.281 ms - -","timestamp":"2025-01-29 06:40:31"}
{"level":"info","message":"GET /api/v1/student/all-students 200 47.950 ms - 6674","timestamp":"2025-01-29 06:40:31"}
{"level":"info","message":"OPTIONS /api/v1/notifications 200 0.179 ms - -","timestamp":"2025-01-29 06:41:20"}
{"level":"info","message":"GET /api/v1/notifications 401 0.712 ms - 51","timestamp":"2025-01-29 06:41:20"}
{"level":"info","message":"OPTIONS /api/v1/student/all-students 200 0.168 ms - -","timestamp":"2025-01-29 06:41:33"}
{"level":"info","message":"GET /api/v1/student/all-students 304 39.448 ms - -","timestamp":"2025-01-29 06:41:33"}
{"level":"info","message":"OPTIONS /api/v1/notifications 200 0.169 ms - -","timestamp":"2025-01-29 06:42:21"}
{"level":"info","message":"GET /api/v1/notifications 401 0.634 ms - 51","timestamp":"2025-01-29 06:42:21"}
{"level":"info","message":"OPTIONS /api/v1/notifications 200 0.164 ms - -","timestamp":"2025-01-29 06:43:22"}
{"level":"info","message":"GET /api/v1/notifications 401 0.495 ms - 51","timestamp":"2025-01-29 06:43:22"}
{"level":"info","message":"Database connection successful","timestamp":"2025-01-29 06:44:22"}
{"level":"info","message":"Server is running on port 5000","timestamp":"2025-01-29 06:44:22"}
{"level":"info","message":"Initial origins update completed","timestamp":"2025-01-29 06:44:22"}
{"level":"info","message":"OPTIONS /api/v1/notifications 200 2.032 ms - -","timestamp":"2025-01-29 06:44:23"}
{"level":"info","message":"GET /api/v1/notifications 401 7.151 ms - 51","timestamp":"2025-01-29 06:44:23"}
{"level":"info","message":"Database connection successful","timestamp":"2025-01-29 06:44:32"}
{"level":"info","message":"Server is running on port 5000","timestamp":"2025-01-29 06:44:32"}
{"level":"info","message":"Initial origins update completed","timestamp":"2025-01-29 06:44:32"}
{"level":"info","message":"Database connection successful","timestamp":"2025-01-29 06:44:40"}
{"level":"info","message":"Server is running on port 5000","timestamp":"2025-01-29 06:44:40"}
{"level":"info","message":"Initial origins update completed","timestamp":"2025-01-29 06:44:40"}
{"level":"info","message":"OPTIONS /api/v1/notifications 200 2.547 ms - -","timestamp":"2025-01-29 06:45:24"}
{"level":"info","message":"GET /api/v1/notifications 401 7.120 ms - 51","timestamp":"2025-01-29 06:45:24"}
{"level":"info","message":"Database connection successful","timestamp":"2025-01-29 06:47:29"}
{"level":"info","message":"Server is running on port 5000","timestamp":"2025-01-29 06:47:29"}
{"level":"info","message":"Initial origins update completed","timestamp":"2025-01-29 06:47:29"}
{"level":"info","message":"Database connection successful","timestamp":"2025-01-29 06:47:33"}
{"level":"info","message":"Server is running on port 5000","timestamp":"2025-01-29 06:47:33"}
{"level":"info","message":"Initial origins update completed","timestamp":"2025-01-29 06:47:33"}
{"level":"info","message":"Database connection successful","timestamp":"2025-01-29 06:47:37"}
{"level":"info","message":"Server is running on port 5000","timestamp":"2025-01-29 06:47:37"}
{"level":"info","message":"Initial origins update completed","timestamp":"2025-01-29 06:47:37"}
{"level":"info","message":"OPTIONS /api/v1/notifications 200 0.865 ms - -","timestamp":"2025-01-29 06:48:27"}
{"level":"info","message":"GET /api/v1/notifications 401 2.752 ms - 51","timestamp":"2025-01-29 06:48:27"}
{"level":"info","message":"OPTIONS /api/v1/notifications 200 0.221 ms - -","timestamp":"2025-01-29 06:49:28"}
{"level":"info","message":"GET /api/v1/notifications 401 1.858 ms - 51","timestamp":"2025-01-29 06:49:28"}
{"level":"info","message":"OPTIONS /api/v1/permission 200 0.251 ms - -","timestamp":"2025-01-29 06:49:41"}
{"level":"info","message":"GET /api/v1/permission 304 42.037 ms - -","timestamp":"2025-01-29 06:49:41"}
{"level":"info","message":"OPTIONS /api/v1/notifications 200 0.124 ms - -","timestamp":"2025-01-29 06:50:29"}
{"level":"info","message":"GET /api/v1/notifications 401 0.470 ms - 51","timestamp":"2025-01-29 06:50:29"}
{"level":"info","message":"OPTIONS /api/v1/permission 200 0.384 ms - -","timestamp":"2025-01-29 06:50:47"}
{"level":"info","message":"GET /api/v1/permission 304 11.340 ms - -","timestamp":"2025-01-29 06:50:47"}
{"level":"info","message":"OPTIONS /api/v1/notifications 200 0.257 ms - -","timestamp":"2025-01-29 06:51:30"}
{"level":"info","message":"GET /api/v1/notifications 401 1.453 ms - 51","timestamp":"2025-01-29 06:51:30"}
{"level":"info","message":"OPTIONS /api/v1/permission 200 0.335 ms - -","timestamp":"2025-01-29 06:52:08"}
{"level":"info","message":"GET /api/v1/permission 304 16.982 ms - -","timestamp":"2025-01-29 06:52:08"}
{"level":"info","message":"GET /api/v1/permission 304 17.377 ms - -","timestamp":"2025-01-29 06:52:11"}
{"level":"info","message":"OPTIONS /api/v1/notifications 200 0.193 ms - -","timestamp":"2025-01-29 06:52:31"}
{"level":"info","message":"GET /api/v1/notifications 401 1.123 ms - 51","timestamp":"2025-01-29 06:52:31"}
{"level":"info","message":"OPTIONS /api/v1/notifications 200 0.216 ms - -","timestamp":"2025-01-29 06:52:53"}
{"level":"info","message":"OPTIONS /api/v1/coach/coaches?page=1&limit=10&search=&orderBy=createdAt&order=desc 200 0.287 ms - -","timestamp":"2025-01-29 06:52:53"}
{"level":"info","message":"OPTIONS /api/v1/permission 200 0.319 ms - -","timestamp":"2025-01-29 06:52:53"}
{"level":"info","message":"GET /api/v1/permission 304 16.959 ms - -","timestamp":"2025-01-29 06:52:53"}
{"level":"info","message":"GET /api/v1/notifications 304 35.234 ms - -","timestamp":"2025-01-29 06:52:53"}
{"level":"info","message":"GET /api/v1/coach/coaches?page=1&limit=10&search=&orderBy=createdAt&order=desc 200 69.285 ms - 2228","timestamp":"2025-01-29 06:52:53"}
{"level":"info","message":"OPTIONS /api/v1/permission 200 0.203 ms - -","timestamp":"2025-01-29 06:53:22"}
{"level":"info","message":"GET /api/v1/permission 304 22.855 ms - -","timestamp":"2025-01-29 06:53:22"}
{"level":"info","message":"OPTIONS /api/v1/notifications 200 0.167 ms - -","timestamp":"2025-01-29 06:53:32"}
{"level":"info","message":"GET /api/v1/notifications 401 0.869 ms - 51","timestamp":"2025-01-29 06:53:32"}
{"level":"info","message":"OPTIONS /api/v1/notifications 200 0.181 ms - -","timestamp":"2025-01-29 06:54:33"}
{"level":"info","message":"GET /api/v1/notifications 401 0.761 ms - 51","timestamp":"2025-01-29 06:54:33"}
{"level":"info","message":"OPTIONS /api/v1/notifications 200 0.084 ms - -","timestamp":"2025-01-29 06:55:34"}
{"level":"info","message":"GET /api/v1/notifications 401 0.358 ms - 51","timestamp":"2025-01-29 06:55:34"}
{"level":"info","message":"OPTIONS /api/v1/permission 200 0.071 ms - -","timestamp":"2025-01-29 06:56:00"}
{"level":"info","message":"GET /api/v1/permission 304 8.589 ms - -","timestamp":"2025-01-29 06:56:00"}
{"level":"info","message":"OPTIONS /api/v1/notifications 200 0.105 ms - -","timestamp":"2025-01-29 06:56:35"}
{"level":"info","message":"GET /api/v1/notifications 401 0.347 ms - 51","timestamp":"2025-01-29 06:56:35"}
{"level":"info","message":"OPTIONS /api/v1/permission 200 0.207 ms - -","timestamp":"2025-01-29 06:57:26"}
{"level":"info","message":"GET /api/v1/permission 304 19.407 ms - -","timestamp":"2025-01-29 06:57:26"}
{"level":"info","message":"OPTIONS /api/v1/notifications 200 0.148 ms - -","timestamp":"2025-01-29 06:57:36"}
{"level":"info","message":"GET /api/v1/notifications 401 0.720 ms - 51","timestamp":"2025-01-29 06:57:36"}
{"level":"info","message":"OPTIONS /api/v1/notifications 200 0.149 ms - -","timestamp":"2025-01-29 06:58:37"}
{"level":"info","message":"GET /api/v1/notifications 401 0.458 ms - 51","timestamp":"2025-01-29 06:58:37"}
{"level":"info","message":"OPTIONS /api/v1/notifications 200 0.200 ms - -","timestamp":"2025-01-29 06:59:38"}
{"level":"info","message":"GET /api/v1/notifications 401 0.986 ms - 51","timestamp":"2025-01-29 06:59:38"}
{"level":"info","message":"Running expired signups check cron job","timestamp":"2025-01-29 07:00:00"}
{"level":"info","message":"Processed 0 expired signups","timestamp":"2025-01-29 07:00:00"}
{"level":"info","message":"OPTIONS /api/v1/notifications 200 0.224 ms - -","timestamp":"2025-01-29 07:00:32"}
{"level":"info","message":"OPTIONS /api/v1/coach/coaches?page=1&limit=10&search=&orderBy=createdAt&order=desc 200 0.237 ms - -","timestamp":"2025-01-29 07:00:32"}
{"level":"info","message":"OPTIONS /api/v1/permission 200 0.156 ms - -","timestamp":"2025-01-29 07:00:32"}
{"level":"info","message":"GET /api/v1/notifications 304 24.040 ms - -","timestamp":"2025-01-29 07:00:32"}
{"level":"info","message":"GET /api/v1/permission 304 19.255 ms - -","timestamp":"2025-01-29 07:00:32"}
{"level":"info","message":"GET /api/v1/coach/coaches?page=1&limit=10&search=&orderBy=createdAt&order=desc 304 50.263 ms - -","timestamp":"2025-01-29 07:00:32"}
{"level":"info","message":"OPTIONS /api/v1/coach/coaches?page=1&limit=10&search=asda&orderBy=createdAt&order=desc 200 0.173 ms - -","timestamp":"2025-01-29 07:00:37"}
{"clientVersion":"5.20.0","level":"error","name":"PrismaClientValidationError","timestamp":"2025-01-29 07:00:37"}
{"level":"info","message":"GET /api/v1/coach/coaches?page=1&limit=10&search=asda&orderBy=createdAt&order=desc 500 51.962 ms - 3248","timestamp":"2025-01-29 07:00:37"}
{"level":"info","message":"OPTIONS /api/v1/coach/coaches?page=1&limit=10&search=&orderBy=createdAt&order=desc 200 0.209 ms - -","timestamp":"2025-01-29 07:00:39"}
{"level":"info","message":"OPTIONS /api/v1/notifications 200 0.246 ms - -","timestamp":"2025-01-29 07:00:39"}
{"level":"info","message":"GET /api/v1/coach/coaches?page=1&limit=10&search=&orderBy=createdAt&order=desc 304 39.928 ms - -","timestamp":"2025-01-29 07:00:39"}
{"level":"info","message":"GET /api/v1/notifications 401 1.008 ms - 51","timestamp":"2025-01-29 07:00:39"}
{"level":"info","message":"OPTIONS /api/v1/coach/coaches?page=1&limit=10&search=Head&orderBy=createdAt&order=desc 200 0.181 ms - -","timestamp":"2025-01-29 07:00:42"}
{"clientVersion":"5.20.0","level":"error","name":"PrismaClientValidationError","timestamp":"2025-01-29 07:00:42"}
{"level":"info","message":"GET /api/v1/coach/coaches?page=1&limit=10&search=Head&orderBy=createdAt&order=desc 500 33.363 ms - 2316","timestamp":"2025-01-29 07:00:42"}
{"level":"info","message":"GET /api/v1/coach/coaches?page=1&limit=10&search=&orderBy=createdAt&order=desc 304 31.055 ms - -","timestamp":"2025-01-29 07:00:44"}
{"level":"info","message":"OPTIONS /api/v1/student-signups?page=1&limit=10&search= 200 0.190 ms - -","timestamp":"2025-01-29 07:00:50"}
{"level":"info","message":"GET /api/v1/student-signups?page=1&limit=10&search= 304 34.238 ms - -","timestamp":"2025-01-29 07:00:50"}
{"level":"info","message":"OPTIONS /api/v1/coach-signup?page=1&limit=10&search= 200 0.202 ms - -","timestamp":"2025-01-29 07:00:51"}
{"level":"info","message":"GET /api/v1/coach-signup?page=1&limit=10&search= 304 37.711 ms - -","timestamp":"2025-01-29 07:00:51"}
{"level":"info","message":"GET /api/v1/student-signups?page=1&limit=10&search= 304 24.129 ms - -","timestamp":"2025-01-29 07:00:52"}
{"level":"info","message":"GET /api/v1/coach-signup?page=1&limit=10&search= 304 25.773 ms - -","timestamp":"2025-01-29 07:00:53"}
{"level":"info","message":"OPTIONS /api/v1/batch/options 200 0.206 ms - -","timestamp":"2025-01-29 07:00:54"}
{"level":"info","message":"GET /api/v1/batch/options 200 30.957 ms - 4857","timestamp":"2025-01-29 07:00:54"}
{"level":"info","message":"GET /api/v1/student-signups?page=1&limit=10&search= 304 24.445 ms - -","timestamp":"2025-01-29 07:00:55"}
{"level":"info","message":"OPTIONS /api/v1/student/all-students 200 0.175 ms - -","timestamp":"2025-01-29 07:00:56"}
{"level":"info","message":"GET /api/v1/student/all-students 304 43.027 ms - -","timestamp":"2025-01-29 07:00:56"}
{"level":"info","message":"OPTIONS /api/v1/dashboard 200 0.175 ms - -","timestamp":"2025-01-29 07:00:58"}
{"level":"info","message":"GET /api/v1/dashboard 200 48.281 ms - 96","timestamp":"2025-01-29 07:00:58"}
{"level":"info","message":"Database connection successful","timestamp":"2025-01-29 07:01:48"}
{"level":"info","message":"Server is running on port 5000","timestamp":"2025-01-29 07:01:48"}
{"level":"info","message":"Initial origins update completed","timestamp":"2025-01-29 07:01:48"}
{"level":"\u001b[32minfo\u001b[39m","message":"Roles seeded successfully","timestamp":"2025-01-29 09:51:05"}
{"level":"\u001b[32minfo\u001b[39m","message":"Permissions seeded successfully","timestamp":"2025-01-29 09:51:05"}
{"level":"\u001b[32minfo\u001b[39m","message":"Assigned permission \"VIEW /dashboard\" to role \"SUPER_ADMIN\".","timestamp":"2025-01-29 09:51:05"}
{"level":"\u001b[32minfo\u001b[39m","message":"Assigned permission \"VIEW /dashboard/academies\" to role \"SUPER_ADMIN\".","timestamp":"2025-01-29 09:51:05"}
{"level":"\u001b[32minfo\u001b[39m","message":"Assigned permission \"ADD /dashboard/academies\" to role \"SUPER_ADMIN\".","timestamp":"2025-01-29 09:51:05"}
{"level":"\u001b[32minfo\u001b[39m","message":"Assigned permission \"UPDATE /dashboard/academies\" to role \"SUPER_ADMIN\".","timestamp":"2025-01-29 09:51:05"}
{"level":"\u001b[32minfo\u001b[39m","message":"Assigned permission \"DELETE /dashboard/academies\" to role \"SUPER_ADMIN\".","timestamp":"2025-01-29 09:51:05"}
{"level":"\u001b[32minfo\u001b[39m","message":"Assigned permission \"VIEW /dashboard/invitations\" to role \"SUPER_ADMIN\".","timestamp":"2025-01-29 09:51:05"}
{"level":"\u001b[32minfo\u001b[39m","message":"Assigned permission \"VIEW /dashboard/permissions\" to role \"SUPER_ADMIN\".","timestamp":"2025-01-29 09:51:05"}
{"level":"\u001b[32minfo\u001b[39m","message":"Assigned permission \"UPDATE /dashboard/permissions\" to role \"SUPER_ADMIN\".","timestamp":"2025-01-29 09:51:05"}
{"level":"\u001b[32minfo\u001b[39m","message":"Assigned permission \"VIEW /dashboard/system-code\" to role \"SUPER_ADMIN\".","timestamp":"2025-01-29 09:51:05"}
{"level":"\u001b[32minfo\u001b[39m","message":"Assigned permission \"ADD /dashboard/system-code\" to role \"SUPER_ADMIN\".","timestamp":"2025-01-29 09:51:05"}
{"level":"\u001b[32minfo\u001b[39m","message":"Assigned permission \"VIEW /dashboard/plans\" to role \"SUPER_ADMIN\".","timestamp":"2025-01-29 09:51:05"}
{"level":"\u001b[32minfo\u001b[39m","message":"Assigned permission \"ADD /dashboard/plans\" to role \"SUPER_ADMIN\".","timestamp":"2025-01-29 09:51:05"}
{"level":"\u001b[32minfo\u001b[39m","message":"Assigned permission \"UPDATE /dashboard/plans\" to role \"SUPER_ADMIN\".","timestamp":"2025-01-29 09:51:05"}
{"level":"\u001b[32minfo\u001b[39m","message":"Assigned permission \"DELETE /dashboard/plans\" to role \"SUPER_ADMIN\".","timestamp":"2025-01-29 09:51:05"}
{"level":"\u001b[32minfo\u001b[39m","message":"Assigned permission \"VIEW /dashboard/settings\" to role \"SUPER_ADMIN\".","timestamp":"2025-01-29 09:51:05"}
{"level":"\u001b[32minfo\u001b[39m","message":"Assigned permission \"VIEW /dashboard/settings/profile\" to role \"SUPER_ADMIN\".","timestamp":"2025-01-29 09:51:05"}
{"level":"\u001b[32minfo\u001b[39m","message":"Assigned permission \"UPDATE /dashboard/settings/profile\" to role \"SUPER_ADMIN\".","timestamp":"2025-01-29 09:51:05"}
{"level":"\u001b[32minfo\u001b[39m","message":"Assigned permission \"VIEW /dashboard/platform-users\" to role \"SUPER_ADMIN\".","timestamp":"2025-01-29 09:51:05"}
{"level":"\u001b[32minfo\u001b[39m","message":"Assigned permission \"ADD /dashboard/platform-users\" to role \"SUPER_ADMIN\".","timestamp":"2025-01-29 09:51:05"}
{"level":"\u001b[32minfo\u001b[39m","message":"Assigned permission \"UPDATE /dashboard/platform-users\" to role \"SUPER_ADMIN\".","timestamp":"2025-01-29 09:51:05"}
{"level":"\u001b[32minfo\u001b[39m","message":"Assigned permission \"DELETE /dashboard/platform-users\" to role \"SUPER_ADMIN\".","timestamp":"2025-01-29 09:51:05"}
{"level":"\u001b[32minfo\u001b[39m","message":"SUPER_ADMIN permissions assigned successfully.","timestamp":"2025-01-29 09:51:05"}
{"level":"\u001b[32minfo\u001b[39m","message":"Assigned permission \"VIEW /dashboard\" to role \"ADMIN\".","timestamp":"2025-01-29 09:51:05"}
{"level":"\u001b[32minfo\u001b[39m","message":"Assigned permission \"VIEW /dashboard/batches\" to role \"ADMIN\".","timestamp":"2025-01-29 09:51:05"}
{"level":"\u001b[32minfo\u001b[39m","message":"Assigned permission \"ADD /dashboard/batches\" to role \"ADMIN\".","timestamp":"2025-01-29 09:51:05"}
{"level":"\u001b[32minfo\u001b[39m","message":"Assigned permission \"UPDATE /dashboard/batches\" to role \"ADMIN\".","timestamp":"2025-01-29 09:51:05"}
{"level":"\u001b[32minfo\u001b[39m","message":"Assigned permission \"DELETE /dashboard/batches\" to role \"ADMIN\".","timestamp":"2025-01-29 09:51:05"}
{"level":"\u001b[32minfo\u001b[39m","message":"Assigned permission \"VIEW /dashboard/users\" to role \"ADMIN\".","timestamp":"2025-01-29 09:51:05"}
{"level":"\u001b[33mwarn\u001b[39m","message":"Permission \"ADD /dashboard/users\" not found. Skipping assignment to role \"ADMIN\".","timestamp":"2025-01-29 09:51:05"}
{"level":"\u001b[33mwarn\u001b[39m","message":"Permission \"UPDATE /dashboard/users\" not found. Skipping assignment to role \"ADMIN\".","timestamp":"2025-01-29 09:51:05"}
{"level":"\u001b[33mwarn\u001b[39m","message":"Permission \"DELETE /dashboard/users\" not found. Skipping assignment to role \"ADMIN\".","timestamp":"2025-01-29 09:51:05"}
{"level":"\u001b[32minfo\u001b[39m","message":"Assigned permission \"VIEW /dashboard/calendar\" to role \"ADMIN\".","timestamp":"2025-01-29 09:51:05"}
{"level":"\u001b[32minfo\u001b[39m","message":"Assigned permission \"ADD /dashboard/calendar\" to role \"ADMIN\".","timestamp":"2025-01-29 09:51:05"}
{"level":"\u001b[32minfo\u001b[39m","message":"Assigned permission \"UPDATE /dashboard/calendar\" to role \"ADMIN\".","timestamp":"2025-01-29 09:51:05"}
{"level":"\u001b[32minfo\u001b[39m","message":"Assigned permission \"DELETE /dashboard/calendar\" to role \"ADMIN\".","timestamp":"2025-01-29 09:51:05"}
{"level":"\u001b[32minfo\u001b[39m","message":"Assigned permission \"VIEW /dashboard/communication\" to role \"ADMIN\".","timestamp":"2025-01-29 09:51:05"}
{"level":"\u001b[32minfo\u001b[39m","message":"Assigned permission \"ADD /dashboard/communication\" to role \"ADMIN\".","timestamp":"2025-01-29 09:51:05"}
{"level":"\u001b[32minfo\u001b[39m","message":"Assigned permission \"UPDATE /dashboard/communication\" to role \"ADMIN\".","timestamp":"2025-01-29 09:51:05"}
{"level":"\u001b[32minfo\u001b[39m","message":"Assigned permission \"DELETE /dashboard/communication\" to role \"ADMIN\".","timestamp":"2025-01-29 09:51:05"}
{"level":"\u001b[32minfo\u001b[39m","message":"Assigned permission \"VIEW /dashboard/goals\" to role \"ADMIN\".","timestamp":"2025-01-29 09:51:05"}
{"level":"\u001b[32minfo\u001b[39m","message":"Assigned permission \"VIEW /dashboard/goals/seasonal\" to role \"ADMIN\".","timestamp":"2025-01-29 09:51:05"}
{"level":"\u001b[32minfo\u001b[39m","message":"Assigned permission \"ADD /dashboard/goals/seasonal\" to role \"ADMIN\".","timestamp":"2025-01-29 09:51:05"}
{"level":"\u001b[32minfo\u001b[39m","message":"Assigned permission \"VIEW /dashboard/goals/monthly\" to role \"ADMIN\".","timestamp":"2025-01-29 09:51:05"}
{"level":"\u001b[32minfo\u001b[39m","message":"Assigned permission \"ADD /dashboard/goals/monthly\" to role \"ADMIN\".","timestamp":"2025-01-29 09:51:05"}
{"level":"\u001b[32minfo\u001b[39m","message":"Assigned permission \"VIEW /dashboard/goals/weekly\" to role \"ADMIN\".","timestamp":"2025-01-29 09:51:05"}
{"level":"\u001b[32minfo\u001b[39m","message":"Assigned permission \"ADD /dashboard/goals/weekly\" to role \"ADMIN\".","timestamp":"2025-01-29 09:51:05"}
{"level":"\u001b[32minfo\u001b[39m","message":"Assigned permission \"VIEW /dashboard/goals/assign-weekly\" to role \"ADMIN\".","timestamp":"2025-01-29 09:51:05"}
{"level":"\u001b[32minfo\u001b[39m","message":"Assigned permission \"ADD /dashboard/goals/assign-weekly\" to role \"ADMIN\".","timestamp":"2025-01-29 09:51:05"}
{"level":"\u001b[32minfo\u001b[39m","message":"Assigned permission \"VIEW /dashboard/website\" to role \"ADMIN\".","timestamp":"2025-01-29 09:51:05"}
{"level":"\u001b[32minfo\u001b[39m","message":"Assigned permission \"UPDATE /dashboard/website\" to role \"ADMIN\".","timestamp":"2025-01-29 09:51:05"}
{"level":"\u001b[32minfo\u001b[39m","message":"Assigned permission \"VIEW /dashboard/programs\" to role \"ADMIN\".","timestamp":"2025-01-29 09:51:05"}
{"level":"\u001b[32minfo\u001b[39m","message":"Assigned permission \"ADD /dashboard/programs\" to role \"ADMIN\".","timestamp":"2025-01-29 09:51:05"}
{"level":"\u001b[32minfo\u001b[39m","message":"Assigned permission \"UPDATE /dashboard/programs\" to role \"ADMIN\".","timestamp":"2025-01-29 09:51:05"}
{"level":"\u001b[32minfo\u001b[39m","message":"Assigned permission \"DELETE /dashboard/programs\" to role \"ADMIN\".","timestamp":"2025-01-29 09:51:05"}
{"level":"\u001b[32minfo\u001b[39m","message":"Assigned permission \"VIEW /dashboard/students/list\" to role \"ADMIN\".","timestamp":"2025-01-29 09:51:05"}
{"level":"\u001b[32minfo\u001b[39m","message":"Assigned permission \"VIEW /dashboard/students/signups\" to role \"ADMIN\".","timestamp":"2025-01-29 09:51:05"}
{"level":"\u001b[32minfo\u001b[39m","message":"Assigned permission \"ADD /dashboard/students/signups\" to role \"ADMIN\".","timestamp":"2025-01-29 09:51:05"}
{"level":"\u001b[32minfo\u001b[39m","message":"Assigned permission \"UPDATE /dashboard/students/signups\" to role \"ADMIN\".","timestamp":"2025-01-29 09:51:05"}
{"level":"\u001b[32minfo\u001b[39m","message":"Assigned permission \"DELETE /dashboard/students/signups\" to role \"ADMIN\".","timestamp":"2025-01-29 09:51:05"}
{"level":"\u001b[32minfo\u001b[39m","message":"Assigned permission \"VIEW /dashboard/reports\" to role \"ADMIN\".","timestamp":"2025-01-29 09:51:06"}
{"level":"\u001b[32minfo\u001b[39m","message":"Assigned permission \"VIEW /dashboard/reports/batches\" to role \"ADMIN\".","timestamp":"2025-01-29 09:51:06"}
{"level":"\u001b[32minfo\u001b[39m","message":"Assigned permission \"VIEW /dashboard/reports/enrollments\" to role \"ADMIN\".","timestamp":"2025-01-29 09:51:06"}
{"level":"\u001b[32minfo\u001b[39m","message":"Assigned permission \"VIEW /dashboard/reports/students\" to role \"ADMIN\".","timestamp":"2025-01-29 09:51:06"}
{"level":"\u001b[32minfo\u001b[39m","message":"Assigned permission \"VIEW /dashboard/reports/target-goals\" to role \"ADMIN\".","timestamp":"2025-01-29 09:51:06"}
{"level":"\u001b[32minfo\u001b[39m","message":"Assigned permission \"VIEW /dashboard/settings\" to role \"ADMIN\".","timestamp":"2025-01-29 09:51:06"}
{"level":"\u001b[33mwarn\u001b[39m","message":"Permission \"UPDATE /dashboard/settings\" not found. Skipping assignment to role \"ADMIN\".","timestamp":"2025-01-29 09:51:06"}
{"level":"\u001b[32minfo\u001b[39m","message":"Assigned permission \"VIEW /dashboard/settings/profile\" to role \"ADMIN\".","timestamp":"2025-01-29 09:51:06"}
{"level":"\u001b[32minfo\u001b[39m","message":"Assigned permission \"UPDATE /dashboard/settings/profile\" to role \"ADMIN\".","timestamp":"2025-01-29 09:51:06"}
{"level":"\u001b[32minfo\u001b[39m","message":"Assigned permission \"VIEW /dashboard/settings/admins\" to role \"ADMIN\".","timestamp":"2025-01-29 09:51:06"}
{"level":"\u001b[32minfo\u001b[39m","message":"Assigned permission \"UPDATE /dashboard/settings/admins\" to role \"ADMIN\".","timestamp":"2025-01-29 09:51:06"}
{"level":"\u001b[32minfo\u001b[39m","message":"Assigned permission \"VIEW /dashboard/settings/academy\" to role \"ADMIN\".","timestamp":"2025-01-29 09:51:06"}
{"level":"\u001b[32minfo\u001b[39m","message":"Assigned permission \"UPDATE /dashboard/settings/academy\" to role \"ADMIN\".","timestamp":"2025-01-29 09:51:06"}
{"level":"\u001b[32minfo\u001b[39m","message":"Assigned permission \"VIEW /dashboard/users/coaches\" to role \"ADMIN\".","timestamp":"2025-01-29 09:51:06"}
{"level":"\u001b[32minfo\u001b[39m","message":"Assigned permission \"VIEW /dashboard/users/coach-signups\" to role \"ADMIN\".","timestamp":"2025-01-29 09:51:06"}
{"level":"\u001b[32minfo\u001b[39m","message":"Assigned permission \"ADD /dashboard/users/coach-signups\" to role \"ADMIN\".","timestamp":"2025-01-29 09:51:06"}
{"level":"\u001b[32minfo\u001b[39m","message":"Assigned permission \"UPDATE /dashboard/users/coach-signups\" to role \"ADMIN\".","timestamp":"2025-01-29 09:51:06"}
{"level":"\u001b[32minfo\u001b[39m","message":"Assigned permission \"DELETE /dashboard/users/coach-signups\" to role \"ADMIN\".","timestamp":"2025-01-29 09:51:06"}
{"level":"\u001b[32minfo\u001b[39m","message":"Assigned permission \"VIEW /dashboard/users/students\" to role \"ADMIN\".","timestamp":"2025-01-29 09:51:06"}
{"level":"\u001b[32minfo\u001b[39m","message":"Assigned permission \"VIEW /dashboard/users/student-signups\" to role \"ADMIN\".","timestamp":"2025-01-29 09:51:06"}
{"level":"\u001b[32minfo\u001b[39m","message":"Assigned permission \"ADD /dashboard/users/student-signups\" to role \"ADMIN\".","timestamp":"2025-01-29 09:51:06"}
{"level":"\u001b[32minfo\u001b[39m","message":"Assigned permission \"UPDATE /dashboard/users/student-signups\" to role \"ADMIN\".","timestamp":"2025-01-29 09:51:06"}
{"level":"\u001b[32minfo\u001b[39m","message":"Assigned permission \"DELETE /dashboard/users/student-signups\" to role \"ADMIN\".","timestamp":"2025-01-29 09:51:06"}
{"level":"\u001b[32minfo\u001b[39m","message":"ADMIN permissions assigned successfully.","timestamp":"2025-01-29 09:51:06"}
{"level":"\u001b[32minfo\u001b[39m","message":"Assigned permission \"VIEW /dashboard/goals\" to role \"COACH\".","timestamp":"2025-01-29 09:51:06"}
{"level":"\u001b[33mwarn\u001b[39m","message":"Permission \"ADD /dashboard/goals\" not found. Skipping assignment to role \"COACH\".","timestamp":"2025-01-29 09:51:06"}
{"level":"\u001b[33mwarn\u001b[39m","message":"Permission \"UPDATE /dashboard/goals\" not found. Skipping assignment to role \"COACH\".","timestamp":"2025-01-29 09:51:06"}
{"level":"\u001b[33mwarn\u001b[39m","message":"Permission \"DELETE /dashboard/goals\" not found. Skipping assignment to role \"COACH\".","timestamp":"2025-01-29 09:51:06"}
{"level":"\u001b[32minfo\u001b[39m","message":"Assigned permission \"VIEW /dashboard/goals/seasonal\" to role \"COACH\".","timestamp":"2025-01-29 09:51:06"}
{"level":"\u001b[32minfo\u001b[39m","message":"Assigned permission \"ADD /dashboard/goals/seasonal\" to role \"COACH\".","timestamp":"2025-01-29 09:51:06"}
{"level":"\u001b[33mwarn\u001b[39m","message":"Permission \"UPDATE /dashboard/goals/seasonal\" not found. Skipping assignment to role \"COACH\".","timestamp":"2025-01-29 09:51:06"}
{"level":"\u001b[33mwarn\u001b[39m","message":"Permission \"DELETE /dashboard/goals/seasonal\" not found. Skipping assignment to role \"COACH\".","timestamp":"2025-01-29 09:51:06"}
{"level":"\u001b[32minfo\u001b[39m","message":"Assigned permission \"VIEW /dashboard/goals/monthly\" to role \"COACH\".","timestamp":"2025-01-29 09:51:06"}
{"level":"\u001b[32minfo\u001b[39m","message":"Assigned permission \"ADD /dashboard/goals/monthly\" to role \"COACH\".","timestamp":"2025-01-29 09:51:06"}
{"level":"\u001b[33mwarn\u001b[39m","message":"Permission \"UPDATE /dashboard/goals/monthly\" not found. Skipping assignment to role \"COACH\".","timestamp":"2025-01-29 09:51:06"}
{"level":"\u001b[33mwarn\u001b[39m","message":"Permission \"DELETE /dashboard/goals/monthly\" not found. Skipping assignment to role \"COACH\".","timestamp":"2025-01-29 09:51:06"}
{"level":"\u001b[32minfo\u001b[39m","message":"Assigned permission \"VIEW /dashboard/goals/weekly\" to role \"COACH\".","timestamp":"2025-01-29 09:51:06"}
{"level":"\u001b[32minfo\u001b[39m","message":"Assigned permission \"ADD /dashboard/goals/weekly\" to role \"COACH\".","timestamp":"2025-01-29 09:51:06"}
{"level":"\u001b[33mwarn\u001b[39m","message":"Permission \"UPDATE /dashboard/goals/weekly\" not found. Skipping assignment to role \"COACH\".","timestamp":"2025-01-29 09:51:06"}
{"level":"\u001b[33mwarn\u001b[39m","message":"Permission \"DELETE /dashboard/goals/weekly\" not found. Skipping assignment to role \"COACH\".","timestamp":"2025-01-29 09:51:06"}
{"level":"\u001b[32minfo\u001b[39m","message":"Assigned permission \"VIEW /dashboard/goals/assign-weekly\" to role \"COACH\".","timestamp":"2025-01-29 09:51:06"}
{"level":"\u001b[32minfo\u001b[39m","message":"Assigned permission \"ADD /dashboard/goals/assign-weekly\" to role \"COACH\".","timestamp":"2025-01-29 09:51:06"}
{"level":"\u001b[33mwarn\u001b[39m","message":"Permission \"UPDATE /dashboard/goals/assign-weekly\" not found. Skipping assignment to role \"COACH\".","timestamp":"2025-01-29 09:51:06"}
{"level":"\u001b[33mwarn\u001b[39m","message":"Permission \"DELETE /dashboard/goals/assign-weekly\" not found. Skipping assignment to role \"COACH\".","timestamp":"2025-01-29 09:51:06"}
{"level":"\u001b[32minfo\u001b[39m","message":"Assigned permission \"VIEW /dashboard/students\" to role \"COACH\".","timestamp":"2025-01-29 09:51:06"}
{"level":"\u001b[32minfo\u001b[39m","message":"Assigned permission \"VIEW /dashboard/students/list\" to role \"COACH\".","timestamp":"2025-01-29 09:51:06"}
{"level":"\u001b[32minfo\u001b[39m","message":"Assigned permission \"VIEW /dashboard/students/signups\" to role \"COACH\".","timestamp":"2025-01-29 09:51:06"}
{"level":"\u001b[32minfo\u001b[39m","message":"Assigned permission \"ADD /dashboard/students/signups\" to role \"COACH\".","timestamp":"2025-01-29 09:51:06"}
{"level":"\u001b[32minfo\u001b[39m","message":"Assigned permission \"UPDATE /dashboard/students/signups\" to role \"COACH\".","timestamp":"2025-01-29 09:51:06"}
{"level":"\u001b[32minfo\u001b[39m","message":"Assigned permission \"DELETE /dashboard/students/signups\" to role \"COACH\".","timestamp":"2025-01-29 09:51:06"}
{"level":"\u001b[32minfo\u001b[39m","message":"Assigned permission \"VIEW /dashboard/reports\" to role \"COACH\".","timestamp":"2025-01-29 09:51:06"}
{"level":"\u001b[32minfo\u001b[39m","message":"Assigned permission \"VIEW /dashboard/reports/batches\" to role \"COACH\".","timestamp":"2025-01-29 09:51:06"}
{"level":"\u001b[32minfo\u001b[39m","message":"Assigned permission \"VIEW /dashboard/reports/enrollments\" to role \"COACH\".","timestamp":"2025-01-29 09:51:06"}
{"level":"\u001b[32minfo\u001b[39m","message":"Assigned permission \"VIEW /dashboard/reports/students\" to role \"COACH\".","timestamp":"2025-01-29 09:51:06"}
{"level":"\u001b[32minfo\u001b[39m","message":"Assigned permission \"VIEW /dashboard/reports/target-goals\" to role \"COACH\".","timestamp":"2025-01-29 09:51:06"}
{"level":"\u001b[32minfo\u001b[39m","message":"Assigned permission \"VIEW /dashboard/settings/profile\" to role \"COACH\".","timestamp":"2025-01-29 09:51:06"}
{"level":"\u001b[32minfo\u001b[39m","message":"Assigned permission \"UPDATE /dashboard/settings/profile\" to role \"COACH\".","timestamp":"2025-01-29 09:51:06"}
{"level":"\u001b[32minfo\u001b[39m","message":"Assigned permission \"VIEW /dashboard/tasks\" to role \"COACH\".","timestamp":"2025-01-29 09:51:06"}
{"level":"\u001b[32minfo\u001b[39m","message":"Assigned permission \"VIEW /dashboard/tasks/quizzes\" to role \"COACH\".","timestamp":"2025-01-29 09:51:06"}
{"level":"\u001b[32minfo\u001b[39m","message":"Assigned permission \"ADD /dashboard/tasks/quizzes\" to role \"COACH\".","timestamp":"2025-01-29 09:51:06"}
{"level":"\u001b[32minfo\u001b[39m","message":"Assigned permission \"UPDATE /dashboard/tasks/quizzes\" to role \"COACH\".","timestamp":"2025-01-29 09:51:06"}
{"level":"\u001b[32minfo\u001b[39m","message":"Assigned permission \"DELETE /dashboard/tasks/quizzes\" to role \"COACH\".","timestamp":"2025-01-29 09:51:06"}
{"level":"\u001b[32minfo\u001b[39m","message":"Assigned permission \"VIEW /dashboard/calendar\" to role \"COACH\".","timestamp":"2025-01-29 09:51:06"}
{"level":"\u001b[32minfo\u001b[39m","message":"Assigned permission \"VIEW /dashboard/users\" to role \"COACH\".","timestamp":"2025-01-29 09:51:06"}
{"level":"\u001b[33mwarn\u001b[39m","message":"Permission \"ADD /dashboard/users\" not found. Skipping assignment to role \"COACH\".","timestamp":"2025-01-29 09:51:06"}
{"level":"\u001b[32minfo\u001b[39m","message":"Assigned permission \"VIEW /dashboard/users/students\" to role \"COACH\".","timestamp":"2025-01-29 09:51:06"}
{"level":"\u001b[32minfo\u001b[39m","message":"Assigned permission \"VIEW /dashboard/users/student-signups\" to role \"COACH\".","timestamp":"2025-01-29 09:51:06"}
{"level":"\u001b[32minfo\u001b[39m","message":"Assigned permission \"ADD /dashboard/users/student-signups\" to role \"COACH\".","timestamp":"2025-01-29 09:51:06"}
{"level":"\u001b[32minfo\u001b[39m","message":"Assigned permission \"UPDATE /dashboard/users/student-signups\" to role \"COACH\".","timestamp":"2025-01-29 09:51:06"}
{"level":"\u001b[32minfo\u001b[39m","message":"Assigned permission \"DELETE /dashboard/users/student-signups\" to role \"COACH\".","timestamp":"2025-01-29 09:51:06"}
{"level":"\u001b[32minfo\u001b[39m","message":"COACH permissions assigned successfully.","timestamp":"2025-01-29 09:51:06"}
{"level":"\u001b[32minfo\u001b[39m","message":"All role permissions assigned successfully.","timestamp":"2025-01-29 09:51:06"}
{"level":"\u001b[32minfo\u001b[39m","message":"System codes seeded successfully","timestamp":"2025-01-29 09:51:06"}
{"level":"\u001b[32minfo\u001b[39m","message":"Seeding process completed successfully.","timestamp":"2025-01-29 09:51:06"}
{"level":"\u001b[32minfo\u001b[39m","message":"Seed done ✅","timestamp":"2025-01-29 09:51:06"}
{"level":"\u001b[32minfo\u001b[39m","message":"Starting database automation process...","timestamp":"2025-01-29 09:50:45"}
{"level":"\u001b[32minfo\u001b[39m","message":"Starting: Resetting database","timestamp":"2025-01-29 09:50:45"}
{"level":"\u001b[32minfo\u001b[39m","message":"Completed: Resetting database","timestamp":"2025-01-29 09:50:58"}
{"level":"\u001b[32minfo\u001b[39m","message":"Starting: Generating Prisma Client","timestamp":"2025-01-29 09:50:58"}
{"level":"\u001b[32minfo\u001b[39m","message":"Completed: Generating Prisma Client","timestamp":"2025-01-29 09:51:02"}
{"level":"\u001b[32minfo\u001b[39m","message":"Starting: Pushing schema changes","timestamp":"2025-01-29 09:51:02"}
{"level":"\u001b[32minfo\u001b[39m","message":"Completed: Pushing schema changes","timestamp":"2025-01-29 09:51:05"}
{"level":"\u001b[32minfo\u001b[39m","message":"Starting: Seeding data","timestamp":"2025-01-29 09:51:05"}
{"level":"\u001b[32minfo\u001b[39m","message":"Completed: Seeding data","timestamp":"2025-01-29 09:51:06"}
{"level":"\u001b[32minfo\u001b[39m","message":"Database automation completed successfully! âœ¨","timestamp":"2025-01-29 09:51:06"}
{"level":"\u001b[32minfo\u001b[39m","message":"Superadmin created successfully","timestamp":"2025-01-29 09:52:39"}
{"level":"\u001b[32minfo\u001b[39m","message":"Default academy created successfully","timestamp":"2025-01-29 09:52:39"}
{"code":"ECONNREFUSED","level":"\u001b[31merror\u001b[39m","message":"Error starting ngrok tunnels: connect ECONNREFUSED 127.0.0.1:4040","name":"RequestError","stack":"RequestError: connect ECONNREFUSED 127.0.0.1:4040\n    at ClientRequest.<anonymous> (/home/whynotparit/Desktop/work/chessinchunks/backend/node_modules/got/dist/source/core/index.js:970:111)\n    at Object.onceWrapper (node:events:633:26)\n    at ClientRequest.emit (node:events:530:35)\n    at origin.emit (/home/whynotparit/Desktop/work/chessinchunks/backend/node_modules/@szmarczak/http-timer/dist/source/index.js:43:20)\n    at emitErrorEvent (node:_http_client:101:11)\n    at Socket.socketErrorListener (node:_http_client:504:5)\n    at Socket.emit (node:events:518:28)\n    at emitErrorNT (node:internal/streams/destroy:169:8)\n    at emitErrorCloseNT (node:internal/streams/destroy:128:3)\n    at process.processTicksAndRejections (node:internal/process/task_queues:82:21)\n    at TCPConnectWrap.afterConnect [as oncomplete] (node:net:1611:16)","timestamp":"2025-01-29 09:53:04","timings":{"error":1738124584213,"phases":{"total":2,"wait":1},"socket":1738124584212,"start":1738124584211}}
{"level":"info","message":"Database connection successful","timestamp":"2025-01-29 09:53:05"}
{"level":"info","message":"Server is running on port 5000","timestamp":"2025-01-29 09:53:05"}
{"level":"info","message":"Initial origins update completed","timestamp":"2025-01-29 09:53:05"}
{"level":"info","message":"Database connection successful","timestamp":"2025-01-29 09:53:33"}
{"level":"info","message":"Server is running on port 5000","timestamp":"2025-01-29 09:53:33"}
{"level":"info","message":"Initial origins update completed","timestamp":"2025-01-29 09:53:33"}
{"level":"\u001b[32minfo\u001b[39m","message":"Ngrok tunnels started successfully!","timestamp":"2025-01-29 09:53:33"}
{"level":"\u001b[32minfo\u001b[39m","message":"Ngrok URL: https://7006-2405-201-6820-78f9-81df-c956-3c21-333.ngrok-free.app","timestamp":"2025-01-29 09:53:33"}
{"level":"info","message":"OPTIONS /api/v1/permission 200 0.981 ms - -","timestamp":"2025-01-29 09:55:31"}
{"level":"info","message":"GET /api/v1/permission 401 10.080 ms - 46","timestamp":"2025-01-29 09:55:31"}
{"level":"info","message":"OPTIONS /api/v1/notifications 200 0.242 ms - -","timestamp":"2025-01-29 09:55:32"}
{"level":"info","message":"OPTIONS /api/v1/dashboard 200 0.269 ms - -","timestamp":"2025-01-29 09:55:32"}
{"level":"info","message":"GET /api/v1/notifications 401 5.177 ms - 46","timestamp":"2025-01-29 09:55:32"}
{"level":"info","message":"GET /api/v1/dashboard 401 3.859 ms - 46","timestamp":"2025-01-29 09:55:32"}
{"level":"info","message":"Running expired signups check cron job","timestamp":"2025-01-29 10:00:00"}
{"level":"info","message":"Processed 0 expired signups","timestamp":"2025-01-29 10:00:00"}
{"level":"info","message":"OPTIONS /api/v1/auth/login-with-password 200 0.112 ms - -","timestamp":"2025-01-29 10:01:20"}
{"level":"info","message":"POST /api/v1/auth/login-with-password 200 121.027 ms - 498","timestamp":"2025-01-29 10:01:20"}
{"level":"info","message":"OPTIONS /api/v1/notifications 200 0.092 ms - -","timestamp":"2025-01-29 10:01:20"}
{"level":"info","message":"OPTIONS /api/v1/dashboard 200 0.301 ms - -","timestamp":"2025-01-29 10:01:20"}
{"level":"info","message":"OPTIONS /api/v1/permission 200 0.221 ms - -","timestamp":"2025-01-29 10:01:20"}
{"level":"info","message":"GET /api/v1/notifications 200 20.416 ms - 2","timestamp":"2025-01-29 10:01:20"}
{"level":"info","message":"GET /api/v1/permission 200 20.065 ms - 1122","timestamp":"2025-01-29 10:01:20"}
{"level":"info","message":"GET /api/v1/dashboard 200 35.863 ms - 115","timestamp":"2025-01-29 10:01:20"}
{"level":"info","message":"OPTIONS /api/v1/superadmin/all-academies?page=1&limit=10&query= 200 0.099 ms - -","timestamp":"2025-01-29 10:01:25"}
{"level":"info","message":"GET /api/v1/superadmin/all-academies?page=1&limit=10&query= 200 16.867 ms - 2","timestamp":"2025-01-29 10:01:25"}
{"level":"info","message":"OPTIONS /api/v1/superadmin/plans?page=1&limit=1000&query=&tier=undefined&type=undefined&sortBy=undefined&sortOrder=undefined&signupId=undefined 200 0.097 ms - -","timestamp":"2025-01-29 10:01:55"}
{"level":"info","message":"GET /api/v1/superadmin/plans?page=1&limit=1000&query=&tier=undefined&type=undefined&sortBy=undefined&sortOrder=undefined&signupId=undefined 200 9.168 ms - 180","timestamp":"2025-01-29 10:01:55"}
{"level":"info","message":"OPTIONS /api/v1/superadmin/plans 200 0.186 ms - -","timestamp":"2025-01-29 10:02:32"}
{"level":"info","message":"POST /api/v1/superadmin/plans 201 1861.133 ms - 393","timestamp":"2025-01-29 10:02:34"}
{"level":"info","message":"OPTIONS /api/v1/superadmin/plans?page=1&limit=1000&query=&tier=undefined&type=undefined&sortBy=undefined&sortOrder=undefined&signupId=undefined 200 0.263 ms - -","timestamp":"2025-01-29 10:02:34"}
{"level":"info","message":"GET /api/v1/superadmin/plans?page=1&limit=1000&query=&tier=undefined&type=undefined&sortBy=undefined&sortOrder=undefined&signupId=undefined 200 9.057 ms - 700","timestamp":"2025-01-29 10:02:34"}
{"level":"info","message":"OPTIONS /api/v1/superadmin/plans 200 0.196 ms - -","timestamp":"2025-01-29 10:03:08"}
{"level":"info","message":"POST /api/v1/superadmin/plans 201 1362.367 ms - 396","timestamp":"2025-01-29 10:03:09"}
{"level":"info","message":"OPTIONS /api/v1/superadmin/plans?page=1&limit=1000&query=&tier=undefined&type=undefined&sortBy=undefined&sortOrder=undefined&signupId=undefined 200 0.179 ms - -","timestamp":"2025-01-29 10:03:09"}
{"level":"info","message":"GET /api/v1/superadmin/plans?page=1&limit=1000&query=&tier=undefined&type=undefined&sortBy=undefined&sortOrder=undefined&signupId=undefined 200 12.920 ms - 1224","timestamp":"2025-01-29 10:03:09"}
{"level":"info","message":"OPTIONS /api/v1/superadmin/plans 200 0.111 ms - -","timestamp":"2025-01-29 10:03:39"}
{"level":"info","message":"POST /api/v1/superadmin/plans 201 1394.282 ms - 394","timestamp":"2025-01-29 10:03:41"}
{"level":"info","message":"OPTIONS /api/v1/superadmin/plans?page=1&limit=1000&query=&tier=undefined&type=undefined&sortBy=undefined&sortOrder=undefined&signupId=undefined 200 0.100 ms - -","timestamp":"2025-01-29 10:03:41"}
{"level":"info","message":"GET /api/v1/superadmin/plans?page=1&limit=1000&query=&tier=undefined&type=undefined&sortBy=undefined&sortOrder=undefined&signupId=undefined 200 4.568 ms - 1746","timestamp":"2025-01-29 10:03:41"}
{"level":"info","message":"OPTIONS /api/v1/superadmin/all-academies?page=1&limit=10&query= 200 0.094 ms - -","timestamp":"2025-01-29 10:04:06"}
{"level":"info","message":"GET /api/v1/superadmin/all-academies?page=1&limit=10&query= 304 11.012 ms - -","timestamp":"2025-01-29 10:04:06"}
{"level":"info","message":"OPTIONS /api/v1/superadmin/plans/9e9845a5-e382-462e-a214-3db3b52651de 200 0.072 ms - -","timestamp":"2025-01-29 10:04:17"}
{"level":"info","message":"PUT /api/v1/superadmin/plans/9e9845a5-e382-462e-a214-3db3b52651de 200 440.006 ms - 394","timestamp":"2025-01-29 10:04:17"}
{"level":"info","message":"OPTIONS /api/v1/superadmin/plans?page=1&limit=1000&query=&tier=undefined&type=undefined&sortBy=undefined&sortOrder=undefined&signupId=undefined 200 0.081 ms - -","timestamp":"2025-01-29 10:04:17"}
{"level":"info","message":"GET /api/v1/superadmin/plans?page=1&limit=1000&query=&tier=undefined&type=undefined&sortBy=undefined&sortOrder=undefined&signupId=undefined 200 4.483 ms - 1747","timestamp":"2025-01-29 10:04:17"}
{"level":"info","message":"PUT /api/v1/superadmin/plans/9e9845a5-e382-462e-a214-3db3b52651de 200 378.433 ms - 393","timestamp":"2025-01-29 10:04:18"}
{"level":"info","message":"GET /api/v1/superadmin/plans?page=1&limit=1000&query=&tier=undefined&type=undefined&sortBy=undefined&sortOrder=undefined&signupId=undefined 200 4.532 ms - 1746","timestamp":"2025-01-29 10:04:18"}
{"level":"info","message":"OPTIONS /api/v1/superadmin/all-academies?page=1&limit=10&query= 200 0.085 ms - -","timestamp":"2025-01-29 10:04:28"}
{"level":"info","message":"GET /api/v1/superadmin/all-academies?page=1&limit=10&query= 304 12.417 ms - -","timestamp":"2025-01-29 10:04:28"}
{"level":"info","message":"OPTIONS /api/v1/superadmin/invite-academy-admin 200 0.096 ms - -","timestamp":"2025-01-29 10:05:09"}
{"level":"info","message":"eyJhbGciOiJIUzI1NiIsInR5cCI6IkpXVCJ9.eyJpZCI6IjJhZmJiZjJmLTQ1Y2YtNGMyMS1iNzE5LTBjY2VlYWFhNDZiZSIsInZlcnNpb24iOjAsInNpZ251cElkIjoiZjAzMTU2YzktODgyMy00NjFmLTkzYjUtMWJmNmFhMjMzYTgxIiwiaWF0IjoxNzM4MTI1MzE5LCJleHAiOjE3MzgzODQ1MTl9.1mR-FPPsgGpbqNbFj3nVI46W1BVH9DaDTLsKmNnWxv8","timestamp":"2025-01-29 10:05:19"}
{"level":"info","message":"POST /api/v1/superadmin/invite-academy-admin 201 14342.354 ms - 1222","timestamp":"2025-01-29 10:05:24"}
{"level":"info","message":"OPTIONS /api/v1/invitation/all-invitations?page=1&limit=1000&query= 200 0.081 ms - -","timestamp":"2025-01-29 10:05:24"}
{"level":"info","message":"GET /api/v1/invitation/all-invitations?page=1&limit=1000&query= 200 13.881 ms - 646","timestamp":"2025-01-29 10:05:24"}
{"level":"info","message":"OPTIONS /api/v1/superadmin/plans?page=1&limit=10&query=undefined&tier=undefined&type=undefined&sortBy=undefined&sortOrder=undefined&signupId=f03156c9-8823-461f-93b5-1bf6aa233a81 200 0.075 ms - -","timestamp":"2025-01-29 10:05:50"}
{"level":"info","message":"OPTIONS /api/v1/permission 200 0.119 ms - -","timestamp":"2025-01-29 10:05:50"}
{"level":"info","message":"GET /api/v1/superadmin/plans?page=1&limit=10&query=undefined&tier=undefined&type=undefined&sortBy=undefined&sortOrder=undefined&signupId=f03156c9-8823-461f-93b5-1bf6aa233a81 200 9.213 ms - 1754","timestamp":"2025-01-29 10:05:50"}
{"level":"info","message":"GET /api/v1/permission 304 9.850 ms - -","timestamp":"2025-01-29 10:05:50"}
{"level":"info","message":"OPTIONS /api/v1/superadmin/check-domain?domain=paritchessacademy 200 0.104 ms - -","timestamp":"2025-01-29 10:06:10"}
{"level":"info","message":"GET /api/v1/superadmin/check-domain?domain=paritchessacademy 200 2.382 ms - 69","timestamp":"2025-01-29 10:06:10"}
{"level":"info","message":"OPTIONS /api/v1/superadmin/create-checkout-session 200 0.112 ms - -","timestamp":"2025-01-29 10:06:13"}
{"level":"info","message":"POST /api/v1/superadmin/create-checkout-session 200 1686.271 ms - 369","timestamp":"2025-01-29 10:06:15"}
{"level":"info","message":"POST /api/v1/webhook/stripe/student 200 5.111 ms - 17","timestamp":"2025-01-29 10:07:52"}
{"level":"info","message":"POST /api/v1/webhook/stripe 200 4275.659 ms - 17","timestamp":"2025-01-29 10:07:56"}
{"level":"info","message":"OPTIONS /api/v1/superadmin/plans?page=1&limit=10&query=undefined&tier=undefined&type=undefined&sortBy=undefined&sortOrder=undefined&signupId=f03156c9-8823-461f-93b5-1bf6aa233a81 200 0.075 ms - -","timestamp":"2025-01-29 10:07:59"}
{"level":"info","message":"OPTIONS /api/v1/permission 200 0.147 ms - -","timestamp":"2025-01-29 10:07:59"}
{"level":"info","message":"GET /api/v1/superadmin/plans?page=1&limit=10&query=undefined&tier=undefined&type=undefined&sortBy=undefined&sortOrder=undefined&signupId=f03156c9-8823-461f-93b5-1bf6aa233a81 200 7.652 ms - 1754","timestamp":"2025-01-29 10:07:59"}
{"level":"info","message":"GET /api/v1/permission 304 8.099 ms - -","timestamp":"2025-01-29 10:07:59"}
{"level":"info","message":"OPTIONS /api/v1/superadmin/all-academies?page=1&limit=10&query= 200 0.114 ms - -","timestamp":"2025-01-29 10:08:05"}
{"level":"info","message":"GET /api/v1/superadmin/all-academies?page=1&limit=10&query= 200 16.915 ms - 481","timestamp":"2025-01-29 10:08:05"}
{"level":"info","message":"OPTIONS /api/v1/auth/login-with-password 200 0.157 ms - -","timestamp":"2025-01-29 10:08:49"}
{"level":"info","message":"POST /api/v1/auth/login-with-password 200 236.622 ms - 1052","timestamp":"2025-01-29 10:08:50"}
{"level":"info","message":"OPTIONS /api/v1/notifications 200 0.201 ms - -","timestamp":"2025-01-29 10:08:50"}
{"level":"info","message":"OPTIONS /api/v1/dashboard 200 0.162 ms - -","timestamp":"2025-01-29 10:08:50"}
{"level":"info","message":"OPTIONS /api/v1/permission 200 0.287 ms - -","timestamp":"2025-01-29 10:08:50"}
{"level":"info","message":"GET /api/v1/notifications 200 18.185 ms - 2","timestamp":"2025-01-29 10:08:50"}
{"level":"info","message":"GET /api/v1/permission 200 20.727 ms - 3160","timestamp":"2025-01-29 10:08:50"}
{"level":"info","message":"GET /api/v1/dashboard 200 45.856 ms - 96","timestamp":"2025-01-29 10:08:50"}
{"level":"info","message":"OPTIONS /api/v1/academy-programs?page=1&limit=10&search= 200 0.160 ms - -","timestamp":"2025-01-29 10:08:57"}
{"level":"info","message":"GET /api/v1/academy-programs?page=1&limit=10&search= 200 32.784 ms - 66","timestamp":"2025-01-29 10:08:57"}
{"level":"info","message":"OPTIONS /api/v1/academy-programs 200 0.244 ms - -","timestamp":"2025-01-29 10:10:19"}
{"level":"info","message":"POST /api/v1/academy-programs 201 2297.324 ms - 693","timestamp":"2025-01-29 10:10:22"}
{"level":"info","message":"OPTIONS /api/v1/academy-programs?page=1&limit=10&search= 200 0.212 ms - -","timestamp":"2025-01-29 10:10:22"}
{"level":"info","message":"GET /api/v1/academy-programs?page=1&limit=10&search= 200 25.681 ms - 800","timestamp":"2025-01-29 10:10:22"}
{"level":"info","message":"OPTIONS /api/v1/academy-programs 200 0.217 ms - -","timestamp":"2025-01-29 10:11:14"}
{"level":"info","message":"POST /api/v1/academy-programs 201 1963.623 ms - 707","timestamp":"2025-01-29 10:11:16"}
{"level":"info","message":"OPTIONS /api/v1/academy-programs?page=1&limit=10&search= 200 0.163 ms - -","timestamp":"2025-01-29 10:11:16"}
{"level":"info","message":"GET /api/v1/academy-programs?page=1&limit=10&search= 200 25.320 ms - 1549","timestamp":"2025-01-29 10:11:16"}
{"level":"info","message":"OPTIONS /api/v1/student/all-students 200 0.163 ms - -","timestamp":"2025-01-29 10:11:26"}
{"level":"info","message":"GET /api/v1/student/all-students 200 32.871 ms - 71","timestamp":"2025-01-29 10:11:26"}
{"level":"info","message":"OPTIONS /api/v1/student-signups?page=1&limit=10&search= 200 0.154 ms - -","timestamp":"2025-01-29 10:11:27"}
{"level":"info","message":"GET /api/v1/student-signups?page=1&limit=10&search= 200 22.944 ms - 2","timestamp":"2025-01-29 10:11:27"}
{"level":"info","message":"OPTIONS /api/v1/batch/options 200 0.152 ms - -","timestamp":"2025-01-29 10:11:28"}
{"level":"info","message":"GET /api/v1/batch/options 200 19.063 ms - 2","timestamp":"2025-01-29 10:11:28"}
{"level":"info","message":"OPTIONS /api/v1/notifications 200 0.200 ms - -","timestamp":"2025-01-29 10:11:40"}
{"level":"info","message":"OPTIONS /api/v1/dashboard 200 0.229 ms - -","timestamp":"2025-01-29 10:11:40"}
{"level":"info","message":"OPTIONS /api/v1/permission 200 0.221 ms - -","timestamp":"2025-01-29 10:11:40"}
{"level":"info","message":"GET /api/v1/notifications 304 10.785 ms - -","timestamp":"2025-01-29 10:11:40"}
{"level":"info","message":"GET /api/v1/permission 304 20.350 ms - -","timestamp":"2025-01-29 10:11:40"}
{"level":"info","message":"GET /api/v1/dashboard 304 41.149 ms - -","timestamp":"2025-01-29 10:11:40"}
{"level":"info","message":"OPTIONS /api/v1/events 200 0.141 ms - -","timestamp":"2025-01-29 10:11:41"}
{"level":"info","message":"GET /api/v1/events 200 31.879 ms - 2","timestamp":"2025-01-29 10:11:41"}
{"level":"info","message":"OPTIONS /api/v1/coach/all-coaches 200 0.190 ms - -","timestamp":"2025-01-29 10:11:42"}
{"level":"info","message":"OPTIONS /api/v1/student/all-students 200 0.160 ms - -","timestamp":"2025-01-29 10:11:42"}
{"level":"info","message":"OPTIONS /api/v1/superadmin/all-academies?page=1&limit=10&query= 200 0.156 ms - -","timestamp":"2025-01-29 10:11:42"}
{"level":"info","message":"OPTIONS /api/v1/batch?page=1&limit=10&query= 200 0.165 ms - -","timestamp":"2025-01-29 10:11:42"}
{"level":"info","message":"GET /api/v1/coach/all-coaches 200 46.975 ms - 2","timestamp":"2025-01-29 10:11:42"}
{"level":"info","message":"GET /api/v1/batch?page=1&limit=10&query= 200 45.462 ms - 2","timestamp":"2025-01-29 10:11:42"}
{"level":"info","message":"GET /api/v1/superadmin/all-academies?page=1&limit=10&query= 200 58.230 ms - 207","timestamp":"2025-01-29 10:11:42"}
{"level":"info","message":"GET /api/v1/student/all-students 304 50.165 ms - -","timestamp":"2025-01-29 10:11:42"}
{"level":"info","message":"OPTIONS /api/v1/batch 200 0.259 ms - -","timestamp":"2025-01-29 10:12:36"}
{"level":"info","message":"POST /api/v1/batch 200 58.909 ms - 1362","timestamp":"2025-01-29 10:12:36"}
{"level":"info","message":"OPTIONS /api/v1/batch?page=1&limit=10&query= 200 0.256 ms - -","timestamp":"2025-01-29 10:12:36"}
{"level":"info","message":"GET /api/v1/batch?page=1&limit=10&query= 200 28.835 ms - 1033","timestamp":"2025-01-29 10:12:36"}
{"level":"info","message":"OPTIONS /api/v1/student-signups?page=1&limit=10&search= 200 0.151 ms - -","timestamp":"2025-01-29 10:12:40"}
{"level":"info","message":"GET /api/v1/student-signups?page=1&limit=10&search= 304 22.765 ms - -","timestamp":"2025-01-29 10:12:40"}
{"level":"info","message":"OPTIONS /api/v1/batch/options 200 0.149 ms - -","timestamp":"2025-01-29 10:12:42"}
{"level":"info","message":"GET /api/v1/batch/options 200 18.984 ms - 293","timestamp":"2025-01-29 10:12:42"}
{"level":"info","message":"OPTIONS /api/v1/student-signups 200 0.202 ms - -","timestamp":"2025-01-29 10:14:08"}
{"level":"info","message":"POST /api/v1/student-signups 201 5076.311 ms - 2179","timestamp":"2025-01-29 10:14:13"}
{"level":"info","message":"OPTIONS /api/v1/student-signups/915c0e0c-c785-4f32-b9ac-15266afc6d08/verify-email 200 0.186 ms - -","timestamp":"2025-01-29 10:14:13"}
{"level":"info","message":"POST /api/v1/student-signups/915c0e0c-c785-4f32-b9ac-15266afc6d08/verify-email 200 24.814 ms - 1070","timestamp":"2025-01-29 10:14:13"}
{"level":"info","message":"OPTIONS /api/v1/student-signups?page=1&limit=10&search= 200 0.153 ms - -","timestamp":"2025-01-29 10:14:13"}
{"level":"info","message":"GET /api/v1/student-signups?page=1&limit=10&search= 200 24.092 ms - 2209","timestamp":"2025-01-29 10:14:13"}
{"level":"info","message":"OPTIONS /api/v1/student-signups/915c0e0c-c785-4f32-b9ac-15266afc6d08 200 0.166 ms - -","timestamp":"2025-01-29 10:14:44"}
{"level":"info","message":"GET /api/v1/student-signups/915c0e0c-c785-4f32-b9ac-15266afc6d08 200 11.161 ms - 2234","timestamp":"2025-01-29 10:14:44"}
{"level":"info","message":"OPTIONS /api/v1/academy-programs/academy/22ac6bbb-cd14-4517-93fb-da5470391409 200 0.152 ms - -","timestamp":"2025-01-29 10:14:44"}
{"level":"info","message":"GET /api/v1/academy-programs/academy/22ac6bbb-cd14-4517-93fb-da5470391409 200 8.745 ms - 1485","timestamp":"2025-01-29 10:14:44"}
{"level":"info","message":"OPTIONS /api/v1/student-signups/915c0e0c-c785-4f32-b9ac-15266afc6d08 200 0.151 ms - -","timestamp":"2025-01-29 10:14:55"}
{"level":"info","message":"PUT /api/v1/student-signups/915c0e0c-c785-4f32-b9ac-15266afc6d08 200 25.025 ms - 2207","timestamp":"2025-01-29 10:14:55"}
{"level":"info","message":"OPTIONS /api/v1/student-signups/915c0e0c-c785-4f32-b9ac-15266afc6d08/update-password 200 0.183 ms - -","timestamp":"2025-01-29 10:15:57"}
{"level":"info","message":"PUT /api/v1/student-signups/915c0e0c-c785-4f32-b9ac-15266afc6d08/update-password 200 20.241 ms - 58","timestamp":"2025-01-29 10:15:57"}
{"level":"info","message":"OPTIONS /api/v1/student-signups/checkout 200 0.234 ms - -","timestamp":"2025-01-29 10:16:38"}
{"level":"info","message":"POST /api/v1/student-signups/checkout 200 1019.793 ms - 457","timestamp":"2025-01-29 10:16:39"}
{"level":"error","message":"Admin verification failed: 400","timestamp":"2025-01-29 10:17:08"}
{"level":"info","message":"POST /api/v1/webhook/stripe 200 2.568 ms - 17","timestamp":"2025-01-29 10:17:08"}
{"level":"info","message":"POST /api/v1/webhook/stripe/student 200 3474.688 ms - 17","timestamp":"2025-01-29 10:17:11"}
{"level":"info","message":"OPTIONS /api/v1/student/all-students 200 0.142 ms - -","timestamp":"2025-01-29 10:17:37"}
{"level":"info","message":"GET /api/v1/student/all-students 200 24.351 ms - 1337","timestamp":"2025-01-29 10:17:37"}
{"level":"info","message":"OPTIONS /api/v1/student-signups?page=1&limit=10&search= 200 0.077 ms - -","timestamp":"2025-01-29 10:18:01"}
{"level":"info","message":"GET /api/v1/student-signups?page=1&limit=10&search= 200 12.873 ms - 2287","timestamp":"2025-01-29 10:18:01"}
{"level":"info","message":"OPTIONS /api/v1/student/all-students 200 0.093 ms - -","timestamp":"2025-01-29 10:19:19"}
{"level":"info","message":"GET /api/v1/student/all-students 304 21.626 ms - -","timestamp":"2025-01-29 10:19:19"}
{"level":"info","message":"OPTIONS /api/v1/reports/batches/snapshot? 200 0.104 ms - -","timestamp":"2025-01-29 10:20:34"}
{"level":"info","message":"OPTIONS /api/v1/reports/batches/metrics 200 0.110 ms - -","timestamp":"2025-01-29 10:20:34"}
{"level":"info","message":"GET /api/v1/reports/batches/snapshot? 200 17.444 ms - 278","timestamp":"2025-01-29 10:20:34"}
{"level":"info","message":"GET /api/v1/reports/batches/metrics 200 24.953 ms - 61","timestamp":"2025-01-29 10:20:34"}
{"level":"info","message":"OPTIONS /api/v1/reports/enrollments?timeframe=30 200 0.078 ms - -","timestamp":"2025-01-29 10:20:40"}
{"level":"info","message":"GET /api/v1/reports/enrollments?timeframe=30 200 25.972 ms - 1076","timestamp":"2025-01-29 10:20:40"}
{"level":"info","message":"OPTIONS /api/v1/reports/students/performance?timeframe=weekly 200 0.071 ms - -","timestamp":"2025-01-29 10:20:47"}
{"level":"error","statusCode":500,"timestamp":"2025-01-29 10:20:47"}
{"level":"info","message":"GET /api/v1/reports/students/performance?timeframe=weekly 500 49.262 ms - 514","timestamp":"2025-01-29 10:20:47"}
{"level":"info","message":"OPTIONS /api/v1/admins 200 0.091 ms - -","timestamp":"2025-01-29 10:20:49"}
{"level":"info","message":"GET /api/v1/admins 200 9.086 ms - 2","timestamp":"2025-01-29 10:20:49"}
{"level":"info","message":"OPTIONS /api/v1/user/profile/b5a28515-7add-4973-bfa7-b1f99b2effc0 200 0.102 ms - -","timestamp":"2025-01-29 10:20:49"}
{"level":"error","timestamp":"2025-01-29 10:20:49"}
{"level":"info","message":"GET /api/v1/user/profile/b5a28515-7add-4973-bfa7-b1f99b2effc0 500 15.255 ms - 382","timestamp":"2025-01-29 10:20:49"}
{"level":"info","message":"OPTIONS /api/v1/student/all-students 200 0.116 ms - -","timestamp":"2025-01-29 10:20:54"}
{"level":"info","message":"GET /api/v1/student/all-students 304 17.519 ms - -","timestamp":"2025-01-29 10:20:54"}
{"level":"info","message":"OPTIONS /api/v1/student-signups?page=1&limit=10&search= 200 0.199 ms - -","timestamp":"2025-01-29 10:20:57"}
{"level":"info","message":"GET /api/v1/student-signups?page=1&limit=10&search= 304 13.261 ms - -","timestamp":"2025-01-29 10:20:57"}
{"level":"info","message":"OPTIONS /api/v1/batch/options 200 0.122 ms - -","timestamp":"2025-01-29 10:20:58"}
{"level":"info","message":"GET /api/v1/batch/options 200 12.708 ms - 949","timestamp":"2025-01-29 10:20:58"}
{"level":"info","message":"OPTIONS /api/v1/student-signups 200 0.080 ms - -","timestamp":"2025-01-29 10:26:51"}
{"level":"info","message":"POST /api/v1/student-signups 201 4197.252 ms - 2185","timestamp":"2025-01-29 10:26:55"}
{"level":"info","message":"OPTIONS /api/v1/student-signups/2aebc6ff-41a5-420e-8a63-54d9c84d9876/verify-email 200 0.125 ms - -","timestamp":"2025-01-29 10:26:55"}
{"level":"info","message":"POST /api/v1/student-signups/2aebc6ff-41a5-420e-8a63-54d9c84d9876/verify-email 200 14.157 ms - 1076","timestamp":"2025-01-29 10:26:55"}
{"level":"info","message":"OPTIONS /api/v1/student-signups?page=1&limit=10&search= 200 0.266 ms - -","timestamp":"2025-01-29 10:26:55"}
{"level":"info","message":"GET /api/v1/student-signups?page=1&limit=10&search= 200 14.850 ms - 4501","timestamp":"2025-01-29 10:26:55"}
{"level":"info","message":"GET /api/v1/academy/domain/paritchessacademy/pages/home 200 7.210 ms - 2089","timestamp":"2025-01-29 10:28:01"}
{"level":"info","message":"GET /api/v1/navigation/domain/paritchessacademy 200 10.609 ms - 2005","timestamp":"2025-01-29 10:28:01"}
{"level":"error","statusCode":404,"timestamp":"2025-01-29 10:28:02"}
{"level":"info","message":"GET /api/v1/academy/domain/paritchessacademy/pages/coach1.jpg 404 5.577 ms - 349","timestamp":"2025-01-29 10:28:02"}
{"level":"info","message":"GET /api/v1/navigation/domain/paritchessacademy 200 4.894 ms - 2005","timestamp":"2025-01-29 10:28:02"}
{"level":"error","statusCode":404,"timestamp":"2025-01-29 10:28:02"}
{"level":"info","message":"GET /api/v1/academy/domain/paritchessacademy/pages/coach1.jpg 404 4.959 ms - 349","timestamp":"2025-01-29 10:28:02"}
{"level":"error","statusCode":404,"timestamp":"2025-01-29 10:28:02"}
{"level":"info","message":"GET /api/v1/academy/domain/paritchessacademy/pages/coach2.jpg 404 4.886 ms - 349","timestamp":"2025-01-29 10:28:02"}
{"level":"error","statusCode":404,"timestamp":"2025-01-29 10:28:02"}
{"level":"info","message":"GET /api/v1/academy/domain/paritchessacademy/pages/coach2.jpg 404 9.239 ms - 349","timestamp":"2025-01-29 10:28:02"}
{"level":"info","message":"GET /api/v1/navigation/domain/paritchessacademy 200 9.473 ms - 2005","timestamp":"2025-01-29 10:28:02"}
{"level":"error","statusCode":404,"timestamp":"2025-01-29 10:28:02"}
{"level":"info","message":"GET /api/v1/academy/domain/paritchessacademy/pages/coach1.jpg 404 6.220 ms - 349","timestamp":"2025-01-29 10:28:02"}
{"level":"error","statusCode":404,"timestamp":"2025-01-29 10:28:02"}
{"level":"info","message":"GET /api/v1/academy/domain/paritchessacademy/pages/coach1.jpg 404 3.937 ms - 349","timestamp":"2025-01-29 10:28:02"}
{"level":"info","message":"GET /api/v1/navigation/domain/paritchessacademy 200 10.359 ms - 2005","timestamp":"2025-01-29 10:28:02"}
{"level":"error","statusCode":404,"timestamp":"2025-01-29 10:28:02"}
{"level":"info","message":"GET /api/v1/academy/domain/paritchessacademy/pages/coach2.jpg 404 3.904 ms - 349","timestamp":"2025-01-29 10:28:02"}
{"level":"error","statusCode":404,"timestamp":"2025-01-29 10:28:02"}
{"level":"info","message":"GET /api/v1/academy/domain/paritchessacademy/pages/coach2.jpg 404 2.414 ms - 349","timestamp":"2025-01-29 10:28:02"}
{"level":"info","message":"GET /api/v1/navigation/domain/paritchessacademy 200 4.899 ms - 2005","timestamp":"2025-01-29 10:28:02"}
{"level":"info","message":"GET /api/v1/academy/domain/paritchessacademy/pages/chess-coaching 200 3.759 ms - 2963","timestamp":"2025-01-29 10:28:07"}
{"level":"info","message":"GET /api/v1/academy/domain/paritchessacademy/pages/chess-coaching 200 3.503 ms - 2963","timestamp":"2025-01-29 10:28:07"}
{"level":"info","message":"OPTIONS /api/v1/student/all-students 200 0.074 ms - -","timestamp":"2025-01-29 10:35:49"}
{"level":"info","message":"GET /api/v1/student/all-students 304 27.406 ms - -","timestamp":"2025-01-29 10:35:49"}
{"level":"info","message":"OPTIONS /api/v1/student-signups?page=1&limit=10&search= 200 0.065 ms - -","timestamp":"2025-01-29 10:35:52"}
{"level":"info","message":"GET /api/v1/student-signups?page=1&limit=10&search= 304 20.280 ms - -","timestamp":"2025-01-29 10:35:52"}
{"level":"info","message":"OPTIONS /api/v1/batch/options 200 0.084 ms - -","timestamp":"2025-01-29 10:35:54"}
{"level":"info","message":"GET /api/v1/batch/options 304 16.068 ms - -","timestamp":"2025-01-29 10:35:54"}
{"level":"info","message":"OPTIONS /api/v1/student/all-students 200 0.108 ms - -","timestamp":"2025-01-29 10:40:18"}
{"level":"info","message":"GET /api/v1/student/all-students 304 19.198 ms - -","timestamp":"2025-01-29 10:40:18"}
{"level":"info","message":"OPTIONS /api/v1/student-signups?page=1&limit=10&search= 200 0.082 ms - -","timestamp":"2025-01-29 10:40:20"}
{"level":"info","message":"GET /api/v1/student-signups?page=1&limit=10&search= 304 13.736 ms - -","timestamp":"2025-01-29 10:40:20"}
{"level":"info","message":"GET /api/v1/student/all-students 304 13.817 ms - -","timestamp":"2025-01-29 10:40:22"}
{"level":"info","message":"OPTIONS /api/v1/student-signups/2aebc6ff-41a5-420e-8a63-54d9c84d9876 200 0.127 ms - -","timestamp":"2025-01-29 10:49:44"}
{"level":"info","message":"GET /api/v1/student-signups/2aebc6ff-41a5-420e-8a63-54d9c84d9876 200 6.047 ms - 2240","timestamp":"2025-01-29 10:49:44"}
{"level":"info","message":"OPTIONS /api/v1/academy-programs/academy/22ac6bbb-cd14-4517-93fb-da5470391409 200 0.126 ms - -","timestamp":"2025-01-29 10:49:44"}
{"level":"info","message":"GET /api/v1/academy-programs/academy/22ac6bbb-cd14-4517-93fb-da5470391409 200 4.734 ms - 1654","timestamp":"2025-01-29 10:49:44"}
{"level":"info","message":"OPTIONS /api/v1/student-signups/2aebc6ff-41a5-420e-8a63-54d9c84d9876 200 0.072 ms - -","timestamp":"2025-01-29 10:50:03"}
{"level":"info","message":"GET /api/v1/student-signups/2aebc6ff-41a5-420e-8a63-54d9c84d9876 200 5.911 ms - 2240","timestamp":"2025-01-29 10:50:03"}
{"level":"info","message":"OPTIONS /api/v1/academy-programs/academy/22ac6bbb-cd14-4517-93fb-da5470391409 200 0.105 ms - -","timestamp":"2025-01-29 10:50:03"}
{"level":"info","message":"GET /api/v1/academy-programs/academy/22ac6bbb-cd14-4517-93fb-da5470391409 200 3.601 ms - 1654","timestamp":"2025-01-29 10:50:03"}
{"level":"info","message":"OPTIONS /api/v1/student-signups/2aebc6ff-41a5-420e-8a63-54d9c84d9876 200 0.127 ms - -","timestamp":"2025-01-29 10:50:11"}
{"level":"info","message":"PUT /api/v1/student-signups/2aebc6ff-41a5-420e-8a63-54d9c84d9876 200 15.500 ms - 2213","timestamp":"2025-01-29 10:50:11"}
{"level":"info","message":"OPTIONS /api/v1/student-signups/2aebc6ff-41a5-420e-8a63-54d9c84d9876/update-password 200 0.064 ms - -","timestamp":"2025-01-29 10:50:35"}
{"level":"info","message":"PUT /api/v1/student-signups/2aebc6ff-41a5-420e-8a63-54d9c84d9876/update-password 200 12.757 ms - 58","timestamp":"2025-01-29 10:50:35"}
{"level":"info","message":"OPTIONS /api/v1/student-signups/checkout 200 0.072 ms - -","timestamp":"2025-01-29 10:50:55"}
{"level":"info","message":"POST /api/v1/student-signups/checkout 200 867.030 ms - 457","timestamp":"2025-01-29 10:50:56"}
{"level":"error","message":"Admin verification failed: 400","timestamp":"2025-01-29 10:51:28"}
{"level":"info","message":"POST /api/v1/webhook/stripe 200 1.076 ms - 17","timestamp":"2025-01-29 10:51:28"}
{"level":"info","message":"POST /api/v1/webhook/stripe/student 200 3803.658 ms - 17","timestamp":"2025-01-29 10:51:32"}
{"level":"info","message":"OPTIONS /api/v1/coach/coaches?page=1&limit=10&search=&orderBy=createdAt&order=desc 200 0.068 ms - -","timestamp":"2025-01-29 10:51:38"}
{"level":"info","message":"GET /api/v1/coach/coaches?page=1&limit=10&search=&orderBy=createdAt&order=desc 200 21.902 ms - 76","timestamp":"2025-01-29 10:51:38"}
{"level":"info","message":"OPTIONS /api/v1/student/all-students 200 0.075 ms - -","timestamp":"2025-01-29 10:51:39"}
{"level":"info","message":"GET /api/v1/student/all-students 200 23.548 ms - 2610","timestamp":"2025-01-29 10:51:39"}
{"level":"info","message":"OPTIONS /api/v1/coach/all-coaches 200 0.077 ms - -","timestamp":"2025-01-29 10:56:30"}
{"level":"info","message":"OPTIONS /api/v1/student/all-students 200 0.079 ms - -","timestamp":"2025-01-29 10:56:30"}
{"level":"info","message":"OPTIONS /api/v1/superadmin/all-academies?page=1&limit=10&query= 200 0.067 ms - -","timestamp":"2025-01-29 10:56:30"}
{"level":"info","message":"OPTIONS /api/v1/batch?page=1&limit=10&query= 200 0.071 ms - -","timestamp":"2025-01-29 10:56:30"}
{"level":"info","message":"GET /api/v1/coach/all-coaches 304 29.119 ms - -","timestamp":"2025-01-29 10:56:30"}
{"level":"info","message":"GET /api/v1/batch?page=1&limit=10&query= 200 20.986 ms - 1284","timestamp":"2025-01-29 10:56:30"}
{"level":"info","message":"GET /api/v1/superadmin/all-academies?page=1&limit=10&query= 200 28.856 ms - 244","timestamp":"2025-01-29 10:56:30"}
{"level":"info","message":"GET /api/v1/student/all-students 304 49.173 ms - -","timestamp":"2025-01-29 10:56:30"}
{"level":"info","message":"OPTIONS /api/v1/student-signups?page=1&limit=10&search= 200 0.190 ms - -","timestamp":"2025-01-29 10:58:02"}
{"level":"info","message":"GET /api/v1/student-signups?page=1&limit=10&search= 200 23.470 ms - 4583","timestamp":"2025-01-29 10:58:02"}
{"level":"info","message":"OPTIONS /api/v1/coach-signup?page=1&limit=10&search= 200 0.084 ms - -","timestamp":"2025-01-29 10:58:05"}
{"level":"info","message":"GET /api/v1/coach-signup?page=1&limit=10&search= 200 15.402 ms - 65","timestamp":"2025-01-29 10:58:05"}
{"level":"info","message":"GET /api/v1/student-signups?page=1&limit=10&search= 304 10.339 ms - -","timestamp":"2025-01-29 10:58:06"}
{"level":"info","message":"OPTIONS /api/v1/auth/check-mfa 200 0.093 ms - -","timestamp":"2025-01-29 10:59:18"}
{"level":"info","message":"POST /api/v1/auth/check-mfa 200 77.583 ms - 47","timestamp":"2025-01-29 10:59:18"}
{"level":"info","message":"POST /api/v1/auth/login-with-password 200 89.090 ms - 1029","timestamp":"2025-01-29 10:59:18"}
{"level":"info","message":"Running expired signups check cron job","timestamp":"2025-01-29 11:00:00"}
{"level":"info","message":"Processed 0 expired signups","timestamp":"2025-01-29 11:00:00"}
{"level":"\u001b[32minfo\u001b[39m","message":"Starting the seeding process","timestamp":"2025-01-29 11:01:28"}
{"level":"\u001b[32minfo\u001b[39m","message":"Password hashed successfully","timestamp":"2025-01-29 11:01:28"}
{"level":"\u001b[32minfo\u001b[39m","message":"Roles created successfully","timestamp":"2025-01-29 11:01:28"}
{"level":"\u001b[32minfo\u001b[39m","message":"Academy created: Chess In Chunks Academy","timestamp":"2025-01-29 11:01:28"}
{"level":"\u001b[32minfo\u001b[39m","message":"Admin created: admin@chessinchunks.com (CIC ID: CIC-ADMIN-001)","timestamp":"2025-01-29 11:01:28"}
{"level":"\u001b[32minfo\u001b[39m","message":"Coach created: head.coach@example.com (CIC ID: CIC-COACH-JM001, Role: HEAD_COACH)","timestamp":"2025-01-29 11:01:28"}
{"level":"\u001b[32minfo\u001b[39m","message":"Coach created: senior.coach@example.com (CIC ID: CIC-COACH-SE001, Role: SENIOR_COACH)","timestamp":"2025-01-29 11:01:28"}
{"level":"\u001b[32minfo\u001b[39m","message":"Batch created: BATCH-2024-01","timestamp":"2025-01-29 11:01:28"}
{"level":"\u001b[32minfo\u001b[39m","message":"Student created: kitten@example.com (CIC ID: CIC-STU-KP001, ChessComId: supercutekittenpuff)","timestamp":"2025-01-29 11:01:28"}
{"level":"\u001b[32minfo\u001b[39m","message":"Student created: sashwin@example.com (CIC ID: CIC-STU-SG001, ChessComId: SashwinG)","timestamp":"2025-01-29 11:01:28"}
{"level":"\u001b[32minfo\u001b[39m","message":"Student created: ranjhana@example.com (CIC ID: CIC-STU-RR001, ChessComId: Ranjhannaa)","timestamp":"2025-01-29 11:01:28"}
{"level":"\u001b[32minfo\u001b[39m","message":"Student created: nive@example.com (CIC ID: CIC-STU-NC001, ChessComId: nive_chitti)","timestamp":"2025-01-29 11:01:28"}
{"level":"\u001b[32minfo\u001b[39m","message":"Student created: rishaan@example.com (CIC ID: CIC-STU-RJ001, ChessComId: Rishaan-RJ)","timestamp":"2025-01-29 11:01:29"}
{"level":"\u001b[32minfo\u001b[39m","message":"\n=== Final Batch Status ===","timestamp":"2025-01-29 11:01:29"}
{"level":"\u001b[32minfo\u001b[39m","message":"Batch Code: BATCH-2024-01","timestamp":"2025-01-29 11:01:29"}
{"level":"\u001b[32minfo\u001b[39m","message":"Number of coaches: 2","timestamp":"2025-01-29 11:01:29"}
{"level":"\u001b[32minfo\u001b[39m","message":"Number of students: 5","timestamp":"2025-01-29 11:01:29"}
{"level":"\u001b[32minfo\u001b[39m","message":"\n=== Summary of Created Users and Their CIC IDs ===","timestamp":"2025-01-29 11:01:29"}
{"level":"\u001b[32minfo\u001b[39m","message":"\nAdmin:","timestamp":"2025-01-29 11:01:29"}
{"level":"\u001b[32minfo\u001b[39m","message":"- admin@chessinchunks.com: CIC-ADMIN-001","timestamp":"2025-01-29 11:01:29"}
{"level":"\u001b[32minfo\u001b[39m","message":"\nCoaches:","timestamp":"2025-01-29 11:01:29"}
{"level":"\u001b[32minfo\u001b[39m","message":"- senior.coach@example.com: CIC-COACH-SE001 (SENIOR_COACH)","timestamp":"2025-01-29 11:01:29"}
{"level":"\u001b[32minfo\u001b[39m","message":"- head.coach@example.com: CIC-COACH-JM001 (HEAD_COACH)","timestamp":"2025-01-29 11:01:29"}
{"level":"\u001b[32minfo\u001b[39m","message":"\nStudents:","timestamp":"2025-01-29 11:01:29"}
{"level":"\u001b[32minfo\u001b[39m","message":"- sashwin@example.com: CIC-STU-SG001 (ChessComId: SashwinG)","timestamp":"2025-01-29 11:01:29"}
{"level":"\u001b[32minfo\u001b[39m","message":"- ranjhana@example.com: CIC-STU-RR001 (ChessComId: Ranjhannaa)","timestamp":"2025-01-29 11:01:29"}
{"level":"\u001b[32minfo\u001b[39m","message":"- rishaan@example.com: CIC-STU-RJ001 (ChessComId: Rishaan-RJ)","timestamp":"2025-01-29 11:01:29"}
{"level":"\u001b[32minfo\u001b[39m","message":"- kitten@example.com: CIC-STU-KP001 (ChessComId: supercutekittenpuff)","timestamp":"2025-01-29 11:01:29"}
{"level":"\u001b[32minfo\u001b[39m","message":"- nive@example.com: CIC-STU-NC001 (ChessComId: nive_chitti)","timestamp":"2025-01-29 11:01:29"}
{"level":"\u001b[32minfo\u001b[39m","message":"\n=== End of Summary ===","timestamp":"2025-01-29 11:01:29"}
{"level":"\u001b[32minfo\u001b[39m","message":"\nSeeding completed successfully","timestamp":"2025-01-29 11:01:29"}
{"level":"\u001b[32minfo\u001b[39m","message":"All users created with password: password1","timestamp":"2025-01-29 11:01:29"}
{"level":"\u001b[32minfo\u001b[39m","message":"Prisma client disconnected","timestamp":"2025-01-29 11:01:29"}
{"level":"info","message":"OPTIONS /api/v1/coach-signup?page=1&limit=10&search= 200 0.138 ms - -","timestamp":"2025-01-29 11:02:49"}
{"level":"info","message":"GET /api/v1/coach-signup?page=1&limit=10&search= 304 9.861 ms - -","timestamp":"2025-01-29 11:02:49"}
{"level":"info","message":"OPTIONS /api/v1/batch/options 200 0.135 ms - -","timestamp":"2025-01-29 11:02:50"}
{"level":"info","message":"GET /api/v1/batch/options 200 10.236 ms - 1616","timestamp":"2025-01-29 11:02:50"}
{"level":"info","message":"OPTIONS /api/v1/coach-signup 200 0.083 ms - -","timestamp":"2025-01-29 11:03:53"}
{"level":"info","message":"POST /api/v1/coach-signup 201 3707.567 ms - 986","timestamp":"2025-01-29 11:03:56"}
{"level":"info","message":"OPTIONS /api/v1/coach-signup/verify-otp 200 0.148 ms - -","timestamp":"2025-01-29 11:04:13"}
{"level":"info","message":"POST /api/v1/coach-signup/verify-otp 200 14.484 ms - 993","timestamp":"2025-01-29 11:04:13"}
{"level":"info","message":"OPTIONS /api/v1/coach-signup/f40aaac4-a190-4206-86c4-fec5683ba329 200 0.120 ms - -","timestamp":"2025-01-29 11:04:33"}
{"level":"info","message":"PUT /api/v1/coach-signup/f40aaac4-a190-4206-86c4-fec5683ba329 200 15.693 ms - 1517","timestamp":"2025-01-29 11:04:33"}
{"level":"info","message":"PUT /api/v1/coach-signup/f40aaac4-a190-4206-86c4-fec5683ba329 200 16.125 ms - 1517","timestamp":"2025-01-29 11:04:35"}
{"level":"info","message":"OPTIONS /api/v1/coach-signup/f40aaac4-a190-4206-86c4-fec5683ba329/complete 200 0.078 ms - -","timestamp":"2025-01-29 11:04:55"}
{"level":"info","message":"POST /api/v1/coach-signup/f40aaac4-a190-4206-86c4-fec5683ba329/complete 200 103.826 ms - 1015","timestamp":"2025-01-29 11:04:55"}
{"level":"info","message":"OPTIONS /api/v1/coach-signup?page=1&limit=10&search= 200 0.078 ms - -","timestamp":"2025-01-29 11:04:55"}
{"level":"info","message":"GET /api/v1/coach-signup?page=1&limit=10&search= 200 11.384 ms - 2639","timestamp":"2025-01-29 11:04:55"}
{"level":"info","message":"OPTIONS /api/v1/coach/coaches?page=1&limit=10&search=&orderBy=createdAt&order=desc 200 0.072 ms - -","timestamp":"2025-01-29 11:05:06"}
{"level":"info","message":"GET /api/v1/coach/coaches?page=1&limit=10&search=&orderBy=createdAt&order=desc 200 25.684 ms - 401","timestamp":"2025-01-29 11:05:06"}
{"level":"info","message":"OPTIONS /api/v1/auth/login-with-password 200 0.115 ms - -","timestamp":"2025-01-29 11:05:33"}
{"level":"info","message":"POST /api/v1/auth/login-with-password 200 85.876 ms - 1064","timestamp":"2025-01-29 11:05:33"}
{"level":"info","message":"OPTIONS /api/v1/notifications 200 0.069 ms - -","timestamp":"2025-01-29 11:05:33"}
{"level":"info","message":"OPTIONS /api/v1/dashboard 200 0.133 ms - -","timestamp":"2025-01-29 11:05:33"}
{"level":"info","message":"OPTIONS /api/v1/permission 200 0.155 ms - -","timestamp":"2025-01-29 11:05:33"}
{"level":"info","message":"GET /api/v1/notifications 200 14.204 ms - 2","timestamp":"2025-01-29 11:05:33"}
{"level":"info","message":"GET /api/v1/permission 200 12.217 ms - 1953","timestamp":"2025-01-29 11:05:33"}
{"level":"info","message":"GET /api/v1/dashboard 403 18.241 ms - 96","timestamp":"2025-01-29 11:05:33"}
{"level":"info","message":"OPTIONS /api/v1/student/all-students 200 0.111 ms - -","timestamp":"2025-01-29 11:05:45"}
{"level":"info","message":"GET /api/v1/student/all-students 200 23.919 ms - 2632","timestamp":"2025-01-29 11:05:45"}
{"level":"info","message":"OPTIONS /api/v1/quiz?page=1&limit=10&search= 200 0.117 ms - -","timestamp":"2025-01-29 11:05:49"}
{"level":"info","message":"GET /api/v1/quiz?page=1&limit=10&search= 200 17.774 ms - 2","timestamp":"2025-01-29 11:05:49"}
{"level":"info","message":"OPTIONS /api/v1/quiz 200 0.102 ms - -","timestamp":"2025-01-29 11:13:59"}
{"level":"info","message":"POST /api/v1/quiz 201 56.346 ms - 2076","timestamp":"2025-01-29 11:13:59"}
{"level":"info","message":"OPTIONS /api/v1/quiz?page=1&limit=10&search= 200 0.113 ms - -","timestamp":"2025-01-29 11:13:59"}
{"level":"info","message":"GET /api/v1/quiz?page=1&limit=10&search= 200 16.910 ms - 2776","timestamp":"2025-01-29 11:13:59"}
{"level":"info","message":"OPTIONS /api/v1/student/all-students 200 0.067 ms - -","timestamp":"2025-01-29 11:14:25"}
{"level":"info","message":"GET /api/v1/student/all-students 200 27.735 ms - 2632","timestamp":"2025-01-29 11:14:25"}
{"level":"info","message":"OPTIONS /api/v1/quiz/assign 200 0.082 ms - -","timestamp":"2025-01-29 11:14:29"}
{"level":"info","message":"POST /api/v1/quiz/assign 201 40.560 ms - 1890","timestamp":"2025-01-29 11:14:29"}
{"level":"info","message":"OPTIONS /api/v1/quiz?page=1&limit=10&search= 200 0.080 ms - -","timestamp":"2025-01-29 11:14:29"}
{"level":"info","message":"GET /api/v1/quiz?page=1&limit=10&search= 200 12.022 ms - 3422","timestamp":"2025-01-29 11:14:29"}
{"level":"info","message":"OPTIONS /api/v1/auth/check-mfa 200 0.078 ms - -","timestamp":"2025-01-29 11:14:56"}
{"level":"info","message":"POST /api/v1/auth/check-mfa 200 77.822 ms - 47","timestamp":"2025-01-29 11:14:56"}
{"level":"info","message":"POST /api/v1/auth/login-with-password 200 91.100 ms - 1029","timestamp":"2025-01-29 11:14:56"}
{"level":"info","message":"OPTIONS /api/v1/notifications 200 0.075 ms - -","timestamp":"2025-01-29 11:14:58"}
{"level":"info","message":"GET /api/v1/notifications 304 6.944 ms - -","timestamp":"2025-01-29 11:14:58"}
{"level":"info","message":"OPTIONS /api/v1/dashboard/student/chess-stats?startDate=2024-12-29&endDate=2025-01-29 200 0.102 ms - -","timestamp":"2025-01-29 11:14:58"}
{"level":"info","message":"GET /api/v1/dashboard/student/chess-stats?startDate=2024-12-29&endDate=2025-01-29 200 12.097 ms - 384","timestamp":"2025-01-29 11:14:58"}
{"level":"info","message":"OPTIONS /api/v1/events/student 200 0.075 ms - -","timestamp":"2025-01-29 11:14:58"}
{"level":"info","message":"GET /api/v1/events/student 200 17.470 ms - 2","timestamp":"2025-01-29 11:14:58"}
{"level":"info","message":"OPTIONS /api/v1/quiz/student-attempts 200 0.161 ms - -","timestamp":"2025-01-29 11:14:58"}
{"level":"info","message":"OPTIONS /api/v1/goal/weekly-goals/student 200 0.126 ms - -","timestamp":"2025-01-29 11:14:58"}
{"level":"info","message":"OPTIONS /api/v1/tasks 200 0.125 ms - -","timestamp":"2025-01-29 11:14:58"}
{"level":"info","message":"GET /api/v1/quiz/student-attempts 200 17.793 ms - 2","timestamp":"2025-01-29 11:14:58"}
{"level":"info","message":"OPTIONS /api/v1/dashboard/student-stats 200 0.163 ms - -","timestamp":"2025-01-29 11:14:58"}
{"level":"info","message":"GET /api/v1/tasks 200 23.644 ms - 3027","timestamp":"2025-01-29 11:14:58"}
{"level":"info","message":"GET /api/v1/goal/weekly-goals/student 200 37.229 ms - 2","timestamp":"2025-01-29 11:14:58"}
{"level":"info","message":"GET /api/v1/dashboard/student-stats 200 24.202 ms - 532","timestamp":"2025-01-29 11:14:58"}
{"level":"info","message":"OPTIONS /api/v1/student/batchmates 200 0.119 ms - -","timestamp":"2025-01-29 11:14:58"}
{"level":"info","message":"GET /api/v1/student/batchmates 200 18.431 ms - 904","timestamp":"2025-01-29 11:14:58"}
{"level":"info","message":"OPTIONS /api/v1/notifications 200 0.112 ms - -","timestamp":"2025-01-29 11:15:58"}
{"level":"info","message":"GET /api/v1/notifications 304 8.385 ms - -","timestamp":"2025-01-29 11:15:58"}
{"level":"info","message":"OPTIONS /api/v1/notifications 200 0.067 ms - -","timestamp":"2025-01-29 11:16:58"}
{"level":"info","message":"GET /api/v1/notifications 304 5.215 ms - -","timestamp":"2025-01-29 11:16:58"}
{"level":"info","message":"OPTIONS /api/v1/notifications 200 0.188 ms - -","timestamp":"2025-01-29 11:17:58"}
{"level":"info","message":"GET /api/v1/notifications 304 8.953 ms - -","timestamp":"2025-01-29 11:17:58"}
{"level":"info","message":"OPTIONS /api/v1/notifications 200 0.169 ms - -","timestamp":"2025-01-29 11:18:58"}
{"level":"info","message":"GET /api/v1/notifications 304 11.276 ms - -","timestamp":"2025-01-29 11:18:58"}
{"level":"info","message":"OPTIONS /api/v1/notifications 200 0.212 ms - -","timestamp":"2025-01-29 11:19:59"}
{"level":"info","message":"GET /api/v1/notifications 304 12.328 ms - -","timestamp":"2025-01-29 11:19:59"}
{"level":"info","message":"OPTIONS /api/v1/notifications 200 0.182 ms - -","timestamp":"2025-01-29 11:20:59"}
{"level":"info","message":"GET /api/v1/notifications 304 10.609 ms - -","timestamp":"2025-01-29 11:20:59"}
{"level":"info","message":"OPTIONS /api/v1/notifications 200 0.184 ms - -","timestamp":"2025-01-29 11:21:59"}
{"level":"info","message":"GET /api/v1/notifications 304 11.118 ms - -","timestamp":"2025-01-29 11:21:59"}
{"level":"info","message":"OPTIONS /api/v1/notifications 200 0.176 ms - -","timestamp":"2025-01-29 11:22:59"}
{"level":"info","message":"GET /api/v1/notifications 304 10.837 ms - -","timestamp":"2025-01-29 11:22:59"}
{"level":"info","message":"OPTIONS /api/v1/notifications 200 0.190 ms - -","timestamp":"2025-01-29 11:24:00"}
{"level":"info","message":"GET /api/v1/notifications 304 11.144 ms - -","timestamp":"2025-01-29 11:24:00"}
{"level":"info","message":"OPTIONS /api/v1/notifications 200 0.188 ms - -","timestamp":"2025-01-29 11:25:00"}
{"level":"info","message":"GET /api/v1/notifications 304 10.412 ms - -","timestamp":"2025-01-29 11:25:00"}
{"level":"info","message":"OPTIONS /api/v1/notifications 200 0.310 ms - -","timestamp":"2025-01-29 11:26:00"}
{"level":"info","message":"GET /api/v1/notifications 304 13.255 ms - -","timestamp":"2025-01-29 11:26:00"}
{"level":"info","message":"OPTIONS /api/v1/notifications 200 0.217 ms - -","timestamp":"2025-01-29 11:27:00"}
{"level":"info","message":"GET /api/v1/notifications 304 10.913 ms - -","timestamp":"2025-01-29 11:27:00"}
{"level":"info","message":"OPTIONS /api/v1/notifications 200 0.233 ms - -","timestamp":"2025-01-29 11:28:01"}
{"level":"info","message":"GET /api/v1/notifications 304 10.633 ms - -","timestamp":"2025-01-29 11:28:01"}
{"level":"info","message":"OPTIONS /api/v1/notifications 200 0.169 ms - -","timestamp":"2025-01-29 11:29:01"}
{"level":"info","message":"GET /api/v1/notifications 304 9.893 ms - -","timestamp":"2025-01-29 11:29:01"}
{"level":"info","message":"OPTIONS /api/v1/notifications 200 0.160 ms - -","timestamp":"2025-01-29 11:30:01"}
{"level":"info","message":"GET /api/v1/notifications 304 10.009 ms - -","timestamp":"2025-01-29 11:30:01"}
{"level":"info","message":"OPTIONS /api/v1/notifications 200 0.199 ms - -","timestamp":"2025-01-29 11:31:01"}
{"level":"info","message":"GET /api/v1/notifications 304 10.417 ms - -","timestamp":"2025-01-29 11:31:01"}
{"level":"info","message":"OPTIONS /api/v1/notifications 200 0.173 ms - -","timestamp":"2025-01-29 11:32:02"}
{"level":"info","message":"GET /api/v1/notifications 304 11.117 ms - -","timestamp":"2025-01-29 11:32:02"}
{"level":"info","message":"OPTIONS /api/v1/notifications 200 0.175 ms - -","timestamp":"2025-01-29 11:33:02"}
{"level":"info","message":"GET /api/v1/notifications 304 10.960 ms - -","timestamp":"2025-01-29 11:33:02"}
{"level":"info","message":"OPTIONS /api/v1/notifications 200 0.180 ms - -","timestamp":"2025-01-29 11:34:02"}
{"level":"info","message":"GET /api/v1/notifications 304 10.858 ms - -","timestamp":"2025-01-29 11:34:02"}
{"level":"info","message":"OPTIONS /api/v1/notifications 200 0.155 ms - -","timestamp":"2025-01-29 12:30:10"}
{"level":"info","message":"OPTIONS /api/v1/quiz?page=1&limit=10&search= 200 0.131 ms - -","timestamp":"2025-01-29 12:30:10"}
{"level":"info","message":"OPTIONS /api/v1/permission 200 0.106 ms - -","timestamp":"2025-01-29 12:30:10"}
{"level":"info","message":"GET /api/v1/notifications 304 17.959 ms - -","timestamp":"2025-01-29 12:30:10"}
{"level":"info","message":"GET /api/v1/permission 304 13.745 ms - -","timestamp":"2025-01-29 12:30:10"}
{"level":"info","message":"GET /api/v1/quiz?page=1&limit=10&search= 304 20.790 ms - -","timestamp":"2025-01-29 12:30:10"}
{"level":"info","message":"OPTIONS /api/v1/notifications 200 0.107 ms - -","timestamp":"2025-01-29 12:30:11"}
{"level":"info","message":"OPTIONS /api/v1/student/all-students 200 0.120 ms - -","timestamp":"2025-01-29 12:30:11"}
{"level":"info","message":"OPTIONS /api/v1/permission 200 0.117 ms - -","timestamp":"2025-01-29 12:30:11"}
{"level":"info","message":"GET /api/v1/notifications 304 10.209 ms - -","timestamp":"2025-01-29 12:30:11"}
{"level":"info","message":"GET /api/v1/permission 304 10.020 ms - -","timestamp":"2025-01-29 12:30:11"}
{"level":"info","message":"GET /api/v1/student/all-students 200 22.660 ms - 2632","timestamp":"2025-01-29 12:30:11"}
{"level":"info","message":"OPTIONS /api/v1/superadmin/plans?page=1&limit=10&query=undefined&tier=undefined&type=undefined&sortBy=undefined&sortOrder=undefined&signupId=f03156c9-8823-461f-93b5-1bf6aa233a81 200 0.080 ms - -","timestamp":"2025-01-29 12:30:11"}
{"level":"info","message":"OPTIONS /api/v1/permission 200 0.083 ms - -","timestamp":"2025-01-29 12:30:11"}
{"level":"info","message":"GET /api/v1/permission 304 7.215 ms - -","timestamp":"2025-01-29 12:30:11"}
{"level":"info","message":"GET /api/v1/superadmin/plans?page=1&limit=10&query=undefined&tier=undefined&type=undefined&sortBy=undefined&sortOrder=undefined&signupId=f03156c9-8823-461f-93b5-1bf6aa233a81 304 9.421 ms - -","timestamp":"2025-01-29 12:30:11"}
{"level":"info","message":"OPTIONS /api/v1/notifications 200 0.148 ms - -","timestamp":"2025-01-29 12:30:11"}
{"level":"info","message":"OPTIONS /api/v1/superadmin/all-academies?page=1&limit=10&query= 200 0.097 ms - -","timestamp":"2025-01-29 12:30:11"}
{"level":"info","message":"GET /api/v1/notifications 304 6.440 ms - -","timestamp":"2025-01-29 12:30:11"}
{"level":"info","message":"GET /api/v1/permission 304 8.243 ms - -","timestamp":"2025-01-29 12:30:11"}
{"level":"info","message":"GET /api/v1/superadmin/all-academies?page=1&limit=10&query= 200 15.271 ms - 915","timestamp":"2025-01-29 12:30:11"}
