{"level":"\u001b[32minfo\u001b[39m","message":"Roles seeded successfully","timestamp":"2025-01-30 04:53:57"}
{"level":"\u001b[32minfo\u001b[39m","message":"Permissions seeded successfully","timestamp":"2025-01-30 04:53:57"}
{"level":"\u001b[32minfo\u001b[39m","message":"Assigned permission \"VIEW /dashboard\" to role \"SUPER_ADMIN\".","timestamp":"2025-01-30 04:53:57"}
{"level":"\u001b[32minfo\u001b[39m","message":"Assigned permission \"VIEW /dashboard/academies\" to role \"SUPER_ADMIN\".","timestamp":"2025-01-30 04:53:57"}
{"level":"\u001b[32minfo\u001b[39m","message":"Assigned permission \"ADD /dashboard/academies\" to role \"SUPER_ADMIN\".","timestamp":"2025-01-30 04:53:57"}
{"level":"\u001b[32minfo\u001b[39m","message":"Assigned permission \"UPDATE /dashboard/academies\" to role \"SUPER_ADMIN\".","timestamp":"2025-01-30 04:53:57"}
{"level":"\u001b[32minfo\u001b[39m","message":"Assigned permission \"DELETE /dashboard/academies\" to role \"SUPER_ADMIN\".","timestamp":"2025-01-30 04:53:57"}
{"level":"\u001b[32minfo\u001b[39m","message":"Assigned permission \"VIEW /dashboard/invitations\" to role \"SUPER_ADMIN\".","timestamp":"2025-01-30 04:53:57"}
{"level":"\u001b[32minfo\u001b[39m","message":"Assigned permission \"VIEW /dashboard/permissions\" to role \"SUPER_ADMIN\".","timestamp":"2025-01-30 04:53:57"}
{"level":"\u001b[32minfo\u001b[39m","message":"Assigned permission \"UPDATE /dashboard/permissions\" to role \"SUPER_ADMIN\".","timestamp":"2025-01-30 04:53:57"}
{"level":"\u001b[32minfo\u001b[39m","message":"Assigned permission \"VIEW /dashboard/system-code\" to role \"SUPER_ADMIN\".","timestamp":"2025-01-30 04:53:57"}
{"level":"\u001b[32minfo\u001b[39m","message":"Assigned permission \"ADD /dashboard/system-code\" to role \"SUPER_ADMIN\".","timestamp":"2025-01-30 04:53:57"}
{"level":"\u001b[32minfo\u001b[39m","message":"Assigned permission \"VIEW /dashboard/plans\" to role \"SUPER_ADMIN\".","timestamp":"2025-01-30 04:53:57"}
{"level":"\u001b[32minfo\u001b[39m","message":"Assigned permission \"ADD /dashboard/plans\" to role \"SUPER_ADMIN\".","timestamp":"2025-01-30 04:53:57"}
{"level":"\u001b[32minfo\u001b[39m","message":"Assigned permission \"UPDATE /dashboard/plans\" to role \"SUPER_ADMIN\".","timestamp":"2025-01-30 04:53:57"}
{"level":"\u001b[32minfo\u001b[39m","message":"Assigned permission \"DELETE /dashboard/plans\" to role \"SUPER_ADMIN\".","timestamp":"2025-01-30 04:53:57"}
{"level":"\u001b[32minfo\u001b[39m","message":"Assigned permission \"VIEW /dashboard/settings\" to role \"SUPER_ADMIN\".","timestamp":"2025-01-30 04:53:57"}
{"level":"\u001b[32minfo\u001b[39m","message":"Assigned permission \"VIEW /dashboard/settings/profile\" to role \"SUPER_ADMIN\".","timestamp":"2025-01-30 04:53:57"}
{"level":"\u001b[32minfo\u001b[39m","message":"Assigned permission \"UPDATE /dashboard/settings/profile\" to role \"SUPER_ADMIN\".","timestamp":"2025-01-30 04:53:57"}
{"level":"\u001b[32minfo\u001b[39m","message":"Assigned permission \"VIEW /dashboard/platform-users\" to role \"SUPER_ADMIN\".","timestamp":"2025-01-30 04:53:57"}
{"level":"\u001b[32minfo\u001b[39m","message":"Assigned permission \"ADD /dashboard/platform-users\" to role \"SUPER_ADMIN\".","timestamp":"2025-01-30 04:53:57"}
{"level":"\u001b[32minfo\u001b[39m","message":"Assigned permission \"UPDATE /dashboard/platform-users\" to role \"SUPER_ADMIN\".","timestamp":"2025-01-30 04:53:57"}
{"level":"\u001b[32minfo\u001b[39m","message":"Assigned permission \"DELETE /dashboard/platform-users\" to role \"SUPER_ADMIN\".","timestamp":"2025-01-30 04:53:57"}
{"level":"\u001b[32minfo\u001b[39m","message":"SUPER_ADMIN permissions assigned successfully.","timestamp":"2025-01-30 04:53:57"}
{"level":"\u001b[32minfo\u001b[39m","message":"Assigned permission \"VIEW /dashboard\" to role \"ADMIN\".","timestamp":"2025-01-30 04:53:57"}
{"level":"\u001b[32minfo\u001b[39m","message":"Assigned permission \"VIEW /dashboard/batches\" to role \"ADMIN\".","timestamp":"2025-01-30 04:53:57"}
{"level":"\u001b[32minfo\u001b[39m","message":"Assigned permission \"ADD /dashboard/batches\" to role \"ADMIN\".","timestamp":"2025-01-30 04:53:57"}
{"level":"\u001b[32minfo\u001b[39m","message":"Assigned permission \"UPDATE /dashboard/batches\" to role \"ADMIN\".","timestamp":"2025-01-30 04:53:57"}
{"level":"\u001b[32minfo\u001b[39m","message":"Assigned permission \"DELETE /dashboard/batches\" to role \"ADMIN\".","timestamp":"2025-01-30 04:53:57"}
{"level":"\u001b[32minfo\u001b[39m","message":"Assigned permission \"VIEW /dashboard/users\" to role \"ADMIN\".","timestamp":"2025-01-30 04:53:57"}
{"level":"\u001b[33mwarn\u001b[39m","message":"Permission \"ADD /dashboard/users\" not found. Skipping assignment to role \"ADMIN\".","timestamp":"2025-01-30 04:53:57"}
{"level":"\u001b[33mwarn\u001b[39m","message":"Permission \"UPDATE /dashboard/users\" not found. Skipping assignment to role \"ADMIN\".","timestamp":"2025-01-30 04:53:57"}
{"level":"\u001b[33mwarn\u001b[39m","message":"Permission \"DELETE /dashboard/users\" not found. Skipping assignment to role \"ADMIN\".","timestamp":"2025-01-30 04:53:57"}
{"level":"\u001b[32minfo\u001b[39m","message":"Assigned permission \"VIEW /dashboard/calendar\" to role \"ADMIN\".","timestamp":"2025-01-30 04:53:58"}
{"level":"\u001b[32minfo\u001b[39m","message":"Assigned permission \"ADD /dashboard/calendar\" to role \"ADMIN\".","timestamp":"2025-01-30 04:53:58"}
{"level":"\u001b[32minfo\u001b[39m","message":"Assigned permission \"UPDATE /dashboard/calendar\" to role \"ADMIN\".","timestamp":"2025-01-30 04:53:58"}
{"level":"\u001b[32minfo\u001b[39m","message":"Assigned permission \"DELETE /dashboard/calendar\" to role \"ADMIN\".","timestamp":"2025-01-30 04:53:58"}
{"level":"\u001b[32minfo\u001b[39m","message":"Assigned permission \"VIEW /dashboard/communication\" to role \"ADMIN\".","timestamp":"2025-01-30 04:53:58"}
{"level":"\u001b[32minfo\u001b[39m","message":"Assigned permission \"ADD /dashboard/communication\" to role \"ADMIN\".","timestamp":"2025-01-30 04:53:58"}
{"level":"\u001b[32minfo\u001b[39m","message":"Assigned permission \"UPDATE /dashboard/communication\" to role \"ADMIN\".","timestamp":"2025-01-30 04:53:58"}
{"level":"\u001b[32minfo\u001b[39m","message":"Assigned permission \"DELETE /dashboard/communication\" to role \"ADMIN\".","timestamp":"2025-01-30 04:53:58"}
{"level":"\u001b[32minfo\u001b[39m","message":"Assigned permission \"VIEW /dashboard/goals\" to role \"ADMIN\".","timestamp":"2025-01-30 04:53:58"}
{"level":"\u001b[32minfo\u001b[39m","message":"Assigned permission \"VIEW /dashboard/goals/seasonal\" to role \"ADMIN\".","timestamp":"2025-01-30 04:53:58"}
{"level":"\u001b[32minfo\u001b[39m","message":"Assigned permission \"ADD /dashboard/goals/seasonal\" to role \"ADMIN\".","timestamp":"2025-01-30 04:53:58"}
{"level":"\u001b[32minfo\u001b[39m","message":"Assigned permission \"VIEW /dashboard/goals/monthly\" to role \"ADMIN\".","timestamp":"2025-01-30 04:53:58"}
{"level":"\u001b[32minfo\u001b[39m","message":"Assigned permission \"ADD /dashboard/goals/monthly\" to role \"ADMIN\".","timestamp":"2025-01-30 04:53:58"}
{"level":"\u001b[32minfo\u001b[39m","message":"Assigned permission \"VIEW /dashboard/goals/weekly\" to role \"ADMIN\".","timestamp":"2025-01-30 04:53:58"}
{"level":"\u001b[32minfo\u001b[39m","message":"Assigned permission \"ADD /dashboard/goals/weekly\" to role \"ADMIN\".","timestamp":"2025-01-30 04:53:58"}
{"level":"\u001b[32minfo\u001b[39m","message":"Assigned permission \"VIEW /dashboard/goals/assign-weekly\" to role \"ADMIN\".","timestamp":"2025-01-30 04:53:58"}
{"level":"\u001b[32minfo\u001b[39m","message":"Assigned permission \"ADD /dashboard/goals/assign-weekly\" to role \"ADMIN\".","timestamp":"2025-01-30 04:53:58"}
{"level":"\u001b[32minfo\u001b[39m","message":"Assigned permission \"VIEW /dashboard/website\" to role \"ADMIN\".","timestamp":"2025-01-30 04:53:58"}
{"level":"\u001b[32minfo\u001b[39m","message":"Assigned permission \"UPDATE /dashboard/website\" to role \"ADMIN\".","timestamp":"2025-01-30 04:53:58"}
{"level":"\u001b[32minfo\u001b[39m","message":"Assigned permission \"VIEW /dashboard/programs\" to role \"ADMIN\".","timestamp":"2025-01-30 04:53:58"}
{"level":"\u001b[32minfo\u001b[39m","message":"Assigned permission \"ADD /dashboard/programs\" to role \"ADMIN\".","timestamp":"2025-01-30 04:53:58"}
{"level":"\u001b[32minfo\u001b[39m","message":"Assigned permission \"UPDATE /dashboard/programs\" to role \"ADMIN\".","timestamp":"2025-01-30 04:53:58"}
{"level":"\u001b[32minfo\u001b[39m","message":"Assigned permission \"DELETE /dashboard/programs\" to role \"ADMIN\".","timestamp":"2025-01-30 04:53:58"}
{"level":"\u001b[32minfo\u001b[39m","message":"Assigned permission \"VIEW /dashboard/students/list\" to role \"ADMIN\".","timestamp":"2025-01-30 04:53:58"}
{"level":"\u001b[32minfo\u001b[39m","message":"Assigned permission \"VIEW /dashboard/students/signups\" to role \"ADMIN\".","timestamp":"2025-01-30 04:53:58"}
{"level":"\u001b[32minfo\u001b[39m","message":"Assigned permission \"ADD /dashboard/students/signups\" to role \"ADMIN\".","timestamp":"2025-01-30 04:53:58"}
{"level":"\u001b[32minfo\u001b[39m","message":"Assigned permission \"UPDATE /dashboard/students/signups\" to role \"ADMIN\".","timestamp":"2025-01-30 04:53:58"}
{"level":"\u001b[32minfo\u001b[39m","message":"Assigned permission \"DELETE /dashboard/students/signups\" to role \"ADMIN\".","timestamp":"2025-01-30 04:53:58"}
{"level":"\u001b[32minfo\u001b[39m","message":"Assigned permission \"VIEW /dashboard/reports\" to role \"ADMIN\".","timestamp":"2025-01-30 04:53:58"}
{"level":"\u001b[32minfo\u001b[39m","message":"Assigned permission \"VIEW /dashboard/reports/batches\" to role \"ADMIN\".","timestamp":"2025-01-30 04:53:58"}
{"level":"\u001b[32minfo\u001b[39m","message":"Assigned permission \"VIEW /dashboard/reports/enrollments\" to role \"ADMIN\".","timestamp":"2025-01-30 04:53:58"}
{"level":"\u001b[32minfo\u001b[39m","message":"Assigned permission \"VIEW /dashboard/reports/students\" to role \"ADMIN\".","timestamp":"2025-01-30 04:53:58"}
{"level":"\u001b[32minfo\u001b[39m","message":"Assigned permission \"VIEW /dashboard/reports/target-goals\" to role \"ADMIN\".","timestamp":"2025-01-30 04:53:58"}
{"level":"\u001b[32minfo\u001b[39m","message":"Assigned permission \"VIEW /dashboard/settings\" to role \"ADMIN\".","timestamp":"2025-01-30 04:53:58"}
{"level":"\u001b[33mwarn\u001b[39m","message":"Permission \"UPDATE /dashboard/settings\" not found. Skipping assignment to role \"ADMIN\".","timestamp":"2025-01-30 04:53:58"}
{"level":"\u001b[32minfo\u001b[39m","message":"Assigned permission \"VIEW /dashboard/settings/profile\" to role \"ADMIN\".","timestamp":"2025-01-30 04:53:58"}
{"level":"\u001b[32minfo\u001b[39m","message":"Assigned permission \"UPDATE /dashboard/settings/profile\" to role \"ADMIN\".","timestamp":"2025-01-30 04:53:58"}
{"level":"\u001b[32minfo\u001b[39m","message":"Assigned permission \"VIEW /dashboard/settings/admins\" to role \"ADMIN\".","timestamp":"2025-01-30 04:53:58"}
{"level":"\u001b[32minfo\u001b[39m","message":"Assigned permission \"UPDATE /dashboard/settings/admins\" to role \"ADMIN\".","timestamp":"2025-01-30 04:53:58"}
{"level":"\u001b[32minfo\u001b[39m","message":"Assigned permission \"VIEW /dashboard/settings/academy\" to role \"ADMIN\".","timestamp":"2025-01-30 04:53:58"}
{"level":"\u001b[32minfo\u001b[39m","message":"Assigned permission \"UPDATE /dashboard/settings/academy\" to role \"ADMIN\".","timestamp":"2025-01-30 04:53:58"}
{"level":"\u001b[32minfo\u001b[39m","message":"Assigned permission \"VIEW /dashboard/users/coaches\" to role \"ADMIN\".","timestamp":"2025-01-30 04:53:58"}
{"level":"\u001b[32minfo\u001b[39m","message":"Assigned permission \"VIEW /dashboard/users/coach-signups\" to role \"ADMIN\".","timestamp":"2025-01-30 04:53:58"}
{"level":"\u001b[32minfo\u001b[39m","message":"Assigned permission \"ADD /dashboard/users/coach-signups\" to role \"ADMIN\".","timestamp":"2025-01-30 04:53:58"}
{"level":"\u001b[32minfo\u001b[39m","message":"Assigned permission \"UPDATE /dashboard/users/coach-signups\" to role \"ADMIN\".","timestamp":"2025-01-30 04:53:58"}
{"level":"\u001b[32minfo\u001b[39m","message":"Assigned permission \"DELETE /dashboard/users/coach-signups\" to role \"ADMIN\".","timestamp":"2025-01-30 04:53:58"}
{"level":"\u001b[32minfo\u001b[39m","message":"Assigned permission \"VIEW /dashboard/users/students\" to role \"ADMIN\".","timestamp":"2025-01-30 04:53:58"}
{"level":"\u001b[32minfo\u001b[39m","message":"Assigned permission \"VIEW /dashboard/users/student-signups\" to role \"ADMIN\".","timestamp":"2025-01-30 04:53:58"}
{"level":"\u001b[32minfo\u001b[39m","message":"Assigned permission \"ADD /dashboard/users/student-signups\" to role \"ADMIN\".","timestamp":"2025-01-30 04:53:58"}
{"level":"\u001b[32minfo\u001b[39m","message":"Assigned permission \"UPDATE /dashboard/users/student-signups\" to role \"ADMIN\".","timestamp":"2025-01-30 04:53:58"}
{"level":"\u001b[32minfo\u001b[39m","message":"Assigned permission \"DELETE /dashboard/users/student-signups\" to role \"ADMIN\".","timestamp":"2025-01-30 04:53:58"}
{"level":"\u001b[32minfo\u001b[39m","message":"ADMIN permissions assigned successfully.","timestamp":"2025-01-30 04:53:58"}
{"level":"\u001b[32minfo\u001b[39m","message":"Assigned permission \"VIEW /dashboard/goals\" to role \"COACH\".","timestamp":"2025-01-30 04:53:58"}
{"level":"\u001b[33mwarn\u001b[39m","message":"Permission \"ADD /dashboard/goals\" not found. Skipping assignment to role \"COACH\".","timestamp":"2025-01-30 04:53:58"}
{"level":"\u001b[33mwarn\u001b[39m","message":"Permission \"UPDATE /dashboard/goals\" not found. Skipping assignment to role \"COACH\".","timestamp":"2025-01-30 04:53:58"}
{"level":"\u001b[33mwarn\u001b[39m","message":"Permission \"DELETE /dashboard/goals\" not found. Skipping assignment to role \"COACH\".","timestamp":"2025-01-30 04:53:58"}
{"level":"\u001b[32minfo\u001b[39m","message":"Assigned permission \"VIEW /dashboard/goals/seasonal\" to role \"COACH\".","timestamp":"2025-01-30 04:53:58"}
{"level":"\u001b[32minfo\u001b[39m","message":"Assigned permission \"ADD /dashboard/goals/seasonal\" to role \"COACH\".","timestamp":"2025-01-30 04:53:58"}
{"level":"\u001b[33mwarn\u001b[39m","message":"Permission \"UPDATE /dashboard/goals/seasonal\" not found. Skipping assignment to role \"COACH\".","timestamp":"2025-01-30 04:53:58"}
{"level":"\u001b[33mwarn\u001b[39m","message":"Permission \"DELETE /dashboard/goals/seasonal\" not found. Skipping assignment to role \"COACH\".","timestamp":"2025-01-30 04:53:58"}
{"level":"\u001b[32minfo\u001b[39m","message":"Assigned permission \"VIEW /dashboard/goals/monthly\" to role \"COACH\".","timestamp":"2025-01-30 04:53:58"}
{"level":"\u001b[32minfo\u001b[39m","message":"Assigned permission \"ADD /dashboard/goals/monthly\" to role \"COACH\".","timestamp":"2025-01-30 04:53:58"}
{"level":"\u001b[33mwarn\u001b[39m","message":"Permission \"UPDATE /dashboard/goals/monthly\" not found. Skipping assignment to role \"COACH\".","timestamp":"2025-01-30 04:53:58"}
{"level":"\u001b[33mwarn\u001b[39m","message":"Permission \"DELETE /dashboard/goals/monthly\" not found. Skipping assignment to role \"COACH\".","timestamp":"2025-01-30 04:53:58"}
{"level":"\u001b[32minfo\u001b[39m","message":"Assigned permission \"VIEW /dashboard/goals/weekly\" to role \"COACH\".","timestamp":"2025-01-30 04:53:58"}
{"level":"\u001b[32minfo\u001b[39m","message":"Assigned permission \"ADD /dashboard/goals/weekly\" to role \"COACH\".","timestamp":"2025-01-30 04:53:58"}
{"level":"\u001b[33mwarn\u001b[39m","message":"Permission \"UPDATE /dashboard/goals/weekly\" not found. Skipping assignment to role \"COACH\".","timestamp":"2025-01-30 04:53:58"}
{"level":"\u001b[33mwarn\u001b[39m","message":"Permission \"DELETE /dashboard/goals/weekly\" not found. Skipping assignment to role \"COACH\".","timestamp":"2025-01-30 04:53:58"}
{"level":"\u001b[32minfo\u001b[39m","message":"Assigned permission \"VIEW /dashboard/goals/assign-weekly\" to role \"COACH\".","timestamp":"2025-01-30 04:53:58"}
{"level":"\u001b[32minfo\u001b[39m","message":"Assigned permission \"ADD /dashboard/goals/assign-weekly\" to role \"COACH\".","timestamp":"2025-01-30 04:53:58"}
{"level":"\u001b[33mwarn\u001b[39m","message":"Permission \"UPDATE /dashboard/goals/assign-weekly\" not found. Skipping assignment to role \"COACH\".","timestamp":"2025-01-30 04:53:58"}
{"level":"\u001b[33mwarn\u001b[39m","message":"Permission \"DELETE /dashboard/goals/assign-weekly\" not found. Skipping assignment to role \"COACH\".","timestamp":"2025-01-30 04:53:58"}
{"level":"\u001b[32minfo\u001b[39m","message":"Assigned permission \"VIEW /dashboard/students\" to role \"COACH\".","timestamp":"2025-01-30 04:53:58"}
{"level":"\u001b[32minfo\u001b[39m","message":"Assigned permission \"VIEW /dashboard/students/list\" to role \"COACH\".","timestamp":"2025-01-30 04:53:58"}
{"level":"\u001b[32minfo\u001b[39m","message":"Assigned permission \"VIEW /dashboard/students/signups\" to role \"COACH\".","timestamp":"2025-01-30 04:53:58"}
{"level":"\u001b[32minfo\u001b[39m","message":"Assigned permission \"ADD /dashboard/students/signups\" to role \"COACH\".","timestamp":"2025-01-30 04:53:58"}
{"level":"\u001b[32minfo\u001b[39m","message":"Assigned permission \"UPDATE /dashboard/students/signups\" to role \"COACH\".","timestamp":"2025-01-30 04:53:58"}
{"level":"\u001b[32minfo\u001b[39m","message":"Assigned permission \"DELETE /dashboard/students/signups\" to role \"COACH\".","timestamp":"2025-01-30 04:53:58"}
{"level":"\u001b[32minfo\u001b[39m","message":"Assigned permission \"VIEW /dashboard/reports\" to role \"COACH\".","timestamp":"2025-01-30 04:53:58"}
{"level":"\u001b[32minfo\u001b[39m","message":"Assigned permission \"VIEW /dashboard/reports/batches\" to role \"COACH\".","timestamp":"2025-01-30 04:53:58"}
{"level":"\u001b[32minfo\u001b[39m","message":"Assigned permission \"VIEW /dashboard/reports/enrollments\" to role \"COACH\".","timestamp":"2025-01-30 04:53:58"}
{"level":"\u001b[32minfo\u001b[39m","message":"Assigned permission \"VIEW /dashboard/reports/students\" to role \"COACH\".","timestamp":"2025-01-30 04:53:58"}
{"level":"\u001b[32minfo\u001b[39m","message":"Assigned permission \"VIEW /dashboard/reports/target-goals\" to role \"COACH\".","timestamp":"2025-01-30 04:53:58"}
{"level":"\u001b[32minfo\u001b[39m","message":"Assigned permission \"VIEW /dashboard/settings/profile\" to role \"COACH\".","timestamp":"2025-01-30 04:53:58"}
{"level":"\u001b[32minfo\u001b[39m","message":"Assigned permission \"UPDATE /dashboard/settings/profile\" to role \"COACH\".","timestamp":"2025-01-30 04:53:58"}
{"level":"\u001b[32minfo\u001b[39m","message":"Assigned permission \"VIEW /dashboard/tasks\" to role \"COACH\".","timestamp":"2025-01-30 04:53:58"}
{"level":"\u001b[32minfo\u001b[39m","message":"Assigned permission \"VIEW /dashboard/tasks/quizzes\" to role \"COACH\".","timestamp":"2025-01-30 04:53:58"}
{"level":"\u001b[32minfo\u001b[39m","message":"Assigned permission \"ADD /dashboard/tasks/quizzes\" to role \"COACH\".","timestamp":"2025-01-30 04:53:58"}
{"level":"\u001b[32minfo\u001b[39m","message":"Assigned permission \"UPDATE /dashboard/tasks/quizzes\" to role \"COACH\".","timestamp":"2025-01-30 04:53:58"}
{"level":"\u001b[32minfo\u001b[39m","message":"Assigned permission \"DELETE /dashboard/tasks/quizzes\" to role \"COACH\".","timestamp":"2025-01-30 04:53:58"}
{"level":"\u001b[32minfo\u001b[39m","message":"Assigned permission \"VIEW /dashboard/calendar\" to role \"COACH\".","timestamp":"2025-01-30 04:53:58"}
{"level":"\u001b[32minfo\u001b[39m","message":"Assigned permission \"VIEW /dashboard/users\" to role \"COACH\".","timestamp":"2025-01-30 04:53:58"}
{"level":"\u001b[33mwarn\u001b[39m","message":"Permission \"ADD /dashboard/users\" not found. Skipping assignment to role \"COACH\".","timestamp":"2025-01-30 04:53:58"}
{"level":"\u001b[32minfo\u001b[39m","message":"Assigned permission \"VIEW /dashboard/users/students\" to role \"COACH\".","timestamp":"2025-01-30 04:53:58"}
{"level":"\u001b[32minfo\u001b[39m","message":"Assigned permission \"VIEW /dashboard/users/student-signups\" to role \"COACH\".","timestamp":"2025-01-30 04:53:58"}
{"level":"\u001b[32minfo\u001b[39m","message":"Assigned permission \"ADD /dashboard/users/student-signups\" to role \"COACH\".","timestamp":"2025-01-30 04:53:58"}
{"level":"\u001b[32minfo\u001b[39m","message":"Assigned permission \"UPDATE /dashboard/users/student-signups\" to role \"COACH\".","timestamp":"2025-01-30 04:53:58"}
{"level":"\u001b[32minfo\u001b[39m","message":"Assigned permission \"DELETE /dashboard/users/student-signups\" to role \"COACH\".","timestamp":"2025-01-30 04:53:58"}
{"level":"\u001b[32minfo\u001b[39m","message":"COACH permissions assigned successfully.","timestamp":"2025-01-30 04:53:58"}
{"level":"\u001b[32minfo\u001b[39m","message":"All role permissions assigned successfully.","timestamp":"2025-01-30 04:53:58"}
{"level":"\u001b[32minfo\u001b[39m","message":"System codes seeded successfully","timestamp":"2025-01-30 04:53:58"}
{"level":"\u001b[32minfo\u001b[39m","message":"Seeding process completed successfully.","timestamp":"2025-01-30 04:53:58"}
{"level":"\u001b[32minfo\u001b[39m","message":"Seed done ✅","timestamp":"2025-01-30 04:53:58"}
{"level":"\u001b[32minfo\u001b[39m","message":"Starting database automation process...","timestamp":"2025-01-30 04:53:44"}
{"level":"\u001b[32minfo\u001b[39m","message":"Starting: Resetting database","timestamp":"2025-01-30 04:53:44"}
{"level":"\u001b[32minfo\u001b[39m","message":"Completed: Resetting database","timestamp":"2025-01-30 04:53:51"}
{"level":"\u001b[32minfo\u001b[39m","message":"Starting: Generating Prisma Client","timestamp":"2025-01-30 04:53:51"}
{"level":"\u001b[32minfo\u001b[39m","message":"Completed: Generating Prisma Client","timestamp":"2025-01-30 04:53:53"}
{"level":"\u001b[32minfo\u001b[39m","message":"Starting: Pushing schema changes","timestamp":"2025-01-30 04:53:53"}
{"level":"\u001b[32minfo\u001b[39m","message":"Completed: Pushing schema changes","timestamp":"2025-01-30 04:53:57"}
{"level":"\u001b[32minfo\u001b[39m","message":"Starting: Seeding data","timestamp":"2025-01-30 04:53:57"}
{"level":"\u001b[32minfo\u001b[39m","message":"Completed: Seeding data","timestamp":"2025-01-30 04:53:58"}
{"level":"\u001b[32minfo\u001b[39m","message":"Database automation completed successfully! âœ¨","timestamp":"2025-01-30 04:53:58"}
{"level":"\u001b[32minfo\u001b[39m","message":"Roles seeded successfully","timestamp":"2025-01-30 05:22:53"}
{"level":"\u001b[32minfo\u001b[39m","message":"Permissions seeded successfully","timestamp":"2025-01-30 05:22:53"}
{"level":"\u001b[32minfo\u001b[39m","message":"Assigned permission \"VIEW /dashboard\" to role \"SUPER_ADMIN\".","timestamp":"2025-01-30 05:22:53"}
{"level":"\u001b[32minfo\u001b[39m","message":"Assigned permission \"VIEW /dashboard/academies\" to role \"SUPER_ADMIN\".","timestamp":"2025-01-30 05:22:53"}
{"level":"\u001b[32minfo\u001b[39m","message":"Assigned permission \"ADD /dashboard/academies\" to role \"SUPER_ADMIN\".","timestamp":"2025-01-30 05:22:53"}
{"level":"\u001b[32minfo\u001b[39m","message":"Assigned permission \"UPDATE /dashboard/academies\" to role \"SUPER_ADMIN\".","timestamp":"2025-01-30 05:22:53"}
{"level":"\u001b[32minfo\u001b[39m","message":"Assigned permission \"DELETE /dashboard/academies\" to role \"SUPER_ADMIN\".","timestamp":"2025-01-30 05:22:53"}
{"level":"\u001b[32minfo\u001b[39m","message":"Assigned permission \"VIEW /dashboard/invitations\" to role \"SUPER_ADMIN\".","timestamp":"2025-01-30 05:22:53"}
{"level":"\u001b[32minfo\u001b[39m","message":"Assigned permission \"VIEW /dashboard/permissions\" to role \"SUPER_ADMIN\".","timestamp":"2025-01-30 05:22:53"}
{"level":"\u001b[32minfo\u001b[39m","message":"Assigned permission \"UPDATE /dashboard/permissions\" to role \"SUPER_ADMIN\".","timestamp":"2025-01-30 05:22:53"}
{"level":"\u001b[32minfo\u001b[39m","message":"Assigned permission \"VIEW /dashboard/system-code\" to role \"SUPER_ADMIN\".","timestamp":"2025-01-30 05:22:53"}
{"level":"\u001b[32minfo\u001b[39m","message":"Assigned permission \"ADD /dashboard/system-code\" to role \"SUPER_ADMIN\".","timestamp":"2025-01-30 05:22:53"}
{"level":"\u001b[32minfo\u001b[39m","message":"Assigned permission \"VIEW /dashboard/plans\" to role \"SUPER_ADMIN\".","timestamp":"2025-01-30 05:22:53"}
{"level":"\u001b[32minfo\u001b[39m","message":"Assigned permission \"ADD /dashboard/plans\" to role \"SUPER_ADMIN\".","timestamp":"2025-01-30 05:22:53"}
{"level":"\u001b[32minfo\u001b[39m","message":"Assigned permission \"UPDATE /dashboard/plans\" to role \"SUPER_ADMIN\".","timestamp":"2025-01-30 05:22:53"}
{"level":"\u001b[32minfo\u001b[39m","message":"Assigned permission \"DELETE /dashboard/plans\" to role \"SUPER_ADMIN\".","timestamp":"2025-01-30 05:22:53"}
{"level":"\u001b[32minfo\u001b[39m","message":"Assigned permission \"VIEW /dashboard/settings\" to role \"SUPER_ADMIN\".","timestamp":"2025-01-30 05:22:53"}
{"level":"\u001b[32minfo\u001b[39m","message":"Assigned permission \"VIEW /dashboard/settings/profile\" to role \"SUPER_ADMIN\".","timestamp":"2025-01-30 05:22:53"}
{"level":"\u001b[32minfo\u001b[39m","message":"Assigned permission \"UPDATE /dashboard/settings/profile\" to role \"SUPER_ADMIN\".","timestamp":"2025-01-30 05:22:53"}
{"level":"\u001b[32minfo\u001b[39m","message":"Assigned permission \"VIEW /dashboard/platform-users\" to role \"SUPER_ADMIN\".","timestamp":"2025-01-30 05:22:53"}
{"level":"\u001b[32minfo\u001b[39m","message":"Assigned permission \"ADD /dashboard/platform-users\" to role \"SUPER_ADMIN\".","timestamp":"2025-01-30 05:22:53"}
{"level":"\u001b[32minfo\u001b[39m","message":"Assigned permission \"UPDATE /dashboard/platform-users\" to role \"SUPER_ADMIN\".","timestamp":"2025-01-30 05:22:53"}
{"level":"\u001b[32minfo\u001b[39m","message":"Assigned permission \"DELETE /dashboard/platform-users\" to role \"SUPER_ADMIN\".","timestamp":"2025-01-30 05:22:54"}
{"level":"\u001b[32minfo\u001b[39m","message":"Assigned permission \"VIEW /dashboard/system-config\" to role \"SUPER_ADMIN\".","timestamp":"2025-01-30 05:22:54"}
{"level":"\u001b[32minfo\u001b[39m","message":"Assigned permission \"ADD /dashboard/system-config\" to role \"SUPER_ADMIN\".","timestamp":"2025-01-30 05:22:54"}
{"level":"\u001b[32minfo\u001b[39m","message":"Assigned permission \"UPDATE /dashboard/system-config\" to role \"SUPER_ADMIN\".","timestamp":"2025-01-30 05:22:54"}
{"level":"\u001b[32minfo\u001b[39m","message":"Assigned permission \"DELETE /dashboard/system-config\" to role \"SUPER_ADMIN\".","timestamp":"2025-01-30 05:22:54"}
{"level":"\u001b[32minfo\u001b[39m","message":"SUPER_ADMIN permissions assigned successfully.","timestamp":"2025-01-30 05:22:54"}
{"level":"\u001b[32minfo\u001b[39m","message":"Assigned permission \"VIEW /dashboard\" to role \"ADMIN\".","timestamp":"2025-01-30 05:22:54"}
{"level":"\u001b[32minfo\u001b[39m","message":"Assigned permission \"VIEW /dashboard/batches\" to role \"ADMIN\".","timestamp":"2025-01-30 05:22:54"}
{"level":"\u001b[32minfo\u001b[39m","message":"Assigned permission \"ADD /dashboard/batches\" to role \"ADMIN\".","timestamp":"2025-01-30 05:22:54"}
{"level":"\u001b[32minfo\u001b[39m","message":"Assigned permission \"UPDATE /dashboard/batches\" to role \"ADMIN\".","timestamp":"2025-01-30 05:22:54"}
{"level":"\u001b[32minfo\u001b[39m","message":"Assigned permission \"DELETE /dashboard/batches\" to role \"ADMIN\".","timestamp":"2025-01-30 05:22:54"}
{"level":"\u001b[32minfo\u001b[39m","message":"Assigned permission \"VIEW /dashboard/users\" to role \"ADMIN\".","timestamp":"2025-01-30 05:22:54"}
{"level":"\u001b[33mwarn\u001b[39m","message":"Permission \"ADD /dashboard/users\" not found. Skipping assignment to role \"ADMIN\".","timestamp":"2025-01-30 05:22:54"}
{"level":"\u001b[33mwarn\u001b[39m","message":"Permission \"UPDATE /dashboard/users\" not found. Skipping assignment to role \"ADMIN\".","timestamp":"2025-01-30 05:22:54"}
{"level":"\u001b[33mwarn\u001b[39m","message":"Permission \"DELETE /dashboard/users\" not found. Skipping assignment to role \"ADMIN\".","timestamp":"2025-01-30 05:22:54"}
{"level":"\u001b[32minfo\u001b[39m","message":"Assigned permission \"VIEW /dashboard/calendar\" to role \"ADMIN\".","timestamp":"2025-01-30 05:22:54"}
{"level":"\u001b[32minfo\u001b[39m","message":"Assigned permission \"ADD /dashboard/calendar\" to role \"ADMIN\".","timestamp":"2025-01-30 05:22:54"}
{"level":"\u001b[32minfo\u001b[39m","message":"Assigned permission \"UPDATE /dashboard/calendar\" to role \"ADMIN\".","timestamp":"2025-01-30 05:22:54"}
{"level":"\u001b[32minfo\u001b[39m","message":"Assigned permission \"DELETE /dashboard/calendar\" to role \"ADMIN\".","timestamp":"2025-01-30 05:22:54"}
{"level":"\u001b[32minfo\u001b[39m","message":"Assigned permission \"VIEW /dashboard/communication\" to role \"ADMIN\".","timestamp":"2025-01-30 05:22:54"}
{"level":"\u001b[32minfo\u001b[39m","message":"Assigned permission \"ADD /dashboard/communication\" to role \"ADMIN\".","timestamp":"2025-01-30 05:22:54"}
{"level":"\u001b[32minfo\u001b[39m","message":"Assigned permission \"UPDATE /dashboard/communication\" to role \"ADMIN\".","timestamp":"2025-01-30 05:22:54"}
{"level":"\u001b[32minfo\u001b[39m","message":"Assigned permission \"DELETE /dashboard/communication\" to role \"ADMIN\".","timestamp":"2025-01-30 05:22:54"}
{"level":"\u001b[32minfo\u001b[39m","message":"Assigned permission \"VIEW /dashboard/goals\" to role \"ADMIN\".","timestamp":"2025-01-30 05:22:54"}
{"level":"\u001b[32minfo\u001b[39m","message":"Assigned permission \"VIEW /dashboard/goals/seasonal\" to role \"ADMIN\".","timestamp":"2025-01-30 05:22:54"}
{"level":"\u001b[32minfo\u001b[39m","message":"Assigned permission \"ADD /dashboard/goals/seasonal\" to role \"ADMIN\".","timestamp":"2025-01-30 05:22:54"}
{"level":"\u001b[32minfo\u001b[39m","message":"Assigned permission \"VIEW /dashboard/goals/monthly\" to role \"ADMIN\".","timestamp":"2025-01-30 05:22:54"}
{"level":"\u001b[32minfo\u001b[39m","message":"Assigned permission \"ADD /dashboard/goals/monthly\" to role \"ADMIN\".","timestamp":"2025-01-30 05:22:54"}
{"level":"\u001b[32minfo\u001b[39m","message":"Assigned permission \"VIEW /dashboard/goals/weekly\" to role \"ADMIN\".","timestamp":"2025-01-30 05:22:54"}
{"level":"\u001b[32minfo\u001b[39m","message":"Assigned permission \"ADD /dashboard/goals/weekly\" to role \"ADMIN\".","timestamp":"2025-01-30 05:22:54"}
{"level":"\u001b[32minfo\u001b[39m","message":"Assigned permission \"VIEW /dashboard/goals/assign-weekly\" to role \"ADMIN\".","timestamp":"2025-01-30 05:22:54"}
{"level":"\u001b[32minfo\u001b[39m","message":"Assigned permission \"ADD /dashboard/goals/assign-weekly\" to role \"ADMIN\".","timestamp":"2025-01-30 05:22:54"}
{"level":"\u001b[32minfo\u001b[39m","message":"Assigned permission \"VIEW /dashboard/website\" to role \"ADMIN\".","timestamp":"2025-01-30 05:22:54"}
{"level":"\u001b[32minfo\u001b[39m","message":"Assigned permission \"UPDATE /dashboard/website\" to role \"ADMIN\".","timestamp":"2025-01-30 05:22:54"}
{"level":"\u001b[32minfo\u001b[39m","message":"Assigned permission \"VIEW /dashboard/programs\" to role \"ADMIN\".","timestamp":"2025-01-30 05:22:54"}
{"level":"\u001b[32minfo\u001b[39m","message":"Assigned permission \"ADD /dashboard/programs\" to role \"ADMIN\".","timestamp":"2025-01-30 05:22:54"}
{"level":"\u001b[32minfo\u001b[39m","message":"Assigned permission \"UPDATE /dashboard/programs\" to role \"ADMIN\".","timestamp":"2025-01-30 05:22:54"}
{"level":"\u001b[32minfo\u001b[39m","message":"Assigned permission \"DELETE /dashboard/programs\" to role \"ADMIN\".","timestamp":"2025-01-30 05:22:54"}
{"level":"\u001b[32minfo\u001b[39m","message":"Assigned permission \"VIEW /dashboard/students/list\" to role \"ADMIN\".","timestamp":"2025-01-30 05:22:54"}
{"level":"\u001b[32minfo\u001b[39m","message":"Assigned permission \"VIEW /dashboard/students/signups\" to role \"ADMIN\".","timestamp":"2025-01-30 05:22:54"}
{"level":"\u001b[32minfo\u001b[39m","message":"Assigned permission \"ADD /dashboard/students/signups\" to role \"ADMIN\".","timestamp":"2025-01-30 05:22:54"}
{"level":"\u001b[32minfo\u001b[39m","message":"Assigned permission \"UPDATE /dashboard/students/signups\" to role \"ADMIN\".","timestamp":"2025-01-30 05:22:54"}
{"level":"\u001b[32minfo\u001b[39m","message":"Assigned permission \"DELETE /dashboard/students/signups\" to role \"ADMIN\".","timestamp":"2025-01-30 05:22:54"}
{"level":"\u001b[32minfo\u001b[39m","message":"Assigned permission \"VIEW /dashboard/reports\" to role \"ADMIN\".","timestamp":"2025-01-30 05:22:54"}
{"level":"\u001b[32minfo\u001b[39m","message":"Assigned permission \"VIEW /dashboard/reports/batches\" to role \"ADMIN\".","timestamp":"2025-01-30 05:22:54"}
{"level":"\u001b[32minfo\u001b[39m","message":"Assigned permission \"VIEW /dashboard/reports/enrollments\" to role \"ADMIN\".","timestamp":"2025-01-30 05:22:54"}
{"level":"\u001b[32minfo\u001b[39m","message":"Assigned permission \"VIEW /dashboard/reports/students\" to role \"ADMIN\".","timestamp":"2025-01-30 05:22:54"}
{"level":"\u001b[32minfo\u001b[39m","message":"Assigned permission \"VIEW /dashboard/reports/target-goals\" to role \"ADMIN\".","timestamp":"2025-01-30 05:22:54"}
{"level":"\u001b[32minfo\u001b[39m","message":"Assigned permission \"VIEW /dashboard/settings\" to role \"ADMIN\".","timestamp":"2025-01-30 05:22:54"}
{"level":"\u001b[33mwarn\u001b[39m","message":"Permission \"UPDATE /dashboard/settings\" not found. Skipping assignment to role \"ADMIN\".","timestamp":"2025-01-30 05:22:54"}
{"level":"\u001b[32minfo\u001b[39m","message":"Assigned permission \"VIEW /dashboard/settings/profile\" to role \"ADMIN\".","timestamp":"2025-01-30 05:22:54"}
{"level":"\u001b[32minfo\u001b[39m","message":"Assigned permission \"UPDATE /dashboard/settings/profile\" to role \"ADMIN\".","timestamp":"2025-01-30 05:22:54"}
{"level":"\u001b[32minfo\u001b[39m","message":"Assigned permission \"VIEW /dashboard/settings/admins\" to role \"ADMIN\".","timestamp":"2025-01-30 05:22:54"}
{"level":"\u001b[32minfo\u001b[39m","message":"Assigned permission \"UPDATE /dashboard/settings/admins\" to role \"ADMIN\".","timestamp":"2025-01-30 05:22:54"}
{"level":"\u001b[32minfo\u001b[39m","message":"Assigned permission \"VIEW /dashboard/settings/academy\" to role \"ADMIN\".","timestamp":"2025-01-30 05:22:54"}
{"level":"\u001b[32minfo\u001b[39m","message":"Assigned permission \"UPDATE /dashboard/settings/academy\" to role \"ADMIN\".","timestamp":"2025-01-30 05:22:54"}
{"level":"\u001b[32minfo\u001b[39m","message":"Assigned permission \"VIEW /dashboard/users/coaches\" to role \"ADMIN\".","timestamp":"2025-01-30 05:22:54"}
{"level":"\u001b[32minfo\u001b[39m","message":"Assigned permission \"VIEW /dashboard/users/coach-signups\" to role \"ADMIN\".","timestamp":"2025-01-30 05:22:54"}
{"level":"\u001b[32minfo\u001b[39m","message":"Assigned permission \"ADD /dashboard/users/coach-signups\" to role \"ADMIN\".","timestamp":"2025-01-30 05:22:54"}
{"level":"\u001b[32minfo\u001b[39m","message":"Assigned permission \"UPDATE /dashboard/users/coach-signups\" to role \"ADMIN\".","timestamp":"2025-01-30 05:22:54"}
{"level":"\u001b[32minfo\u001b[39m","message":"Assigned permission \"DELETE /dashboard/users/coach-signups\" to role \"ADMIN\".","timestamp":"2025-01-30 05:22:54"}
{"level":"\u001b[32minfo\u001b[39m","message":"Assigned permission \"VIEW /dashboard/users/students\" to role \"ADMIN\".","timestamp":"2025-01-30 05:22:54"}
{"level":"\u001b[32minfo\u001b[39m","message":"Assigned permission \"VIEW /dashboard/users/student-signups\" to role \"ADMIN\".","timestamp":"2025-01-30 05:22:54"}
{"level":"\u001b[32minfo\u001b[39m","message":"Assigned permission \"ADD /dashboard/users/student-signups\" to role \"ADMIN\".","timestamp":"2025-01-30 05:22:54"}
{"level":"\u001b[32minfo\u001b[39m","message":"Assigned permission \"UPDATE /dashboard/users/student-signups\" to role \"ADMIN\".","timestamp":"2025-01-30 05:22:54"}
{"level":"\u001b[32minfo\u001b[39m","message":"Assigned permission \"DELETE /dashboard/users/student-signups\" to role \"ADMIN\".","timestamp":"2025-01-30 05:22:54"}
{"level":"\u001b[32minfo\u001b[39m","message":"Assigned permission \"VIEW /dashboard/system-config\" to role \"ADMIN\".","timestamp":"2025-01-30 05:22:54"}
{"level":"\u001b[32minfo\u001b[39m","message":"ADMIN permissions assigned successfully.","timestamp":"2025-01-30 05:22:54"}
{"level":"\u001b[32minfo\u001b[39m","message":"Assigned permission \"VIEW /dashboard/goals\" to role \"COACH\".","timestamp":"2025-01-30 05:22:54"}
{"level":"\u001b[33mwarn\u001b[39m","message":"Permission \"ADD /dashboard/goals\" not found. Skipping assignment to role \"COACH\".","timestamp":"2025-01-30 05:22:54"}
{"level":"\u001b[33mwarn\u001b[39m","message":"Permission \"UPDATE /dashboard/goals\" not found. Skipping assignment to role \"COACH\".","timestamp":"2025-01-30 05:22:54"}
{"level":"\u001b[33mwarn\u001b[39m","message":"Permission \"DELETE /dashboard/goals\" not found. Skipping assignment to role \"COACH\".","timestamp":"2025-01-30 05:22:54"}
{"level":"\u001b[32minfo\u001b[39m","message":"Assigned permission \"VIEW /dashboard/goals/seasonal\" to role \"COACH\".","timestamp":"2025-01-30 05:22:54"}
{"level":"\u001b[32minfo\u001b[39m","message":"Assigned permission \"ADD /dashboard/goals/seasonal\" to role \"COACH\".","timestamp":"2025-01-30 05:22:54"}
{"level":"\u001b[33mwarn\u001b[39m","message":"Permission \"UPDATE /dashboard/goals/seasonal\" not found. Skipping assignment to role \"COACH\".","timestamp":"2025-01-30 05:22:54"}
{"level":"\u001b[33mwarn\u001b[39m","message":"Permission \"DELETE /dashboard/goals/seasonal\" not found. Skipping assignment to role \"COACH\".","timestamp":"2025-01-30 05:22:54"}
{"level":"\u001b[32minfo\u001b[39m","message":"Assigned permission \"VIEW /dashboard/goals/monthly\" to role \"COACH\".","timestamp":"2025-01-30 05:22:54"}
{"level":"\u001b[32minfo\u001b[39m","message":"Assigned permission \"ADD /dashboard/goals/monthly\" to role \"COACH\".","timestamp":"2025-01-30 05:22:54"}
{"level":"\u001b[33mwarn\u001b[39m","message":"Permission \"UPDATE /dashboard/goals/monthly\" not found. Skipping assignment to role \"COACH\".","timestamp":"2025-01-30 05:22:54"}
{"level":"\u001b[33mwarn\u001b[39m","message":"Permission \"DELETE /dashboard/goals/monthly\" not found. Skipping assignment to role \"COACH\".","timestamp":"2025-01-30 05:22:54"}
{"level":"\u001b[32minfo\u001b[39m","message":"Assigned permission \"VIEW /dashboard/goals/weekly\" to role \"COACH\".","timestamp":"2025-01-30 05:22:54"}
{"level":"\u001b[32minfo\u001b[39m","message":"Assigned permission \"ADD /dashboard/goals/weekly\" to role \"COACH\".","timestamp":"2025-01-30 05:22:54"}
{"level":"\u001b[33mwarn\u001b[39m","message":"Permission \"UPDATE /dashboard/goals/weekly\" not found. Skipping assignment to role \"COACH\".","timestamp":"2025-01-30 05:22:54"}
{"level":"\u001b[33mwarn\u001b[39m","message":"Permission \"DELETE /dashboard/goals/weekly\" not found. Skipping assignment to role \"COACH\".","timestamp":"2025-01-30 05:22:54"}
{"level":"\u001b[32minfo\u001b[39m","message":"Assigned permission \"VIEW /dashboard/goals/assign-weekly\" to role \"COACH\".","timestamp":"2025-01-30 05:22:54"}
{"level":"\u001b[32minfo\u001b[39m","message":"Assigned permission \"ADD /dashboard/goals/assign-weekly\" to role \"COACH\".","timestamp":"2025-01-30 05:22:54"}
{"level":"\u001b[33mwarn\u001b[39m","message":"Permission \"UPDATE /dashboard/goals/assign-weekly\" not found. Skipping assignment to role \"COACH\".","timestamp":"2025-01-30 05:22:54"}
{"level":"\u001b[33mwarn\u001b[39m","message":"Permission \"DELETE /dashboard/goals/assign-weekly\" not found. Skipping assignment to role \"COACH\".","timestamp":"2025-01-30 05:22:54"}
{"level":"\u001b[32minfo\u001b[39m","message":"Assigned permission \"VIEW /dashboard/students\" to role \"COACH\".","timestamp":"2025-01-30 05:22:54"}
{"level":"\u001b[32minfo\u001b[39m","message":"Assigned permission \"VIEW /dashboard/students/list\" to role \"COACH\".","timestamp":"2025-01-30 05:22:54"}
{"level":"\u001b[32minfo\u001b[39m","message":"Assigned permission \"VIEW /dashboard/students/signups\" to role \"COACH\".","timestamp":"2025-01-30 05:22:54"}
{"level":"\u001b[32minfo\u001b[39m","message":"Assigned permission \"ADD /dashboard/students/signups\" to role \"COACH\".","timestamp":"2025-01-30 05:22:54"}
{"level":"\u001b[32minfo\u001b[39m","message":"Assigned permission \"UPDATE /dashboard/students/signups\" to role \"COACH\".","timestamp":"2025-01-30 05:22:54"}
{"level":"\u001b[32minfo\u001b[39m","message":"Assigned permission \"DELETE /dashboard/students/signups\" to role \"COACH\".","timestamp":"2025-01-30 05:22:54"}
{"level":"\u001b[32minfo\u001b[39m","message":"Assigned permission \"VIEW /dashboard/reports\" to role \"COACH\".","timestamp":"2025-01-30 05:22:54"}
{"level":"\u001b[32minfo\u001b[39m","message":"Assigned permission \"VIEW /dashboard/reports/batches\" to role \"COACH\".","timestamp":"2025-01-30 05:22:54"}
{"level":"\u001b[32minfo\u001b[39m","message":"Assigned permission \"VIEW /dashboard/reports/enrollments\" to role \"COACH\".","timestamp":"2025-01-30 05:22:54"}
{"level":"\u001b[32minfo\u001b[39m","message":"Assigned permission \"VIEW /dashboard/reports/students\" to role \"COACH\".","timestamp":"2025-01-30 05:22:54"}
{"level":"\u001b[32minfo\u001b[39m","message":"Assigned permission \"VIEW /dashboard/reports/target-goals\" to role \"COACH\".","timestamp":"2025-01-30 05:22:54"}
{"level":"\u001b[32minfo\u001b[39m","message":"Assigned permission \"VIEW /dashboard/settings/profile\" to role \"COACH\".","timestamp":"2025-01-30 05:22:54"}
{"level":"\u001b[32minfo\u001b[39m","message":"Assigned permission \"UPDATE /dashboard/settings/profile\" to role \"COACH\".","timestamp":"2025-01-30 05:22:54"}
{"level":"\u001b[32minfo\u001b[39m","message":"Assigned permission \"VIEW /dashboard/tasks\" to role \"COACH\".","timestamp":"2025-01-30 05:22:54"}
{"level":"\u001b[32minfo\u001b[39m","message":"Assigned permission \"VIEW /dashboard/tasks/quizzes\" to role \"COACH\".","timestamp":"2025-01-30 05:22:54"}
{"level":"\u001b[32minfo\u001b[39m","message":"Assigned permission \"ADD /dashboard/tasks/quizzes\" to role \"COACH\".","timestamp":"2025-01-30 05:22:54"}
{"level":"\u001b[32minfo\u001b[39m","message":"Assigned permission \"UPDATE /dashboard/tasks/quizzes\" to role \"COACH\".","timestamp":"2025-01-30 05:22:54"}
{"level":"\u001b[32minfo\u001b[39m","message":"Assigned permission \"DELETE /dashboard/tasks/quizzes\" to role \"COACH\".","timestamp":"2025-01-30 05:22:54"}
{"level":"\u001b[32minfo\u001b[39m","message":"Assigned permission \"VIEW /dashboard/calendar\" to role \"COACH\".","timestamp":"2025-01-30 05:22:54"}
{"level":"\u001b[32minfo\u001b[39m","message":"Assigned permission \"VIEW /dashboard/users\" to role \"COACH\".","timestamp":"2025-01-30 05:22:54"}
{"level":"\u001b[33mwarn\u001b[39m","message":"Permission \"ADD /dashboard/users\" not found. Skipping assignment to role \"COACH\".","timestamp":"2025-01-30 05:22:54"}
{"level":"\u001b[32minfo\u001b[39m","message":"Assigned permission \"VIEW /dashboard/users/students\" to role \"COACH\".","timestamp":"2025-01-30 05:22:54"}
{"level":"\u001b[32minfo\u001b[39m","message":"Assigned permission \"VIEW /dashboard/users/student-signups\" to role \"COACH\".","timestamp":"2025-01-30 05:22:54"}
{"level":"\u001b[32minfo\u001b[39m","message":"Assigned permission \"ADD /dashboard/users/student-signups\" to role \"COACH\".","timestamp":"2025-01-30 05:22:54"}
{"level":"\u001b[32minfo\u001b[39m","message":"Assigned permission \"UPDATE /dashboard/users/student-signups\" to role \"COACH\".","timestamp":"2025-01-30 05:22:54"}
{"level":"\u001b[32minfo\u001b[39m","message":"Assigned permission \"DELETE /dashboard/users/student-signups\" to role \"COACH\".","timestamp":"2025-01-30 05:22:54"}
{"level":"\u001b[32minfo\u001b[39m","message":"Assigned permission \"VIEW /dashboard/system-config\" to role \"COACH\".","timestamp":"2025-01-30 05:22:54"}
{"level":"\u001b[32minfo\u001b[39m","message":"COACH permissions assigned successfully.","timestamp":"2025-01-30 05:22:54"}
{"level":"\u001b[32minfo\u001b[39m","message":"Assigned permission \"VIEW /dashboard\" to role \"STUDENT\".","timestamp":"2025-01-30 05:22:54"}
{"level":"\u001b[32minfo\u001b[39m","message":"Assigned permission \"VIEW /dashboard/goals\" to role \"STUDENT\".","timestamp":"2025-01-30 05:22:54"}
{"level":"\u001b[32minfo\u001b[39m","message":"Assigned permission \"VIEW /dashboard/reports\" to role \"STUDENT\".","timestamp":"2025-01-30 05:22:54"}
{"level":"\u001b[32minfo\u001b[39m","message":"Assigned permission \"VIEW /dashboard/settings/profile\" to role \"STUDENT\".","timestamp":"2025-01-30 05:22:54"}
{"level":"\u001b[32minfo\u001b[39m","message":"Assigned permission \"UPDATE /dashboard/settings/profile\" to role \"STUDENT\".","timestamp":"2025-01-30 05:22:54"}
{"level":"\u001b[32minfo\u001b[39m","message":"Assigned permission \"VIEW /dashboard/system-config\" to role \"STUDENT\".","timestamp":"2025-01-30 05:22:54"}
{"level":"\u001b[32minfo\u001b[39m","message":"STUDENT permissions assigned successfully.","timestamp":"2025-01-30 05:22:54"}
{"level":"\u001b[32minfo\u001b[39m","message":"Assigned permission \"VIEW /dashboard\" to role \"SUBSCRIBER\".","timestamp":"2025-01-30 05:22:54"}
{"level":"\u001b[32minfo\u001b[39m","message":"Assigned permission \"VIEW /dashboard/settings/profile\" to role \"SUBSCRIBER\".","timestamp":"2025-01-30 05:22:54"}
{"level":"\u001b[32minfo\u001b[39m","message":"Assigned permission \"UPDATE /dashboard/settings/profile\" to role \"SUBSCRIBER\".","timestamp":"2025-01-30 05:22:54"}
{"level":"\u001b[32minfo\u001b[39m","message":"Assigned permission \"VIEW /dashboard/system-config\" to role \"SUBSCRIBER\".","timestamp":"2025-01-30 05:22:54"}
{"level":"\u001b[32minfo\u001b[39m","message":"SUBSCRIBER permissions assigned successfully.","timestamp":"2025-01-30 05:22:54"}
{"level":"\u001b[32minfo\u001b[39m","message":"All role permissions assigned successfully.","timestamp":"2025-01-30 05:22:54"}
{"level":"\u001b[32minfo\u001b[39m","message":"System codes seeded successfully","timestamp":"2025-01-30 05:22:54"}
{"level":"\u001b[32minfo\u001b[39m","message":"System configurations seeded successfully","timestamp":"2025-01-30 05:22:54"}
{"level":"\u001b[32minfo\u001b[39m","message":"Seeding process completed successfully.","timestamp":"2025-01-30 05:22:54"}
{"level":"\u001b[32minfo\u001b[39m","message":"Seed done ✅","timestamp":"2025-01-30 05:22:54"}
{"level":"\u001b[32minfo\u001b[39m","message":"Starting database automation process...","timestamp":"2025-01-30 05:22:41"}
{"level":"\u001b[32minfo\u001b[39m","message":"Starting: Resetting database","timestamp":"2025-01-30 05:22:41"}
{"level":"\u001b[32minfo\u001b[39m","message":"Completed: Resetting database","timestamp":"2025-01-30 05:22:47"}
{"level":"\u001b[32minfo\u001b[39m","message":"Starting: Generating Prisma Client","timestamp":"2025-01-30 05:22:47"}
{"level":"\u001b[32minfo\u001b[39m","message":"Completed: Generating Prisma Client","timestamp":"2025-01-30 05:22:50"}
{"level":"\u001b[32minfo\u001b[39m","message":"Starting: Pushing schema changes","timestamp":"2025-01-30 05:22:50"}
{"level":"\u001b[32minfo\u001b[39m","message":"Completed: Pushing schema changes","timestamp":"2025-01-30 05:22:53"}
{"level":"\u001b[32minfo\u001b[39m","message":"Starting: Seeding data","timestamp":"2025-01-30 05:22:53"}
{"level":"\u001b[32minfo\u001b[39m","message":"Completed: Seeding data","timestamp":"2025-01-30 05:22:54"}
{"level":"\u001b[32minfo\u001b[39m","message":"Database automation completed successfully! âœ¨","timestamp":"2025-01-30 05:22:54"}
{"level":"info","message":"Database connection successful","timestamp":"2025-01-30 05:28:12"}
{"level":"info","message":"Server is running on port 5000","timestamp":"2025-01-30 05:28:12"}
{"level":"info","message":"Initial origins update completed","timestamp":"2025-01-30 05:28:12"}
{"level":"\u001b[32minfo\u001b[39m","message":"Ngrok tunnels started successfully!","timestamp":"2025-01-30 05:28:15"}
{"level":"\u001b[32minfo\u001b[39m","message":"Ngrok URL: https://4495-2405-201-6820-78f9-38b-42a9-a8e8-9f50.ngrok-free.app","timestamp":"2025-01-30 05:28:15"}
{"level":"info","message":"OPTIONS /api/v1/auth/login-with-password 200 0.608 ms - -","timestamp":"2025-01-30 05:29:01"}
{"level":"error","statusCode":401,"timestamp":"2025-01-30 05:29:01"}
{"level":"info","message":"POST /api/v1/auth/login-with-password 401 18.424 ms - 344","timestamp":"2025-01-30 05:29:01"}
{"level":"\u001b[32minfo\u001b[39m","message":"Superadmin created successfully","timestamp":"2025-01-30 05:29:30"}
{"level":"\u001b[32minfo\u001b[39m","message":"Default academy created successfully","timestamp":"2025-01-30 05:29:30"}
{"level":"\u001b[32minfo\u001b[39m","message":"Ngrok tunnels started successfully!","timestamp":"2025-01-30 05:29:33"}
{"level":"\u001b[32minfo\u001b[39m","message":"Ngrok URL: https://f289-2405-201-6820-78f9-38b-42a9-a8e8-9f50.ngrok-free.app","timestamp":"2025-01-30 05:29:33"}
{"level":"info","message":"Database connection successful","timestamp":"2025-01-30 05:29:34"}
{"level":"info","message":"Server is running on port 5000","timestamp":"2025-01-30 05:29:34"}
{"level":"info","message":"Initial origins update completed","timestamp":"2025-01-30 05:29:34"}
{"level":"info","message":"OPTIONS /api/v1/auth/login-with-password 200 0.734 ms - -","timestamp":"2025-01-30 05:29:35"}
{"level":"info","message":"POST /api/v1/auth/login-with-password 200 110.844 ms - 498","timestamp":"2025-01-30 05:29:35"}
{"level":"info","message":"OPTIONS /api/v1/notifications 200 0.115 ms - -","timestamp":"2025-01-30 05:29:35"}
{"level":"info","message":"OPTIONS /api/v1/dashboard 200 0.153 ms - -","timestamp":"2025-01-30 05:29:35"}
{"level":"info","message":"OPTIONS /api/v1/permission 200 0.110 ms - -","timestamp":"2025-01-30 05:29:35"}
{"level":"info","message":"GET /api/v1/notifications 304 11.244 ms - -","timestamp":"2025-01-30 05:29:35"}
{"level":"info","message":"GET /api/v1/permission 200 8.742 ms - 1349","timestamp":"2025-01-30 05:29:35"}
{"level":"info","message":"GET /api/v1/dashboard 200 23.664 ms - 115","timestamp":"2025-01-30 05:29:35"}
{"level":"info","message":"OPTIONS /api/v1/notifications 200 0.177 ms - -","timestamp":"2025-01-30 05:34:44"}
{"level":"info","message":"OPTIONS /api/v1/permission 200 0.298 ms - -","timestamp":"2025-01-30 05:34:44"}
{"level":"info","message":"GET /api/v1/permission 304 9.792 ms - -","timestamp":"2025-01-30 05:34:44"}
{"level":"info","message":"GET /api/v1/notifications 304 15.917 ms - -","timestamp":"2025-01-30 05:34:44"}
{"level":"info","message":"OPTIONS /api/v1/system-configs?page=1&limit=10&query= 200 0.125 ms - -","timestamp":"2025-01-30 05:36:49"}
{"level":"info","message":"GET /api/v1/system-configs?page=1&limit=10&query= 200 14.600 ms - 1823","timestamp":"2025-01-30 05:36:49"}
{"level":"info","message":"OPTIONS /api/v1/notifications 200 0.083 ms - -","timestamp":"2025-01-30 05:37:00"}
{"level":"info","message":"OPTIONS /api/v1/system-configs?page=1&limit=10&query= 200 0.077 ms - -","timestamp":"2025-01-30 05:37:00"}
{"level":"info","message":"OPTIONS /api/v1/permission 200 0.090 ms - -","timestamp":"2025-01-30 05:37:00"}
{"level":"info","message":"GET /api/v1/notifications 304 6.813 ms - -","timestamp":"2025-01-30 05:37:00"}
{"level":"info","message":"GET /api/v1/permission 304 8.435 ms - -","timestamp":"2025-01-30 05:37:00"}
{"level":"info","message":"GET /api/v1/system-configs?page=1&limit=10&query= 304 14.014 ms - -","timestamp":"2025-01-30 05:37:00"}
{"level":"info","message":"Database connection successful","timestamp":"2025-01-30 05:37:14"}
{"level":"info","message":"Server is running on port 5000","timestamp":"2025-01-30 05:37:14"}
{"level":"info","message":"Initial origins update completed","timestamp":"2025-01-30 05:37:14"}
{"level":"info","message":"Database connection successful","timestamp":"2025-01-30 05:37:31"}
{"level":"info","message":"Server is running on port 5000","timestamp":"2025-01-30 05:37:31"}
{"level":"info","message":"Initial origins update completed","timestamp":"2025-01-30 05:37:31"}
{"level":"info","message":"Database connection successful","timestamp":"2025-01-30 05:37:36"}
{"level":"info","message":"Server is running on port 5000","timestamp":"2025-01-30 05:37:36"}
{"level":"info","message":"Initial origins update completed","timestamp":"2025-01-30 05:37:36"}
{"level":"info","message":"OPTIONS /api/v1/notifications 200 0.933 ms - -","timestamp":"2025-01-30 05:37:38"}
{"level":"info","message":"OPTIONS /api/v1/system-configs?page=1&limit=10&query= 200 0.152 ms - -","timestamp":"2025-01-30 05:37:38"}
{"level":"info","message":"OPTIONS /api/v1/permission 200 0.085 ms - -","timestamp":"2025-01-30 05:37:38"}
{"level":"info","message":"GET /api/v1/notifications 304 20.766 ms - -","timestamp":"2025-01-30 05:37:38"}
{"level":"info","message":"GET /api/v1/system-configs?page=1&limit=10&query= 304 19.276 ms - -","timestamp":"2025-01-30 05:37:38"}
{"level":"info","message":"GET /api/v1/permission 304 17.845 ms - -","timestamp":"2025-01-30 05:37:38"}
{"level":"info","message":"Database connection successful","timestamp":"2025-01-30 05:37:49"}
{"level":"info","message":"Server is running on port 5000","timestamp":"2025-01-30 05:37:49"}
{"level":"info","message":"Initial origins update completed","timestamp":"2025-01-30 05:37:49"}
{"level":"info","message":"Database connection successful","timestamp":"2025-01-30 05:37:54"}
{"level":"info","message":"Server is running on port 5000","timestamp":"2025-01-30 05:37:54"}
{"level":"info","message":"Initial origins update completed","timestamp":"2025-01-30 05:37:54"}
{"level":"info","message":"Database connection successful","timestamp":"2025-01-30 05:38:09"}
{"level":"info","message":"Server is running on port 5000","timestamp":"2025-01-30 05:38:09"}
{"level":"info","message":"Initial origins update completed","timestamp":"2025-01-30 05:38:09"}
{"level":"info","message":"Database connection successful","timestamp":"2025-01-30 05:38:15"}
{"level":"info","message":"Server is running on port 5000","timestamp":"2025-01-30 05:38:15"}
{"level":"info","message":"Initial origins update completed","timestamp":"2025-01-30 05:38:15"}
{"level":"info","message":"OPTIONS /api/v1/notifications 200 0.820 ms - -","timestamp":"2025-01-30 05:38:17"}
{"level":"info","message":"OPTIONS /api/v1/system-configs?page=1&limit=10&query= 200 0.204 ms - -","timestamp":"2025-01-30 05:38:17"}
{"level":"info","message":"OPTIONS /api/v1/permission 200 0.263 ms - -","timestamp":"2025-01-30 05:38:17"}
{"level":"info","message":"GET /api/v1/notifications 304 17.460 ms - -","timestamp":"2025-01-30 05:38:17"}
{"level":"info","message":"GET /api/v1/permission 304 10.522 ms - -","timestamp":"2025-01-30 05:38:17"}
{"level":"info","message":"GET /api/v1/system-configs?page=1&limit=10&query= 304 16.850 ms - -","timestamp":"2025-01-30 05:38:17"}
{"level":"info","message":"Database connection successful","timestamp":"2025-01-30 05:39:49"}
{"level":"info","message":"Server is running on port 5000","timestamp":"2025-01-30 05:39:49"}
{"level":"info","message":"Initial origins update completed","timestamp":"2025-01-30 05:39:49"}
{"level":"info","message":"OPTIONS /api/v1/notifications 200 0.707 ms - -","timestamp":"2025-01-30 05:39:51"}
{"level":"info","message":"OPTIONS /api/v1/permission/roles 200 0.119 ms - -","timestamp":"2025-01-30 05:39:51"}
{"level":"info","message":"OPTIONS /api/v1/permission 200 0.209 ms - -","timestamp":"2025-01-30 05:39:51"}
{"level":"info","message":"GET /api/v1/notifications 304 14.824 ms - -","timestamp":"2025-01-30 05:39:51"}
{"level":"info","message":"GET /api/v1/permission 304 10.642 ms - -","timestamp":"2025-01-30 05:39:51"}
{"level":"info","message":"GET /api/v1/permission/roles 200 15.741 ms - 37928","timestamp":"2025-01-30 05:39:51"}
{"level":"\u001b[32minfo\u001b[39m","message":"Ngrok tunnels started successfully!","timestamp":"2025-01-30 05:39:53"}
{"level":"\u001b[32minfo\u001b[39m","message":"Ngrok URL: https://2c2d-2405-201-6820-78f9-38b-42a9-a8e8-9f50.ngrok-free.app","timestamp":"2025-01-30 05:39:53"}
{"level":"info","message":"OPTIONS /api/v1/system-configs?page=1&limit=10&query= 200 0.133 ms - -","timestamp":"2025-01-30 05:40:03"}
{"level":"info","message":"GET /api/v1/system-configs?page=1&limit=10&query= 304 19.698 ms - -","timestamp":"2025-01-30 05:40:03"}
{"level":"info","message":"Database connection successful","timestamp":"2025-01-30 05:40:18"}
{"level":"info","message":"Server is running on port 5000","timestamp":"2025-01-30 05:40:18"}
{"level":"info","message":"Initial origins update completed","timestamp":"2025-01-30 05:40:18"}
{"level":"info","message":"OPTIONS /api/v1/notifications 200 0.663 ms - -","timestamp":"2025-01-30 05:40:21"}
{"level":"info","message":"OPTIONS /api/v1/system-configs?page=1&limit=10&query= 200 0.129 ms - -","timestamp":"2025-01-30 05:40:21"}
{"level":"info","message":"OPTIONS /api/v1/permission 200 0.266 ms - -","timestamp":"2025-01-30 05:40:21"}
{"level":"info","message":"GET /api/v1/notifications 304 16.931 ms - -","timestamp":"2025-01-30 05:40:21"}
{"level":"info","message":"GET /api/v1/permission 304 10.654 ms - -","timestamp":"2025-01-30 05:40:21"}
{"level":"info","message":"GET /api/v1/system-configs?page=1&limit=10&query= 304 18.632 ms - -","timestamp":"2025-01-30 05:40:21"}
{"level":"info","message":"Database connection successful","timestamp":"2025-01-30 05:40:27"}
{"level":"info","message":"Server is running on port 5000","timestamp":"2025-01-30 05:40:27"}
{"level":"info","message":"Initial origins update completed","timestamp":"2025-01-30 05:40:27"}
{"level":"info","message":"Database connection successful","timestamp":"2025-01-30 05:40:41"}
{"level":"info","message":"Server is running on port 5000","timestamp":"2025-01-30 05:40:41"}
{"level":"info","message":"Initial origins update completed","timestamp":"2025-01-30 05:40:41"}
{"level":"info","message":"OPTIONS /api/v1/notifications 200 0.672 ms - -","timestamp":"2025-01-30 05:40:42"}
{"level":"info","message":"OPTIONS /api/v1/system-configs?page=1&limit=10&query= 200 0.209 ms - -","timestamp":"2025-01-30 05:40:42"}
{"level":"info","message":"OPTIONS /api/v1/permission 200 0.280 ms - -","timestamp":"2025-01-30 05:40:42"}
{"level":"info","message":"GET /api/v1/notifications 304 22.715 ms - -","timestamp":"2025-01-30 05:40:42"}
{"level":"info","message":"GET /api/v1/permission 304 13.169 ms - -","timestamp":"2025-01-30 05:40:42"}
{"level":"info","message":"GET /api/v1/system-configs?page=1&limit=10&query= 304 25.732 ms - -","timestamp":"2025-01-30 05:40:42"}
{"level":"info","message":"Database connection successful","timestamp":"2025-01-30 05:40:46"}
{"level":"info","message":"Server is running on port 5000","timestamp":"2025-01-30 05:40:46"}
{"level":"info","message":"Initial origins update completed","timestamp":"2025-01-30 05:40:46"}
{"level":"info","message":"Database connection successful","timestamp":"2025-01-30 05:40:56"}
{"level":"info","message":"Server is running on port 5000","timestamp":"2025-01-30 05:40:56"}
{"level":"info","message":"Initial origins update completed","timestamp":"2025-01-30 05:40:56"}
{"level":"info","message":"OPTIONS /api/v1/notifications 200 0.799 ms - -","timestamp":"2025-01-30 05:40:58"}
{"level":"info","message":"OPTIONS /api/v1/system-configs?page=1&limit=10&query= 200 0.216 ms - -","timestamp":"2025-01-30 05:40:58"}
{"level":"info","message":"OPTIONS /api/v1/permission 200 0.275 ms - -","timestamp":"2025-01-30 05:40:58"}
{"level":"info","message":"GET /api/v1/notifications 304 21.611 ms - -","timestamp":"2025-01-30 05:40:58"}
{"level":"info","message":"GET /api/v1/permission 304 14.804 ms - -","timestamp":"2025-01-30 05:40:58"}
{"level":"info","message":"GET /api/v1/system-configs?page=1&limit=10&query= 304 22.114 ms - -","timestamp":"2025-01-30 05:40:58"}
{"level":"info","message":"Database connection successful","timestamp":"2025-01-30 05:41:08"}
{"level":"info","message":"Server is running on port 5000","timestamp":"2025-01-30 05:41:08"}
{"level":"info","message":"Initial origins update completed","timestamp":"2025-01-30 05:41:08"}
{"level":"info","message":"Database connection successful","timestamp":"2025-01-30 05:41:27"}
{"level":"info","message":"Server is running on port 5000","timestamp":"2025-01-30 05:41:27"}
{"level":"info","message":"Initial origins update completed","timestamp":"2025-01-30 05:41:27"}
{"level":"info","message":"OPTIONS /api/v1/notifications 200 0.685 ms - -","timestamp":"2025-01-30 05:41:30"}
{"level":"info","message":"OPTIONS /api/v1/system-configs?page=1&limit=10&query= 200 0.178 ms - -","timestamp":"2025-01-30 05:41:30"}
{"level":"info","message":"OPTIONS /api/v1/permission 200 0.109 ms - -","timestamp":"2025-01-30 05:41:30"}
{"level":"info","message":"GET /api/v1/notifications 304 19.582 ms - -","timestamp":"2025-01-30 05:41:30"}
{"level":"info","message":"GET /api/v1/permission 304 15.283 ms - -","timestamp":"2025-01-30 05:41:30"}
{"level":"info","message":"GET /api/v1/system-configs?page=1&limit=10&query= 304 19.167 ms - -","timestamp":"2025-01-30 05:41:30"}
{"level":"info","message":"Database connection successful","timestamp":"2025-01-30 05:41:35"}
{"level":"info","message":"Server is running on port 5000","timestamp":"2025-01-30 05:41:35"}
{"level":"info","message":"Initial origins update completed","timestamp":"2025-01-30 05:41:35"}
{"level":"info","message":"Database connection successful","timestamp":"2025-01-30 05:41:46"}
{"level":"info","message":"Server is running on port 5000","timestamp":"2025-01-30 05:41:46"}
{"level":"info","message":"Initial origins update completed","timestamp":"2025-01-30 05:41:46"}
{"level":"info","message":"OPTIONS /api/v1/notifications 200 0.982 ms - -","timestamp":"2025-01-30 05:41:53"}
{"level":"info","message":"OPTIONS /api/v1/system-configs?page=1&limit=10&query= 200 0.201 ms - -","timestamp":"2025-01-30 05:41:53"}
{"level":"info","message":"OPTIONS /api/v1/permission 200 0.136 ms - -","timestamp":"2025-01-30 05:41:53"}
{"level":"info","message":"GET /api/v1/notifications 304 19.009 ms - -","timestamp":"2025-01-30 05:41:53"}
{"level":"info","message":"GET /api/v1/permission 304 15.986 ms - -","timestamp":"2025-01-30 05:41:53"}
{"level":"info","message":"GET /api/v1/system-configs?page=1&limit=10&query= 304 21.078 ms - -","timestamp":"2025-01-30 05:41:53"}
{"level":"info","message":"Database connection successful","timestamp":"2025-01-30 05:42:14"}
{"level":"info","message":"Server is running on port 5000","timestamp":"2025-01-30 05:42:14"}
{"level":"info","message":"Initial origins update completed","timestamp":"2025-01-30 05:42:14"}
{"level":"info","message":"OPTIONS /api/v1/notifications 200 0.650 ms - -","timestamp":"2025-01-30 05:42:15"}
{"level":"info","message":"OPTIONS /api/v1/system-configs?page=1&limit=10&query= 200 0.345 ms - -","timestamp":"2025-01-30 05:42:15"}
{"level":"info","message":"OPTIONS /api/v1/permission 200 0.250 ms - -","timestamp":"2025-01-30 05:42:15"}
{"level":"info","message":"GET /api/v1/notifications 304 19.116 ms - -","timestamp":"2025-01-30 05:42:15"}
{"level":"info","message":"GET /api/v1/permission 304 14.269 ms - -","timestamp":"2025-01-30 05:42:15"}
{"level":"info","message":"GET /api/v1/system-configs?page=1&limit=10&query= 304 20.033 ms - -","timestamp":"2025-01-30 05:42:15"}
{"level":"info","message":"Database connection successful","timestamp":"2025-01-30 05:42:22"}
{"level":"info","message":"Server is running on port 5000","timestamp":"2025-01-30 05:42:22"}
{"level":"info","message":"Initial origins update completed","timestamp":"2025-01-30 05:42:22"}
{"level":"info","message":"Database connection successful","timestamp":"2025-01-30 05:42:27"}
{"level":"info","message":"Server is running on port 5000","timestamp":"2025-01-30 05:42:27"}
{"level":"info","message":"Initial origins update completed","timestamp":"2025-01-30 05:42:27"}
{"level":"info","message":"OPTIONS /api/v1/system-configs 200 0.623 ms - -","timestamp":"2025-01-30 05:42:49"}
{"level":"info","message":"Database connection successful","timestamp":"2025-01-30 05:43:32"}
{"level":"info","message":"Server is running on port 5000","timestamp":"2025-01-30 05:43:32"}
{"level":"info","message":"Initial origins update completed","timestamp":"2025-01-30 05:43:32"}
{"level":"info","message":"OPTIONS /api/v1/system-configs 200 0.602 ms - -","timestamp":"2025-01-30 05:43:34"}
{"level":"info","message":"Database connection successful","timestamp":"2025-01-30 05:43:55"}
{"level":"info","message":"Server is running on port 5000","timestamp":"2025-01-30 05:43:55"}
{"level":"info","message":"Initial origins update completed","timestamp":"2025-01-30 05:43:55"}
{"level":"info","message":"Database connection successful","timestamp":"2025-01-30 05:44:00"}
{"level":"info","message":"Server is running on port 5000","timestamp":"2025-01-30 05:44:00"}
{"level":"info","message":"Initial origins update completed","timestamp":"2025-01-30 05:44:00"}
{"level":"info","message":"OPTIONS /api/v1/system-configs 200 0.759 ms - -","timestamp":"2025-01-30 05:44:03"}
{"level":"info","message":"Database connection successful","timestamp":"2025-01-30 05:45:44"}
{"level":"info","message":"Server is running on port 5000","timestamp":"2025-01-30 05:45:44"}
{"level":"info","message":"Initial origins update completed","timestamp":"2025-01-30 05:45:44"}
{"level":"\u001b[32minfo\u001b[39m","message":"Ngrok tunnels started successfully!","timestamp":"2025-01-30 05:45:48"}
{"level":"\u001b[32minfo\u001b[39m","message":"Ngrok URL: https://41e6-2405-201-6820-78f9-38b-42a9-a8e8-9f50.ngrok-free.app","timestamp":"2025-01-30 05:45:48"}
{"level":"info","message":"OPTIONS /api/v1/notifications 200 0.891 ms - -","timestamp":"2025-01-30 05:45:49"}
{"level":"info","message":"OPTIONS /api/v1/system-configs?page=1&limit=10&query= 200 0.337 ms - -","timestamp":"2025-01-30 05:45:49"}
{"level":"info","message":"OPTIONS /api/v1/permission 200 0.334 ms - -","timestamp":"2025-01-30 05:45:49"}
{"level":"info","message":"GET /api/v1/notifications 304 17.911 ms - -","timestamp":"2025-01-30 05:45:49"}
{"level":"info","message":"GET /api/v1/permission 304 11.254 ms - -","timestamp":"2025-01-30 05:45:49"}
{"level":"info","message":"GET /api/v1/system-configs?page=1&limit=10&query= 200 26.067 ms - 2902","timestamp":"2025-01-30 05:45:49"}
{"level":"info","message":"OPTIONS /api/v1/system-configs/df278d76-81bd-4d79-be74-212fbce97713 200 0.082 ms - -","timestamp":"2025-01-30 05:46:20"}
{"level":"info","message":"PUT /api/v1/system-configs/df278d76-81bd-4d79-be74-212fbce97713 200 73.366 ms - 286","timestamp":"2025-01-30 05:46:20"}
{"level":"info","message":"OPTIONS /api/v1/system-configs?page=1&limit=10&query= 200 0.139 ms - -","timestamp":"2025-01-30 05:46:20"}
{"level":"info","message":"GET /api/v1/system-configs?page=1&limit=10&query= 200 13.990 ms - 2904","timestamp":"2025-01-30 05:46:20"}
{"level":"info","message":"OPTIONS /api/v1/system-configs/b7fb27b4-43a1-4b8f-bdb5-66643185dbaa 200 0.134 ms - -","timestamp":"2025-01-30 05:46:28"}
{"level":"info","message":"PUT /api/v1/system-configs/b7fb27b4-43a1-4b8f-bdb5-66643185dbaa 200 16.951 ms - 289","timestamp":"2025-01-30 05:46:28"}
{"level":"info","message":"OPTIONS /api/v1/system-configs?page=1&limit=10&query= 200 0.150 ms - -","timestamp":"2025-01-30 05:46:28"}
{"level":"info","message":"GET /api/v1/system-configs?page=1&limit=10&query= 200 13.746 ms - 2906","timestamp":"2025-01-30 05:46:28"}
{"level":"info","message":"OPTIONS /api/v1/system-configs/b7fb27b4-43a1-4b8f-bdb5-66643185dbaa 200 0.086 ms - -","timestamp":"2025-01-30 05:46:37"}
{"level":"info","message":"PUT /api/v1/system-configs/b7fb27b4-43a1-4b8f-bdb5-66643185dbaa 200 18.789 ms - 289","timestamp":"2025-01-30 05:46:37"}
{"level":"info","message":"OPTIONS /api/v1/system-configs?page=1&limit=10&query= 200 0.160 ms - -","timestamp":"2025-01-30 05:46:37"}
{"level":"info","message":"GET /api/v1/system-configs?page=1&limit=10&query= 200 9.252 ms - 2906","timestamp":"2025-01-30 05:46:37"}
{"level":"info","message":"OPTIONS /api/v1/system-configs/b7fb27b4-43a1-4b8f-bdb5-66643185dbaa 200 0.099 ms - -","timestamp":"2025-01-30 05:46:44"}
{"level":"info","message":"PUT /api/v1/system-configs/b7fb27b4-43a1-4b8f-bdb5-66643185dbaa 200 18.314 ms - 289","timestamp":"2025-01-30 05:46:44"}
{"level":"info","message":"OPTIONS /api/v1/system-configs?page=1&limit=10&query= 200 0.142 ms - -","timestamp":"2025-01-30 05:46:44"}
{"level":"info","message":"GET /api/v1/system-configs?page=1&limit=10&query= 200 9.387 ms - 2906","timestamp":"2025-01-30 05:46:44"}
{"level":"info","message":"OPTIONS /api/v1/system-configs?page=1&limit=10&query=adas 200 0.130 ms - -","timestamp":"2025-01-30 05:46:49"}
{"level":"info","message":"GET /api/v1/system-configs?page=1&limit=10&query=adas 200 12.694 ms - 2906","timestamp":"2025-01-30 05:46:49"}
{"level":"info","message":"Database connection successful","timestamp":"2025-01-30 05:49:32"}
{"level":"info","message":"Server is running on port 5000","timestamp":"2025-01-30 05:49:32"}
{"level":"info","message":"Initial origins update completed","timestamp":"2025-01-30 05:49:32"}
{"level":"info","message":"Database connection successful","timestamp":"2025-01-30 05:49:34"}
{"level":"info","message":"Server is running on port 5000","timestamp":"2025-01-30 05:49:34"}
{"level":"info","message":"Initial origins update completed","timestamp":"2025-01-30 05:49:34"}
{"level":"info","message":"OPTIONS /api/v1/system-configs/b7fb27b4-43a1-4b8f-bdb5-66643185dbaa 200 0.790 ms - -","timestamp":"2025-01-30 05:49:49"}
{"level":"info","message":"PUT /api/v1/system-configs/b7fb27b4-43a1-4b8f-bdb5-66643185dbaa 200 31.783 ms - 287","timestamp":"2025-01-30 05:49:49"}
{"level":"info","message":"OPTIONS /api/v1/system-configs?page=1&limit=10&query= 200 0.092 ms - -","timestamp":"2025-01-30 05:49:49"}
{"level":"info","message":"GET /api/v1/system-configs?page=1&limit=10&query= 200 13.411 ms - 2904","timestamp":"2025-01-30 05:49:49"}
{"level":"info","message":"OPTIONS /api/v1/system-configs/df278d76-81bd-4d79-be74-212fbce97713 200 0.094 ms - -","timestamp":"2025-01-30 05:49:53"}
{"level":"info","message":"PUT /api/v1/system-configs/df278d76-81bd-4d79-be74-212fbce97713 200 19.160 ms - 284","timestamp":"2025-01-30 05:49:54"}
{"level":"info","message":"GET /api/v1/system-configs?page=1&limit=10&query= 200 12.365 ms - 2902","timestamp":"2025-01-30 05:49:54"}
{"level":"info","message":"OPTIONS /api/v1/notifications 200 0.094 ms - -","timestamp":"2025-01-30 05:50:23"}
{"level":"info","message":"OPTIONS /api/v1/system-configs?page=1&limit=10&query= 200 0.130 ms - -","timestamp":"2025-01-30 05:50:23"}
{"level":"info","message":"OPTIONS /api/v1/permission 200 0.325 ms - -","timestamp":"2025-01-30 05:50:23"}
{"level":"info","message":"GET /api/v1/notifications 304 12.440 ms - -","timestamp":"2025-01-30 05:50:23"}
{"level":"info","message":"GET /api/v1/permission 304 9.787 ms - -","timestamp":"2025-01-30 05:50:23"}
{"level":"info","message":"GET /api/v1/system-configs?page=1&limit=10&query= 304 16.634 ms - -","timestamp":"2025-01-30 05:50:23"}
{"level":"info","message":"OPTIONS /api/v1/system-configs/df278d76-81bd-4d79-be74-212fbce97713 200 0.078 ms - -","timestamp":"2025-01-30 05:50:24"}
{"level":"info","message":"PUT /api/v1/system-configs/df278d76-81bd-4d79-be74-212fbce97713 200 16.140 ms - 285","timestamp":"2025-01-30 05:50:24"}
{"level":"info","message":"GET /api/v1/system-configs?page=1&limit=10&query= 200 11.859 ms - 2903","timestamp":"2025-01-30 05:50:24"}
{"level":"info","message":"GET /api/v1/notifications 304 9.827 ms - -","timestamp":"2025-01-30 05:50:27"}
{"level":"info","message":"GET /api/v1/permission 304 11.475 ms - -","timestamp":"2025-01-30 05:50:27"}
{"level":"info","message":"GET /api/v1/system-configs?page=1&limit=10&query= 304 23.973 ms - -","timestamp":"2025-01-30 05:50:27"}
{"level":"info","message":"PUT /api/v1/system-configs/df278d76-81bd-4d79-be74-212fbce97713 200 25.467 ms - 284","timestamp":"2025-01-30 05:50:29"}
{"level":"info","message":"OPTIONS /api/v1/system-configs?page=1&limit=10&query= 200 0.084 ms - -","timestamp":"2025-01-30 05:50:29"}
{"level":"info","message":"GET /api/v1/system-configs?page=1&limit=10&query= 200 10.140 ms - 2902","timestamp":"2025-01-30 05:50:29"}
{"level":"info","message":"OPTIONS /api/v1/notifications 200 0.092 ms - -","timestamp":"2025-01-30 05:50:31"}
{"level":"info","message":"GET /api/v1/notifications 304 4.297 ms - -","timestamp":"2025-01-30 05:50:31"}
{"level":"info","message":"GET /api/v1/system-configs?page=1&limit=10&query= 304 10.133 ms - -","timestamp":"2025-01-30 05:50:31"}
{"level":"info","message":"OPTIONS /api/v1/permission 200 0.127 ms - -","timestamp":"2025-01-30 05:50:31"}
{"level":"info","message":"GET /api/v1/permission 304 6.335 ms - -","timestamp":"2025-01-30 05:50:31"}
{"level":"info","message":"OPTIONS /api/v1/system-configs/df278d76-81bd-4d79-be74-212fbce97713 200 0.081 ms - -","timestamp":"2025-01-30 05:51:00"}
{"level":"info","message":"PUT /api/v1/system-configs/df278d76-81bd-4d79-be74-212fbce97713 200 20.080 ms - 284","timestamp":"2025-01-30 05:51:00"}
{"level":"info","message":"OPTIONS /api/v1/system-configs?page=1&limit=10&query= 200 0.090 ms - -","timestamp":"2025-01-30 05:51:00"}
{"level":"info","message":"GET /api/v1/system-configs?page=1&limit=10&query= 200 11.289 ms - 2902","timestamp":"2025-01-30 05:51:00"}
{"level":"info","message":"OPTIONS /api/v1/notifications 200 0.110 ms - -","timestamp":"2025-01-30 05:51:02"}
{"level":"info","message":"OPTIONS /api/v1/permission 200 0.102 ms - -","timestamp":"2025-01-30 05:51:02"}
{"level":"info","message":"GET /api/v1/notifications 304 7.109 ms - -","timestamp":"2025-01-30 05:51:02"}
{"level":"info","message":"GET /api/v1/system-configs?page=1&limit=10&query= 304 17.970 ms - -","timestamp":"2025-01-30 05:51:02"}
{"level":"info","message":"GET /api/v1/permission 304 7.331 ms - -","timestamp":"2025-01-30 05:51:02"}
{"level":"\u001b[32minfo\u001b[39m","message":"Roles seeded successfully","timestamp":"2025-01-30 05:52:59"}
{"level":"\u001b[32minfo\u001b[39m","message":"Permissions seeded successfully","timestamp":"2025-01-30 05:53:00"}
{"level":"\u001b[32minfo\u001b[39m","message":"Assigned permission \"VIEW /dashboard\" to role \"SUPER_ADMIN\".","timestamp":"2025-01-30 05:53:00"}
{"level":"\u001b[32minfo\u001b[39m","message":"Assigned permission \"VIEW /dashboard/academies\" to role \"SUPER_ADMIN\".","timestamp":"2025-01-30 05:53:00"}
{"level":"\u001b[32minfo\u001b[39m","message":"Assigned permission \"ADD /dashboard/academies\" to role \"SUPER_ADMIN\".","timestamp":"2025-01-30 05:53:00"}
{"level":"\u001b[32minfo\u001b[39m","message":"Assigned permission \"UPDATE /dashboard/academies\" to role \"SUPER_ADMIN\".","timestamp":"2025-01-30 05:53:00"}
{"level":"\u001b[32minfo\u001b[39m","message":"Assigned permission \"DELETE /dashboard/academies\" to role \"SUPER_ADMIN\".","timestamp":"2025-01-30 05:53:00"}
{"level":"\u001b[32minfo\u001b[39m","message":"Assigned permission \"VIEW /dashboard/invitations\" to role \"SUPER_ADMIN\".","timestamp":"2025-01-30 05:53:00"}
{"level":"\u001b[32minfo\u001b[39m","message":"Assigned permission \"VIEW /dashboard/permissions\" to role \"SUPER_ADMIN\".","timestamp":"2025-01-30 05:53:00"}
{"level":"\u001b[32minfo\u001b[39m","message":"Assigned permission \"UPDATE /dashboard/permissions\" to role \"SUPER_ADMIN\".","timestamp":"2025-01-30 05:53:00"}
{"level":"\u001b[32minfo\u001b[39m","message":"Assigned permission \"VIEW /dashboard/system-code\" to role \"SUPER_ADMIN\".","timestamp":"2025-01-30 05:53:00"}
{"level":"\u001b[32minfo\u001b[39m","message":"Assigned permission \"ADD /dashboard/system-code\" to role \"SUPER_ADMIN\".","timestamp":"2025-01-30 05:53:00"}
{"level":"\u001b[32minfo\u001b[39m","message":"Assigned permission \"VIEW /dashboard/plans\" to role \"SUPER_ADMIN\".","timestamp":"2025-01-30 05:53:00"}
{"level":"\u001b[32minfo\u001b[39m","message":"Assigned permission \"ADD /dashboard/plans\" to role \"SUPER_ADMIN\".","timestamp":"2025-01-30 05:53:00"}
{"level":"\u001b[32minfo\u001b[39m","message":"Assigned permission \"UPDATE /dashboard/plans\" to role \"SUPER_ADMIN\".","timestamp":"2025-01-30 05:53:00"}
{"level":"\u001b[32minfo\u001b[39m","message":"Assigned permission \"DELETE /dashboard/plans\" to role \"SUPER_ADMIN\".","timestamp":"2025-01-30 05:53:00"}
{"level":"\u001b[32minfo\u001b[39m","message":"Assigned permission \"VIEW /dashboard/settings\" to role \"SUPER_ADMIN\".","timestamp":"2025-01-30 05:53:00"}
{"level":"\u001b[32minfo\u001b[39m","message":"Assigned permission \"VIEW /dashboard/settings/profile\" to role \"SUPER_ADMIN\".","timestamp":"2025-01-30 05:53:00"}
{"level":"\u001b[32minfo\u001b[39m","message":"Assigned permission \"UPDATE /dashboard/settings/profile\" to role \"SUPER_ADMIN\".","timestamp":"2025-01-30 05:53:00"}
{"level":"\u001b[32minfo\u001b[39m","message":"Assigned permission \"VIEW /dashboard/platform-users\" to role \"SUPER_ADMIN\".","timestamp":"2025-01-30 05:53:00"}
{"level":"\u001b[32minfo\u001b[39m","message":"Assigned permission \"ADD /dashboard/platform-users\" to role \"SUPER_ADMIN\".","timestamp":"2025-01-30 05:53:00"}
{"level":"\u001b[32minfo\u001b[39m","message":"Assigned permission \"UPDATE /dashboard/platform-users\" to role \"SUPER_ADMIN\".","timestamp":"2025-01-30 05:53:00"}
{"level":"\u001b[32minfo\u001b[39m","message":"Assigned permission \"DELETE /dashboard/platform-users\" to role \"SUPER_ADMIN\".","timestamp":"2025-01-30 05:53:00"}
{"level":"\u001b[32minfo\u001b[39m","message":"Assigned permission \"VIEW /dashboard/system-config\" to role \"SUPER_ADMIN\".","timestamp":"2025-01-30 05:53:00"}
{"level":"\u001b[32minfo\u001b[39m","message":"Assigned permission \"ADD /dashboard/system-config\" to role \"SUPER_ADMIN\".","timestamp":"2025-01-30 05:53:00"}
{"level":"\u001b[32minfo\u001b[39m","message":"Assigned permission \"UPDATE /dashboard/system-config\" to role \"SUPER_ADMIN\".","timestamp":"2025-01-30 05:53:00"}
{"level":"\u001b[32minfo\u001b[39m","message":"Assigned permission \"DELETE /dashboard/system-config\" to role \"SUPER_ADMIN\".","timestamp":"2025-01-30 05:53:00"}
{"level":"\u001b[32minfo\u001b[39m","message":"SUPER_ADMIN permissions assigned successfully.","timestamp":"2025-01-30 05:53:00"}
{"level":"\u001b[32minfo\u001b[39m","message":"Assigned permission \"VIEW /dashboard\" to role \"ADMIN\".","timestamp":"2025-01-30 05:53:00"}
{"level":"\u001b[32minfo\u001b[39m","message":"Assigned permission \"VIEW /dashboard/batches\" to role \"ADMIN\".","timestamp":"2025-01-30 05:53:00"}
{"level":"\u001b[32minfo\u001b[39m","message":"Assigned permission \"ADD /dashboard/batches\" to role \"ADMIN\".","timestamp":"2025-01-30 05:53:00"}
{"level":"\u001b[32minfo\u001b[39m","message":"Assigned permission \"UPDATE /dashboard/batches\" to role \"ADMIN\".","timestamp":"2025-01-30 05:53:00"}
{"level":"\u001b[32minfo\u001b[39m","message":"Assigned permission \"DELETE /dashboard/batches\" to role \"ADMIN\".","timestamp":"2025-01-30 05:53:00"}
{"level":"\u001b[32minfo\u001b[39m","message":"Assigned permission \"VIEW /dashboard/users\" to role \"ADMIN\".","timestamp":"2025-01-30 05:53:00"}
{"level":"\u001b[33mwarn\u001b[39m","message":"Permission \"ADD /dashboard/users\" not found. Skipping assignment to role \"ADMIN\".","timestamp":"2025-01-30 05:53:00"}
{"level":"\u001b[33mwarn\u001b[39m","message":"Permission \"UPDATE /dashboard/users\" not found. Skipping assignment to role \"ADMIN\".","timestamp":"2025-01-30 05:53:00"}
{"level":"\u001b[33mwarn\u001b[39m","message":"Permission \"DELETE /dashboard/users\" not found. Skipping assignment to role \"ADMIN\".","timestamp":"2025-01-30 05:53:00"}
{"level":"\u001b[32minfo\u001b[39m","message":"Assigned permission \"VIEW /dashboard/calendar\" to role \"ADMIN\".","timestamp":"2025-01-30 05:53:00"}
{"level":"\u001b[32minfo\u001b[39m","message":"Assigned permission \"ADD /dashboard/calendar\" to role \"ADMIN\".","timestamp":"2025-01-30 05:53:00"}
{"level":"\u001b[32minfo\u001b[39m","message":"Assigned permission \"UPDATE /dashboard/calendar\" to role \"ADMIN\".","timestamp":"2025-01-30 05:53:00"}
{"level":"\u001b[32minfo\u001b[39m","message":"Assigned permission \"DELETE /dashboard/calendar\" to role \"ADMIN\".","timestamp":"2025-01-30 05:53:00"}
{"level":"\u001b[32minfo\u001b[39m","message":"Assigned permission \"VIEW /dashboard/communication\" to role \"ADMIN\".","timestamp":"2025-01-30 05:53:00"}
{"level":"\u001b[32minfo\u001b[39m","message":"Assigned permission \"ADD /dashboard/communication\" to role \"ADMIN\".","timestamp":"2025-01-30 05:53:00"}
{"level":"\u001b[32minfo\u001b[39m","message":"Assigned permission \"UPDATE /dashboard/communication\" to role \"ADMIN\".","timestamp":"2025-01-30 05:53:00"}
{"level":"\u001b[32minfo\u001b[39m","message":"Assigned permission \"DELETE /dashboard/communication\" to role \"ADMIN\".","timestamp":"2025-01-30 05:53:00"}
{"level":"\u001b[32minfo\u001b[39m","message":"Assigned permission \"VIEW /dashboard/goals\" to role \"ADMIN\".","timestamp":"2025-01-30 05:53:00"}
{"level":"\u001b[32minfo\u001b[39m","message":"Assigned permission \"VIEW /dashboard/goals/seasonal\" to role \"ADMIN\".","timestamp":"2025-01-30 05:53:00"}
{"level":"\u001b[32minfo\u001b[39m","message":"Assigned permission \"ADD /dashboard/goals/seasonal\" to role \"ADMIN\".","timestamp":"2025-01-30 05:53:00"}
{"level":"\u001b[32minfo\u001b[39m","message":"Assigned permission \"VIEW /dashboard/goals/monthly\" to role \"ADMIN\".","timestamp":"2025-01-30 05:53:00"}
{"level":"\u001b[32minfo\u001b[39m","message":"Assigned permission \"ADD /dashboard/goals/monthly\" to role \"ADMIN\".","timestamp":"2025-01-30 05:53:00"}
{"level":"\u001b[32minfo\u001b[39m","message":"Assigned permission \"VIEW /dashboard/goals/weekly\" to role \"ADMIN\".","timestamp":"2025-01-30 05:53:00"}
{"level":"\u001b[32minfo\u001b[39m","message":"Assigned permission \"ADD /dashboard/goals/weekly\" to role \"ADMIN\".","timestamp":"2025-01-30 05:53:00"}
{"level":"\u001b[32minfo\u001b[39m","message":"Assigned permission \"VIEW /dashboard/goals/assign-weekly\" to role \"ADMIN\".","timestamp":"2025-01-30 05:53:00"}
{"level":"\u001b[32minfo\u001b[39m","message":"Assigned permission \"ADD /dashboard/goals/assign-weekly\" to role \"ADMIN\".","timestamp":"2025-01-30 05:53:00"}
{"level":"\u001b[32minfo\u001b[39m","message":"Assigned permission \"VIEW /dashboard/website\" to role \"ADMIN\".","timestamp":"2025-01-30 05:53:00"}
{"level":"\u001b[32minfo\u001b[39m","message":"Assigned permission \"UPDATE /dashboard/website\" to role \"ADMIN\".","timestamp":"2025-01-30 05:53:00"}
{"level":"\u001b[32minfo\u001b[39m","message":"Assigned permission \"VIEW /dashboard/programs\" to role \"ADMIN\".","timestamp":"2025-01-30 05:53:00"}
{"level":"\u001b[32minfo\u001b[39m","message":"Assigned permission \"ADD /dashboard/programs\" to role \"ADMIN\".","timestamp":"2025-01-30 05:53:00"}
{"level":"\u001b[32minfo\u001b[39m","message":"Assigned permission \"UPDATE /dashboard/programs\" to role \"ADMIN\".","timestamp":"2025-01-30 05:53:00"}
{"level":"\u001b[32minfo\u001b[39m","message":"Assigned permission \"DELETE /dashboard/programs\" to role \"ADMIN\".","timestamp":"2025-01-30 05:53:00"}
{"level":"\u001b[32minfo\u001b[39m","message":"Assigned permission \"VIEW /dashboard/students/list\" to role \"ADMIN\".","timestamp":"2025-01-30 05:53:00"}
{"level":"\u001b[32minfo\u001b[39m","message":"Assigned permission \"VIEW /dashboard/students/signups\" to role \"ADMIN\".","timestamp":"2025-01-30 05:53:00"}
{"level":"\u001b[32minfo\u001b[39m","message":"Assigned permission \"ADD /dashboard/students/signups\" to role \"ADMIN\".","timestamp":"2025-01-30 05:53:00"}
{"level":"\u001b[32minfo\u001b[39m","message":"Assigned permission \"UPDATE /dashboard/students/signups\" to role \"ADMIN\".","timestamp":"2025-01-30 05:53:00"}
{"level":"\u001b[32minfo\u001b[39m","message":"Assigned permission \"DELETE /dashboard/students/signups\" to role \"ADMIN\".","timestamp":"2025-01-30 05:53:00"}
{"level":"\u001b[32minfo\u001b[39m","message":"Assigned permission \"VIEW /dashboard/reports\" to role \"ADMIN\".","timestamp":"2025-01-30 05:53:00"}
{"level":"\u001b[32minfo\u001b[39m","message":"Assigned permission \"VIEW /dashboard/reports/batches\" to role \"ADMIN\".","timestamp":"2025-01-30 05:53:00"}
{"level":"\u001b[32minfo\u001b[39m","message":"Assigned permission \"VIEW /dashboard/reports/enrollments\" to role \"ADMIN\".","timestamp":"2025-01-30 05:53:00"}
{"level":"\u001b[32minfo\u001b[39m","message":"Assigned permission \"VIEW /dashboard/reports/students\" to role \"ADMIN\".","timestamp":"2025-01-30 05:53:00"}
{"level":"\u001b[32minfo\u001b[39m","message":"Assigned permission \"VIEW /dashboard/reports/target-goals\" to role \"ADMIN\".","timestamp":"2025-01-30 05:53:00"}
{"level":"\u001b[32minfo\u001b[39m","message":"Assigned permission \"VIEW /dashboard/settings\" to role \"ADMIN\".","timestamp":"2025-01-30 05:53:00"}
{"level":"\u001b[33mwarn\u001b[39m","message":"Permission \"UPDATE /dashboard/settings\" not found. Skipping assignment to role \"ADMIN\".","timestamp":"2025-01-30 05:53:00"}
{"level":"\u001b[32minfo\u001b[39m","message":"Assigned permission \"VIEW /dashboard/settings/profile\" to role \"ADMIN\".","timestamp":"2025-01-30 05:53:00"}
{"level":"\u001b[32minfo\u001b[39m","message":"Assigned permission \"UPDATE /dashboard/settings/profile\" to role \"ADMIN\".","timestamp":"2025-01-30 05:53:00"}
{"level":"\u001b[32minfo\u001b[39m","message":"Assigned permission \"VIEW /dashboard/settings/admins\" to role \"ADMIN\".","timestamp":"2025-01-30 05:53:00"}
{"level":"\u001b[32minfo\u001b[39m","message":"Assigned permission \"UPDATE /dashboard/settings/admins\" to role \"ADMIN\".","timestamp":"2025-01-30 05:53:00"}
{"level":"\u001b[32minfo\u001b[39m","message":"Assigned permission \"VIEW /dashboard/settings/academy\" to role \"ADMIN\".","timestamp":"2025-01-30 05:53:00"}
{"level":"\u001b[32minfo\u001b[39m","message":"Assigned permission \"UPDATE /dashboard/settings/academy\" to role \"ADMIN\".","timestamp":"2025-01-30 05:53:00"}
{"level":"\u001b[32minfo\u001b[39m","message":"Assigned permission \"VIEW /dashboard/users/coaches\" to role \"ADMIN\".","timestamp":"2025-01-30 05:53:00"}
{"level":"\u001b[32minfo\u001b[39m","message":"Assigned permission \"VIEW /dashboard/users/coach-signups\" to role \"ADMIN\".","timestamp":"2025-01-30 05:53:00"}
{"level":"\u001b[32minfo\u001b[39m","message":"Assigned permission \"ADD /dashboard/users/coach-signups\" to role \"ADMIN\".","timestamp":"2025-01-30 05:53:00"}
{"level":"\u001b[32minfo\u001b[39m","message":"Assigned permission \"UPDATE /dashboard/users/coach-signups\" to role \"ADMIN\".","timestamp":"2025-01-30 05:53:00"}
{"level":"\u001b[32minfo\u001b[39m","message":"Assigned permission \"DELETE /dashboard/users/coach-signups\" to role \"ADMIN\".","timestamp":"2025-01-30 05:53:00"}
{"level":"\u001b[32minfo\u001b[39m","message":"Assigned permission \"VIEW /dashboard/users/students\" to role \"ADMIN\".","timestamp":"2025-01-30 05:53:00"}
{"level":"\u001b[32minfo\u001b[39m","message":"Assigned permission \"VIEW /dashboard/users/student-signups\" to role \"ADMIN\".","timestamp":"2025-01-30 05:53:00"}
{"level":"\u001b[32minfo\u001b[39m","message":"Assigned permission \"ADD /dashboard/users/student-signups\" to role \"ADMIN\".","timestamp":"2025-01-30 05:53:00"}
{"level":"\u001b[32minfo\u001b[39m","message":"Assigned permission \"UPDATE /dashboard/users/student-signups\" to role \"ADMIN\".","timestamp":"2025-01-30 05:53:00"}
{"level":"\u001b[32minfo\u001b[39m","message":"Assigned permission \"DELETE /dashboard/users/student-signups\" to role \"ADMIN\".","timestamp":"2025-01-30 05:53:00"}
{"level":"\u001b[32minfo\u001b[39m","message":"Assigned permission \"VIEW /dashboard/system-config\" to role \"ADMIN\".","timestamp":"2025-01-30 05:53:00"}
{"level":"\u001b[32minfo\u001b[39m","message":"ADMIN permissions assigned successfully.","timestamp":"2025-01-30 05:53:00"}
{"level":"\u001b[32minfo\u001b[39m","message":"Assigned permission \"VIEW /dashboard/goals\" to role \"COACH\".","timestamp":"2025-01-30 05:53:00"}
{"level":"\u001b[33mwarn\u001b[39m","message":"Permission \"ADD /dashboard/goals\" not found. Skipping assignment to role \"COACH\".","timestamp":"2025-01-30 05:53:00"}
{"level":"\u001b[33mwarn\u001b[39m","message":"Permission \"UPDATE /dashboard/goals\" not found. Skipping assignment to role \"COACH\".","timestamp":"2025-01-30 05:53:00"}
{"level":"\u001b[33mwarn\u001b[39m","message":"Permission \"DELETE /dashboard/goals\" not found. Skipping assignment to role \"COACH\".","timestamp":"2025-01-30 05:53:00"}
{"level":"\u001b[32minfo\u001b[39m","message":"Assigned permission \"VIEW /dashboard/goals/seasonal\" to role \"COACH\".","timestamp":"2025-01-30 05:53:00"}
{"level":"\u001b[32minfo\u001b[39m","message":"Assigned permission \"ADD /dashboard/goals/seasonal\" to role \"COACH\".","timestamp":"2025-01-30 05:53:00"}
{"level":"\u001b[33mwarn\u001b[39m","message":"Permission \"UPDATE /dashboard/goals/seasonal\" not found. Skipping assignment to role \"COACH\".","timestamp":"2025-01-30 05:53:00"}
{"level":"\u001b[33mwarn\u001b[39m","message":"Permission \"DELETE /dashboard/goals/seasonal\" not found. Skipping assignment to role \"COACH\".","timestamp":"2025-01-30 05:53:00"}
{"level":"\u001b[32minfo\u001b[39m","message":"Assigned permission \"VIEW /dashboard/goals/monthly\" to role \"COACH\".","timestamp":"2025-01-30 05:53:00"}
{"level":"\u001b[32minfo\u001b[39m","message":"Assigned permission \"ADD /dashboard/goals/monthly\" to role \"COACH\".","timestamp":"2025-01-30 05:53:00"}
{"level":"\u001b[33mwarn\u001b[39m","message":"Permission \"UPDATE /dashboard/goals/monthly\" not found. Skipping assignment to role \"COACH\".","timestamp":"2025-01-30 05:53:00"}
{"level":"\u001b[33mwarn\u001b[39m","message":"Permission \"DELETE /dashboard/goals/monthly\" not found. Skipping assignment to role \"COACH\".","timestamp":"2025-01-30 05:53:00"}
{"level":"\u001b[32minfo\u001b[39m","message":"Assigned permission \"VIEW /dashboard/goals/weekly\" to role \"COACH\".","timestamp":"2025-01-30 05:53:00"}
{"level":"\u001b[32minfo\u001b[39m","message":"Assigned permission \"ADD /dashboard/goals/weekly\" to role \"COACH\".","timestamp":"2025-01-30 05:53:00"}
{"level":"\u001b[33mwarn\u001b[39m","message":"Permission \"UPDATE /dashboard/goals/weekly\" not found. Skipping assignment to role \"COACH\".","timestamp":"2025-01-30 05:53:00"}
{"level":"\u001b[33mwarn\u001b[39m","message":"Permission \"DELETE /dashboard/goals/weekly\" not found. Skipping assignment to role \"COACH\".","timestamp":"2025-01-30 05:53:00"}
{"level":"\u001b[32minfo\u001b[39m","message":"Assigned permission \"VIEW /dashboard/goals/assign-weekly\" to role \"COACH\".","timestamp":"2025-01-30 05:53:00"}
{"level":"\u001b[32minfo\u001b[39m","message":"Assigned permission \"ADD /dashboard/goals/assign-weekly\" to role \"COACH\".","timestamp":"2025-01-30 05:53:00"}
{"level":"\u001b[33mwarn\u001b[39m","message":"Permission \"UPDATE /dashboard/goals/assign-weekly\" not found. Skipping assignment to role \"COACH\".","timestamp":"2025-01-30 05:53:00"}
{"level":"\u001b[33mwarn\u001b[39m","message":"Permission \"DELETE /dashboard/goals/assign-weekly\" not found. Skipping assignment to role \"COACH\".","timestamp":"2025-01-30 05:53:00"}
{"level":"\u001b[32minfo\u001b[39m","message":"Assigned permission \"VIEW /dashboard/students\" to role \"COACH\".","timestamp":"2025-01-30 05:53:00"}
{"level":"\u001b[32minfo\u001b[39m","message":"Assigned permission \"VIEW /dashboard/students/list\" to role \"COACH\".","timestamp":"2025-01-30 05:53:00"}
{"level":"\u001b[32minfo\u001b[39m","message":"Assigned permission \"VIEW /dashboard/students/signups\" to role \"COACH\".","timestamp":"2025-01-30 05:53:00"}
{"level":"\u001b[32minfo\u001b[39m","message":"Assigned permission \"ADD /dashboard/students/signups\" to role \"COACH\".","timestamp":"2025-01-30 05:53:00"}
{"level":"\u001b[32minfo\u001b[39m","message":"Assigned permission \"UPDATE /dashboard/students/signups\" to role \"COACH\".","timestamp":"2025-01-30 05:53:00"}
{"level":"\u001b[32minfo\u001b[39m","message":"Assigned permission \"DELETE /dashboard/students/signups\" to role \"COACH\".","timestamp":"2025-01-30 05:53:00"}
{"level":"\u001b[32minfo\u001b[39m","message":"Assigned permission \"VIEW /dashboard/reports\" to role \"COACH\".","timestamp":"2025-01-30 05:53:00"}
{"level":"\u001b[32minfo\u001b[39m","message":"Assigned permission \"VIEW /dashboard/reports/batches\" to role \"COACH\".","timestamp":"2025-01-30 05:53:00"}
{"level":"\u001b[32minfo\u001b[39m","message":"Assigned permission \"VIEW /dashboard/reports/enrollments\" to role \"COACH\".","timestamp":"2025-01-30 05:53:00"}
{"level":"\u001b[32minfo\u001b[39m","message":"Assigned permission \"VIEW /dashboard/reports/students\" to role \"COACH\".","timestamp":"2025-01-30 05:53:00"}
{"level":"\u001b[32minfo\u001b[39m","message":"Assigned permission \"VIEW /dashboard/reports/target-goals\" to role \"COACH\".","timestamp":"2025-01-30 05:53:00"}
{"level":"\u001b[32minfo\u001b[39m","message":"Assigned permission \"VIEW /dashboard/settings/profile\" to role \"COACH\".","timestamp":"2025-01-30 05:53:00"}
{"level":"\u001b[32minfo\u001b[39m","message":"Assigned permission \"UPDATE /dashboard/settings/profile\" to role \"COACH\".","timestamp":"2025-01-30 05:53:00"}
{"level":"\u001b[32minfo\u001b[39m","message":"Assigned permission \"VIEW /dashboard/tasks\" to role \"COACH\".","timestamp":"2025-01-30 05:53:00"}
{"level":"\u001b[32minfo\u001b[39m","message":"Assigned permission \"VIEW /dashboard/tasks/quizzes\" to role \"COACH\".","timestamp":"2025-01-30 05:53:00"}
{"level":"\u001b[32minfo\u001b[39m","message":"Assigned permission \"ADD /dashboard/tasks/quizzes\" to role \"COACH\".","timestamp":"2025-01-30 05:53:00"}
{"level":"\u001b[32minfo\u001b[39m","message":"Assigned permission \"UPDATE /dashboard/tasks/quizzes\" to role \"COACH\".","timestamp":"2025-01-30 05:53:00"}
{"level":"\u001b[32minfo\u001b[39m","message":"Assigned permission \"DELETE /dashboard/tasks/quizzes\" to role \"COACH\".","timestamp":"2025-01-30 05:53:00"}
{"level":"\u001b[32minfo\u001b[39m","message":"Assigned permission \"VIEW /dashboard/calendar\" to role \"COACH\".","timestamp":"2025-01-30 05:53:00"}
{"level":"\u001b[32minfo\u001b[39m","message":"Assigned permission \"VIEW /dashboard/users\" to role \"COACH\".","timestamp":"2025-01-30 05:53:00"}
{"level":"\u001b[33mwarn\u001b[39m","message":"Permission \"ADD /dashboard/users\" not found. Skipping assignment to role \"COACH\".","timestamp":"2025-01-30 05:53:00"}
{"level":"\u001b[32minfo\u001b[39m","message":"Assigned permission \"VIEW /dashboard/users/students\" to role \"COACH\".","timestamp":"2025-01-30 05:53:00"}
{"level":"\u001b[32minfo\u001b[39m","message":"Assigned permission \"VIEW /dashboard/users/student-signups\" to role \"COACH\".","timestamp":"2025-01-30 05:53:00"}
{"level":"\u001b[32minfo\u001b[39m","message":"Assigned permission \"ADD /dashboard/users/student-signups\" to role \"COACH\".","timestamp":"2025-01-30 05:53:00"}
{"level":"\u001b[32minfo\u001b[39m","message":"Assigned permission \"UPDATE /dashboard/users/student-signups\" to role \"COACH\".","timestamp":"2025-01-30 05:53:00"}
{"level":"\u001b[32minfo\u001b[39m","message":"Assigned permission \"DELETE /dashboard/users/student-signups\" to role \"COACH\".","timestamp":"2025-01-30 05:53:00"}
{"level":"\u001b[32minfo\u001b[39m","message":"Assigned permission \"VIEW /dashboard/system-config\" to role \"COACH\".","timestamp":"2025-01-30 05:53:00"}
{"level":"\u001b[32minfo\u001b[39m","message":"COACH permissions assigned successfully.","timestamp":"2025-01-30 05:53:00"}
{"level":"\u001b[32minfo\u001b[39m","message":"Assigned permission \"VIEW /dashboard\" to role \"STUDENT\".","timestamp":"2025-01-30 05:53:00"}
{"level":"\u001b[32minfo\u001b[39m","message":"Assigned permission \"VIEW /dashboard/goals\" to role \"STUDENT\".","timestamp":"2025-01-30 05:53:00"}
{"level":"\u001b[32minfo\u001b[39m","message":"Assigned permission \"VIEW /dashboard/reports\" to role \"STUDENT\".","timestamp":"2025-01-30 05:53:00"}
{"level":"\u001b[32minfo\u001b[39m","message":"Assigned permission \"VIEW /dashboard/settings/profile\" to role \"STUDENT\".","timestamp":"2025-01-30 05:53:00"}
{"level":"\u001b[32minfo\u001b[39m","message":"Assigned permission \"UPDATE /dashboard/settings/profile\" to role \"STUDENT\".","timestamp":"2025-01-30 05:53:01"}
{"level":"\u001b[32minfo\u001b[39m","message":"Assigned permission \"VIEW /dashboard/system-config\" to role \"STUDENT\".","timestamp":"2025-01-30 05:53:01"}
{"level":"\u001b[32minfo\u001b[39m","message":"STUDENT permissions assigned successfully.","timestamp":"2025-01-30 05:53:01"}
{"level":"\u001b[32minfo\u001b[39m","message":"Assigned permission \"VIEW /dashboard\" to role \"SUBSCRIBER\".","timestamp":"2025-01-30 05:53:01"}
{"level":"\u001b[32minfo\u001b[39m","message":"Assigned permission \"VIEW /dashboard/settings/profile\" to role \"SUBSCRIBER\".","timestamp":"2025-01-30 05:53:01"}
{"level":"\u001b[32minfo\u001b[39m","message":"Assigned permission \"UPDATE /dashboard/settings/profile\" to role \"SUBSCRIBER\".","timestamp":"2025-01-30 05:53:01"}
{"level":"\u001b[32minfo\u001b[39m","message":"Assigned permission \"VIEW /dashboard/system-config\" to role \"SUBSCRIBER\".","timestamp":"2025-01-30 05:53:01"}
{"level":"\u001b[32minfo\u001b[39m","message":"SUBSCRIBER permissions assigned successfully.","timestamp":"2025-01-30 05:53:01"}
{"level":"\u001b[32minfo\u001b[39m","message":"All role permissions assigned successfully.","timestamp":"2025-01-30 05:53:01"}
{"level":"\u001b[32minfo\u001b[39m","message":"System codes seeded successfully","timestamp":"2025-01-30 05:53:01"}
{"level":"\u001b[32minfo\u001b[39m","message":"System configurations seeded successfully","timestamp":"2025-01-30 05:53:01"}
{"level":"\u001b[32minfo\u001b[39m","message":"Seeding process completed successfully.","timestamp":"2025-01-30 05:53:01"}
{"level":"\u001b[32minfo\u001b[39m","message":"Seed done ✅","timestamp":"2025-01-30 05:53:01"}
{"level":"\u001b[32minfo\u001b[39m","message":"Starting database automation process...","timestamp":"2025-01-30 05:52:46"}
{"level":"\u001b[32minfo\u001b[39m","message":"Starting: Resetting database","timestamp":"2025-01-30 05:52:46"}
{"level":"\u001b[32minfo\u001b[39m","message":"Completed: Resetting database","timestamp":"2025-01-30 05:52:54"}
{"level":"\u001b[32minfo\u001b[39m","message":"Starting: Generating Prisma Client","timestamp":"2025-01-30 05:52:54"}
{"level":"\u001b[32minfo\u001b[39m","message":"Completed: Generating Prisma Client","timestamp":"2025-01-30 05:52:56"}
{"level":"\u001b[32minfo\u001b[39m","message":"Starting: Pushing schema changes","timestamp":"2025-01-30 05:52:56"}
{"level":"\u001b[32minfo\u001b[39m","message":"Completed: Pushing schema changes","timestamp":"2025-01-30 05:52:59"}
{"level":"\u001b[32minfo\u001b[39m","message":"Starting: Seeding data","timestamp":"2025-01-30 05:52:59"}
{"level":"\u001b[32minfo\u001b[39m","message":"Completed: Seeding data","timestamp":"2025-01-30 05:53:01"}
{"level":"\u001b[32minfo\u001b[39m","message":"Database automation completed successfully! âœ¨","timestamp":"2025-01-30 05:53:01"}
{"level":"\u001b[32minfo\u001b[39m","message":"Superadmin created successfully","timestamp":"2025-01-30 05:53:38"}
{"level":"\u001b[32minfo\u001b[39m","message":"Default academy created successfully","timestamp":"2025-01-30 05:53:38"}
{"level":"\u001b[32minfo\u001b[39m","message":"Ngrok tunnels started successfully!","timestamp":"2025-01-30 05:53:42"}
{"level":"\u001b[32minfo\u001b[39m","message":"Ngrok URL: https://ab41-2405-201-6820-78f9-38b-42a9-a8e8-9f50.ngrok-free.app","timestamp":"2025-01-30 05:53:42"}
{"level":"info","message":"Database connection successful","timestamp":"2025-01-30 05:53:43"}
{"level":"info","message":"Server is running on port 5000","timestamp":"2025-01-30 05:53:43"}
{"level":"info","message":"Initial origins update completed","timestamp":"2025-01-30 05:53:43"}
{"level":"info","message":"OPTIONS /api/v1/auth/login-with-password 200 0.636 ms - -","timestamp":"2025-01-30 05:54:01"}
{"level":"info","message":"POST /api/v1/auth/login-with-password 200 114.280 ms - 498","timestamp":"2025-01-30 05:54:01"}
{"level":"info","message":"OPTIONS /api/v1/notifications 200 0.109 ms - -","timestamp":"2025-01-30 05:54:01"}
{"level":"info","message":"OPTIONS /api/v1/dashboard 200 0.106 ms - -","timestamp":"2025-01-30 05:54:01"}
{"level":"info","message":"OPTIONS /api/v1/permission 200 0.095 ms - -","timestamp":"2025-01-30 05:54:01"}
{"level":"info","message":"GET /api/v1/permission 200 7.291 ms - 1349","timestamp":"2025-01-30 05:54:01"}
{"level":"info","message":"GET /api/v1/notifications 304 16.842 ms - -","timestamp":"2025-01-30 05:54:01"}
{"level":"info","message":"GET /api/v1/dashboard 304 24.649 ms - -","timestamp":"2025-01-30 05:54:01"}
{"level":"info","message":"OPTIONS /api/v1/system-configs?page=1&limit=10&query= 200 0.079 ms - -","timestamp":"2025-01-30 05:54:03"}
{"level":"info","message":"GET /api/v1/system-configs?page=1&limit=10&query= 200 13.016 ms - 2902","timestamp":"2025-01-30 05:54:03"}
{"level":"info","message":"OPTIONS /api/v1/system-configs/099e45cc-706e-4b14-a367-75e53125f817 200 0.106 ms - -","timestamp":"2025-01-30 05:54:12"}
{"level":"info","message":"PUT /api/v1/system-configs/099e45cc-706e-4b14-a367-75e53125f817 200 25.072 ms - 284","timestamp":"2025-01-30 05:54:12"}
{"level":"info","message":"OPTIONS /api/v1/system-configs?page=1&limit=10&query= 200 0.092 ms - -","timestamp":"2025-01-30 05:54:12"}
{"level":"info","message":"GET /api/v1/system-configs?page=1&limit=10&query= 200 10.595 ms - 2902","timestamp":"2025-01-30 05:54:12"}
{"level":"info","message":"Database connection successful","timestamp":"2025-01-30 05:55:17"}
{"level":"info","message":"Server is running on port 5000","timestamp":"2025-01-30 05:55:17"}
{"level":"info","message":"Initial origins update completed","timestamp":"2025-01-30 05:55:17"}
{"level":"info","message":"Database connection successful","timestamp":"2025-01-30 05:55:19"}
{"level":"info","message":"Server is running on port 5000","timestamp":"2025-01-30 05:55:19"}
{"level":"info","message":"Initial origins update completed","timestamp":"2025-01-30 05:55:19"}
{"level":"info","message":"Database connection successful","timestamp":"2025-01-30 05:55:21"}
{"level":"info","message":"Server is running on port 5000","timestamp":"2025-01-30 05:55:21"}
{"level":"info","message":"Initial origins update completed","timestamp":"2025-01-30 05:55:21"}
{"level":"info","message":"Database connection successful","timestamp":"2025-01-30 05:55:22"}
{"level":"info","message":"Server is running on port 5000","timestamp":"2025-01-30 05:55:22"}
{"level":"info","message":"Initial origins update completed","timestamp":"2025-01-30 05:55:22"}
{"level":"info","message":"OPTIONS /api/v1/notifications 200 0.761 ms - -","timestamp":"2025-01-30 05:55:25"}
{"level":"info","message":"OPTIONS /api/v1/system-configs?page=1&limit=10&query= 200 0.181 ms - -","timestamp":"2025-01-30 05:55:25"}
{"level":"info","message":"OPTIONS /api/v1/permission 200 0.295 ms - -","timestamp":"2025-01-30 05:55:25"}
{"level":"info","message":"GET /api/v1/notifications 304 19.057 ms - -","timestamp":"2025-01-30 05:55:25"}
{"level":"info","message":"GET /api/v1/permission 304 9.059 ms - -","timestamp":"2025-01-30 05:55:25"}
{"level":"info","message":"GET /api/v1/system-configs?page=1&limit=10&query= 200 31.099 ms - 2943","timestamp":"2025-01-30 05:55:25"}
{"level":"info","message":"OPTIONS /api/v1/system-configs/099e45cc-706e-4b14-a367-75e53125f817 200 0.068 ms - -","timestamp":"2025-01-30 05:55:35"}
{"level":"info","message":"PUT /api/v1/system-configs/099e45cc-706e-4b14-a367-75e53125f817 200 36.096 ms - 284","timestamp":"2025-01-30 05:55:35"}
{"level":"info","message":"OPTIONS /api/v1/system-configs?page=1&limit=10&query= 200 0.170 ms - -","timestamp":"2025-01-30 05:55:35"}
{"level":"info","message":"GET /api/v1/system-configs?page=1&limit=10&query= 200 12.177 ms - 2943","timestamp":"2025-01-30 05:55:35"}
{"level":"info","message":"OPTIONS /api/v1/system-configs/409748a9-620f-4dd9-8f28-841af9927630 200 0.127 ms - -","timestamp":"2025-01-30 05:55:41"}
{"level":"info","message":"PUT /api/v1/system-configs/409748a9-620f-4dd9-8f28-841af9927630 200 25.624 ms - 287","timestamp":"2025-01-30 05:55:41"}
{"level":"info","message":"OPTIONS /api/v1/system-configs?page=1&limit=10&query= 200 0.270 ms - -","timestamp":"2025-01-30 05:55:41"}
{"level":"info","message":"GET /api/v1/system-configs?page=1&limit=10&query= 200 11.073 ms - 2943","timestamp":"2025-01-30 05:55:41"}
{"level":"info","message":"OPTIONS /api/v1/system-configs?page=1&limit=10&query=1231 200 0.128 ms - -","timestamp":"2025-01-30 05:55:49"}
{"level":"info","message":"GET /api/v1/system-configs?page=1&limit=10&query=1231 200 14.959 ms - 2943","timestamp":"2025-01-30 05:55:49"}
{"level":"info","message":"OPTIONS /api/v1/notifications 200 0.093 ms - -","timestamp":"2025-01-30 05:56:51"}
{"level":"info","message":"OPTIONS /api/v1/system-configs?page=1&limit=10&query= 200 0.086 ms - -","timestamp":"2025-01-30 05:56:51"}
{"level":"info","message":"OPTIONS /api/v1/permission 200 0.112 ms - -","timestamp":"2025-01-30 05:56:51"}
{"level":"info","message":"GET /api/v1/notifications 304 10.961 ms - -","timestamp":"2025-01-30 05:56:51"}
{"level":"info","message":"GET /api/v1/permission 304 9.531 ms - -","timestamp":"2025-01-30 05:56:51"}
{"level":"info","message":"GET /api/v1/system-configs?page=1&limit=10&query= 304 21.797 ms - -","timestamp":"2025-01-30 05:56:51"}
{"level":"info","message":"OPTIONS /api/v1/system-code?page=1&limit=10&query= 200 0.093 ms - -","timestamp":"2025-01-30 05:58:55"}
{"level":"info","message":"GET /api/v1/system-code?page=1&limit=10&query= 200 8.033 ms - 1823","timestamp":"2025-01-30 05:58:55"}
