{"level":"info","message":"Database connection successful","timestamp":"2025-01-26 08:22:23"}
{"level":"info","message":"Server is running on port 5000","timestamp":"2025-01-26 08:22:23"}
{"level":"info","message":"Initial origins update completed","timestamp":"2025-01-26 08:22:23"}
{"level":"info","message":"GET /api/v1/navigation/domain/localhost:3000 200 19.100 ms - 2005","timestamp":"2025-01-26 08:22:30"}
{"level":"info","message":"GET /api/v1/navigation/domain/localhost:3000 200 7.132 ms - 2005","timestamp":"2025-01-26 08:22:30"}
{"level":"info","message":"GET /api/v1/academy/domain/localhost:3000/pages/home 200 8.520 ms - 2089","timestamp":"2025-01-26 08:22:33"}
{"level":"info","message":"GET /api/v1/academy/domain/localhost:3000/pages/home 200 3.697 ms - 2089","timestamp":"2025-01-26 08:22:33"}
{"level":"info","message":"GET /api/v1/navigation/domain/localhost:3000 200 5.895 ms - 2005","timestamp":"2025-01-26 08:22:33"}
{"level":"info","message":"GET /api/v1/academy/domain/localhost:3000/pages/home 200 8.135 ms - 2089","timestamp":"2025-01-26 08:24:54"}
{"level":"info","message":"GET /api/v1/navigation/domain/localhost:3000 200 9.253 ms - 2005","timestamp":"2025-01-26 08:24:54"}
{"level":"info","message":"GET /api/v1/academy/domain/localhost:3000/pages/home 200 9.525 ms - 2089","timestamp":"2025-01-26 08:24:54"}
{"level":"error","statusCode":404,"timestamp":"2025-01-26 08:24:54"}
{"level":"info","message":"GET /api/v1/academy/domain/localhost:3000/pages/coach1.jpg 404 7.785 ms - 349","timestamp":"2025-01-26 08:24:54"}
{"level":"info","message":"GET /api/v1/navigation/domain/localhost:3000 200 13.083 ms - 2005","timestamp":"2025-01-26 08:24:54"}
{"level":"error","statusCode":404,"timestamp":"2025-01-26 08:24:54"}
{"level":"info","message":"GET /api/v1/academy/domain/localhost:3000/pages/coach1.jpg 404 9.411 ms - 349","timestamp":"2025-01-26 08:24:54"}
{"level":"error","statusCode":404,"timestamp":"2025-01-26 08:24:54"}
{"level":"info","message":"GET /api/v1/academy/domain/localhost:3000/pages/coach2.jpg 404 13.853 ms - 349","timestamp":"2025-01-26 08:24:54"}
{"level":"error","statusCode":404,"timestamp":"2025-01-26 08:24:54"}
{"level":"info","message":"GET /api/v1/academy/domain/localhost:3000/pages/coach2.jpg 404 12.782 ms - 349","timestamp":"2025-01-26 08:24:54"}
{"level":"info","message":"GET /api/v1/navigation/domain/localhost:3000 200 17.093 ms - 2005","timestamp":"2025-01-26 08:24:54"}
{"level":"error","statusCode":404,"timestamp":"2025-01-26 08:24:56"}
{"level":"info","message":"GET /api/v1/academy/domain/localhost:3000/pages/coach1.jpg 404 5.591 ms - 349","timestamp":"2025-01-26 08:24:56"}
{"level":"info","message":"GET /api/v1/navigation/domain/localhost:3000 200 9.449 ms - 2005","timestamp":"2025-01-26 08:24:56"}
{"level":"error","statusCode":404,"timestamp":"2025-01-26 08:24:56"}
{"level":"info","message":"GET /api/v1/academy/domain/localhost:3000/pages/coach1.jpg 404 8.638 ms - 349","timestamp":"2025-01-26 08:24:56"}
{"level":"error","statusCode":404,"timestamp":"2025-01-26 08:24:56"}
{"level":"info","message":"GET /api/v1/academy/domain/localhost:3000/pages/coach2.jpg 404 8.918 ms - 349","timestamp":"2025-01-26 08:24:56"}
{"level":"info","message":"GET /api/v1/navigation/domain/localhost:3000 200 11.546 ms - 2005","timestamp":"2025-01-26 08:24:56"}
{"level":"error","statusCode":404,"timestamp":"2025-01-26 08:24:56"}
{"level":"info","message":"GET /api/v1/academy/domain/localhost:3000/pages/coach2.jpg 404 6.490 ms - 349","timestamp":"2025-01-26 08:24:56"}
{"level":"info","message":"GET /api/v1/academy/domain/localhost:3000/pages/home 200 10.741 ms - 2089","timestamp":"2025-01-26 08:24:58"}
{"level":"info","message":"GET /api/v1/navigation/domain/localhost:3000 200 11.373 ms - 2005","timestamp":"2025-01-26 08:24:58"}
{"level":"info","message":"GET /api/v1/academy/domain/localhost:3000/pages/home 200 11.215 ms - 2089","timestamp":"2025-01-26 08:24:58"}
{"level":"error","statusCode":404,"timestamp":"2025-01-26 08:24:58"}
{"level":"info","message":"GET /api/v1/academy/domain/localhost:3000/pages/coach1.jpg 404 9.235 ms - 349","timestamp":"2025-01-26 08:24:58"}
{"level":"info","message":"GET /api/v1/navigation/domain/localhost:3000 200 14.326 ms - 2005","timestamp":"2025-01-26 08:24:58"}
{"level":"error","statusCode":404,"timestamp":"2025-01-26 08:24:58"}
{"level":"info","message":"GET /api/v1/academy/domain/localhost:3000/pages/coach1.jpg 404 13.925 ms - 349","timestamp":"2025-01-26 08:24:58"}
{"level":"error","statusCode":404,"timestamp":"2025-01-26 08:24:58"}
{"level":"info","message":"GET /api/v1/academy/domain/localhost:3000/pages/coach2.jpg 404 15.324 ms - 349","timestamp":"2025-01-26 08:24:58"}
{"level":"info","message":"GET /api/v1/navigation/domain/localhost:3000 200 16.742 ms - 2005","timestamp":"2025-01-26 08:24:58"}
{"level":"error","statusCode":404,"timestamp":"2025-01-26 08:24:58"}
{"level":"info","message":"GET /api/v1/academy/domain/localhost:3000/pages/coach2.jpg 404 10.442 ms - 349","timestamp":"2025-01-26 08:24:58"}
{"level":"error","statusCode":404,"timestamp":"2025-01-26 08:24:59"}
{"level":"info","message":"GET /api/v1/academy/domain/localhost:3000/pages/coach1.jpg 404 13.779 ms - 349","timestamp":"2025-01-26 08:24:59"}
{"level":"error","statusCode":404,"timestamp":"2025-01-26 08:24:59"}
{"level":"info","message":"GET /api/v1/academy/domain/localhost:3000/pages/coach1.jpg 404 9.875 ms - 349","timestamp":"2025-01-26 08:24:59"}
{"level":"info","message":"GET /api/v1/navigation/domain/localhost:3000 200 18.807 ms - 2005","timestamp":"2025-01-26 08:24:59"}
{"level":"error","statusCode":404,"timestamp":"2025-01-26 08:24:59"}
{"level":"info","message":"GET /api/v1/academy/domain/localhost:3000/pages/coach2.jpg 404 7.929 ms - 349","timestamp":"2025-01-26 08:24:59"}
{"level":"error","statusCode":404,"timestamp":"2025-01-26 08:24:59"}
{"level":"info","message":"GET /api/v1/academy/domain/localhost:3000/pages/coach2.jpg 404 27.559 ms - 349","timestamp":"2025-01-26 08:24:59"}
{"level":"info","message":"GET /api/v1/navigation/domain/localhost:3000 200 28.867 ms - 2005","timestamp":"2025-01-26 08:24:59"}
{"level":"info","message":"GET /api/v1/academy/domain/localhost:3000/pages/home 200 8.156 ms - 2089","timestamp":"2025-01-26 08:25:25"}
{"level":"info","message":"GET /api/v1/academy/domain/localhost:3000/pages/home 200 13.020 ms - 2089","timestamp":"2025-01-26 08:25:25"}
{"level":"info","message":"GET /api/v1/navigation/domain/localhost:3000 200 14.157 ms - 2005","timestamp":"2025-01-26 08:25:25"}
{"level":"error","statusCode":404,"timestamp":"2025-01-26 08:25:25"}
{"level":"info","message":"GET /api/v1/academy/domain/localhost:3000/pages/coach1.jpg 404 7.368 ms - 349","timestamp":"2025-01-26 08:25:25"}
{"level":"info","message":"GET /api/v1/navigation/domain/localhost:3000 200 11.705 ms - 2005","timestamp":"2025-01-26 08:25:25"}
{"level":"error","statusCode":404,"timestamp":"2025-01-26 08:25:25"}
{"level":"info","message":"GET /api/v1/academy/domain/localhost:3000/pages/coach1.jpg 404 9.365 ms - 349","timestamp":"2025-01-26 08:25:25"}
{"level":"error","statusCode":404,"timestamp":"2025-01-26 08:25:25"}
{"level":"info","message":"GET /api/v1/academy/domain/localhost:3000/pages/coach2.jpg 404 10.362 ms - 349","timestamp":"2025-01-26 08:25:25"}
{"level":"error","statusCode":404,"timestamp":"2025-01-26 08:25:25"}
{"level":"info","message":"GET /api/v1/academy/domain/localhost:3000/pages/coach2.jpg 404 10.335 ms - 349","timestamp":"2025-01-26 08:25:25"}
{"level":"info","message":"GET /api/v1/navigation/domain/localhost:3000 200 14.357 ms - 2005","timestamp":"2025-01-26 08:25:25"}
{"level":"info","message":"OPTIONS /api/v1/permission 200 0.331 ms - -","timestamp":"2025-01-26 08:25:32"}
{"level":"info","message":"GET /api/v1/permission 304 61.545 ms - -","timestamp":"2025-01-26 08:25:32"}
{"level":"info","message":"OPTIONS /api/v1/notifications 200 0.192 ms - -","timestamp":"2025-01-26 08:25:32"}
{"level":"info","message":"OPTIONS /api/v1/dashboard 200 0.179 ms - -","timestamp":"2025-01-26 08:25:32"}
{"level":"info","message":"GET /api/v1/notifications 304 10.808 ms - -","timestamp":"2025-01-26 08:25:32"}
{"level":"info","message":"GET /api/v1/dashboard 200 34.675 ms - 115","timestamp":"2025-01-26 08:25:32"}
{"level":"info","message":"OPTIONS /api/v1/superadmin/all-academies?page=1&limit=10&query= 200 0.174 ms - -","timestamp":"2025-01-26 08:25:33"}
{"level":"info","message":"GET /api/v1/superadmin/all-academies?page=1&limit=10&query= 200 72.328 ms - 904","timestamp":"2025-01-26 08:25:33"}
{"level":"info","message":"OPTIONS /api/v1/tasks 200 0.081 ms - -","timestamp":"2025-01-26 08:25:45"}
{"level":"info","message":"OPTIONS /api/v1/dashboard/student-stats 200 0.097 ms - -","timestamp":"2025-01-26 08:25:45"}
{"level":"info","message":"GET /api/v1/tasks 304 26.040 ms - -","timestamp":"2025-01-26 08:25:45"}
{"level":"info","message":"GET /api/v1/dashboard/student-stats 304 65.274 ms - -","timestamp":"2025-01-26 08:25:45"}
{"level":"info","message":"OPTIONS /api/v1/dashboard/student/chess-stats?startDate=2024-12-26&endDate=2025-01-26 200 0.221 ms - -","timestamp":"2025-01-26 08:30:10"}
{"level":"info","message":"OPTIONS /api/v1/events/student 200 0.239 ms - -","timestamp":"2025-01-26 08:30:10"}
{"level":"info","message":"OPTIONS /api/v1/quiz/student-attempts 200 0.207 ms - -","timestamp":"2025-01-26 08:30:10"}
{"level":"info","message":"GET /api/v1/dashboard/student/chess-stats?startDate=2024-12-26&endDate=2025-01-26 200 38.075 ms - 383","timestamp":"2025-01-26 08:30:10"}
{"level":"info","message":"GET /api/v1/quiz/student-attempts 304 34.754 ms - -","timestamp":"2025-01-26 08:30:10"}
{"level":"info","message":"GET /api/v1/events/student 304 49.073 ms - -","timestamp":"2025-01-26 08:30:10"}
{"level":"info","message":"Database connection successful","timestamp":"2025-01-26 08:46:35"}
{"level":"info","message":"Server is running on port 5000","timestamp":"2025-01-26 08:46:35"}
{"level":"info","message":"Initial origins update completed","timestamp":"2025-01-26 08:46:35"}
{"level":"info","message":"Database connection successful","timestamp":"2025-01-26 08:46:44"}
{"level":"info","message":"Server is running on port 5000","timestamp":"2025-01-26 08:46:44"}
{"level":"info","message":"Initial origins update completed","timestamp":"2025-01-26 08:46:44"}
{"level":"info","message":"Database connection successful","timestamp":"2025-01-26 08:49:44"}
{"level":"info","message":"Server is running on port 5000","timestamp":"2025-01-26 08:49:44"}
{"level":"info","message":"Initial origins update completed","timestamp":"2025-01-26 08:49:44"}
{"level":"info","message":"Database connection successful","timestamp":"2025-01-26 08:49:49"}
{"level":"info","message":"Server is running on port 5000","timestamp":"2025-01-26 08:49:49"}
{"level":"info","message":"Initial origins update completed","timestamp":"2025-01-26 08:49:49"}
{"level":"info","message":"Database connection successful","timestamp":"2025-01-26 08:50:18"}
{"level":"info","message":"Server is running on port 5000","timestamp":"2025-01-26 08:50:18"}
{"level":"info","message":"Initial origins update completed","timestamp":"2025-01-26 08:50:18"}
{"level":"info","message":"Database connection successful","timestamp":"2025-01-26 08:50:37"}
{"level":"info","message":"Server is running on port 5000","timestamp":"2025-01-26 08:50:37"}
{"level":"info","message":"Initial origins update completed","timestamp":"2025-01-26 08:50:37"}
{"level":"info","message":"Database connection successful","timestamp":"2025-01-26 08:50:58"}
{"level":"info","message":"Server is running on port 5000","timestamp":"2025-01-26 08:50:58"}
{"level":"info","message":"Initial origins update completed","timestamp":"2025-01-26 08:50:58"}
{"level":"info","message":"Database connection successful","timestamp":"2025-01-26 08:51:02"}
{"level":"info","message":"Server is running on port 5000","timestamp":"2025-01-26 08:51:02"}
{"level":"info","message":"Initial origins update completed","timestamp":"2025-01-26 08:51:02"}
{"level":"info","message":"Database connection successful","timestamp":"2025-01-26 09:11:58"}
{"level":"info","message":"Server is running on port 5000","timestamp":"2025-01-26 09:11:58"}
{"level":"info","message":"Initial origins update completed","timestamp":"2025-01-26 09:11:58"}
{"level":"info","message":"OPTIONS /api/v1/permission 200 1.889 ms - -","timestamp":"2025-01-26 09:16:54"}
{"level":"info","message":"GET /api/v1/permission 401 22.357 ms - 46","timestamp":"2025-01-26 09:16:55"}
{"level":"info","message":"OPTIONS /api/v1/notifications 200 0.611 ms - -","timestamp":"2025-01-26 09:16:55"}
{"level":"info","message":"OPTIONS /api/v1/dashboard 200 0.274 ms - -","timestamp":"2025-01-26 09:16:55"}
{"level":"info","message":"GET /api/v1/notifications 401 11.976 ms - 46","timestamp":"2025-01-26 09:16:55"}
{"level":"info","message":"GET /api/v1/dashboard 401 8.603 ms - 46","timestamp":"2025-01-26 09:16:55"}
{"level":"info","message":"OPTIONS /api/v1/notifications 200 0.190 ms - -","timestamp":"2025-01-26 09:17:05"}
{"level":"info","message":"OPTIONS /api/v1/dashboard 200 0.200 ms - -","timestamp":"2025-01-26 09:17:05"}
{"level":"info","message":"OPTIONS /api/v1/permission 200 0.196 ms - -","timestamp":"2025-01-26 09:17:05"}
{"level":"info","message":"GET /api/v1/notifications 401 6.746 ms - 46","timestamp":"2025-01-26 09:17:05"}
{"level":"info","message":"GET /api/v1/dashboard 401 9.336 ms - 46","timestamp":"2025-01-26 09:17:05"}
{"level":"info","message":"GET /api/v1/permission 401 6.743 ms - 46","timestamp":"2025-01-26 09:17:05"}
{"level":"info","message":"OPTIONS /api/v1/auth/login-with-password 200 0.226 ms - -","timestamp":"2025-01-26 09:17:26"}
{"level":"error","statusCode":401,"timestamp":"2025-01-26 09:17:26"}
{"level":"info","message":"POST /api/v1/auth/login-with-password 401 29.511 ms - 344","timestamp":"2025-01-26 09:17:26"}
{"level":"\u001b[32minfo\u001b[39m","message":"Roles seeded successfully","timestamp":"2025-01-26 09:17:57"}
{"level":"\u001b[32minfo\u001b[39m","message":"Permissions seeded successfully","timestamp":"2025-01-26 09:17:58"}
{"level":"\u001b[32minfo\u001b[39m","message":"Assigned permission \"VIEW /dashboard\" to role \"SUPER_ADMIN\".","timestamp":"2025-01-26 09:17:58"}
{"level":"\u001b[32minfo\u001b[39m","message":"Assigned permission \"VIEW /dashboard/academies\" to role \"SUPER_ADMIN\".","timestamp":"2025-01-26 09:17:58"}
{"level":"\u001b[32minfo\u001b[39m","message":"Assigned permission \"ADD /dashboard/academies\" to role \"SUPER_ADMIN\".","timestamp":"2025-01-26 09:17:58"}
{"level":"\u001b[32minfo\u001b[39m","message":"Assigned permission \"UPDATE /dashboard/academies\" to role \"SUPER_ADMIN\".","timestamp":"2025-01-26 09:17:58"}
{"level":"\u001b[32minfo\u001b[39m","message":"Assigned permission \"DELETE /dashboard/academies\" to role \"SUPER_ADMIN\".","timestamp":"2025-01-26 09:17:58"}
{"level":"\u001b[32minfo\u001b[39m","message":"Assigned permission \"VIEW /dashboard/invitations\" to role \"SUPER_ADMIN\".","timestamp":"2025-01-26 09:17:58"}
{"level":"\u001b[32minfo\u001b[39m","message":"Assigned permission \"VIEW /dashboard/users\" to role \"SUPER_ADMIN\".","timestamp":"2025-01-26 09:17:58"}
{"level":"\u001b[32minfo\u001b[39m","message":"Assigned permission \"VIEW /dashboard/permissions\" to role \"SUPER_ADMIN\".","timestamp":"2025-01-26 09:17:58"}
{"level":"\u001b[32minfo\u001b[39m","message":"Assigned permission \"UPDATE /dashboard/permissions\" to role \"SUPER_ADMIN\".","timestamp":"2025-01-26 09:17:58"}
{"level":"\u001b[32minfo\u001b[39m","message":"Assigned permission \"VIEW /dashboard/system-code\" to role \"SUPER_ADMIN\".","timestamp":"2025-01-26 09:17:58"}
{"level":"\u001b[32minfo\u001b[39m","message":"Assigned permission \"ADD /dashboard/system-code\" to role \"SUPER_ADMIN\".","timestamp":"2025-01-26 09:17:58"}
{"level":"\u001b[32minfo\u001b[39m","message":"Assigned permission \"VIEW /dashboard/plans\" to role \"SUPER_ADMIN\".","timestamp":"2025-01-26 09:17:58"}
{"level":"\u001b[32minfo\u001b[39m","message":"Assigned permission \"ADD /dashboard/plans\" to role \"SUPER_ADMIN\".","timestamp":"2025-01-26 09:17:58"}
{"level":"\u001b[32minfo\u001b[39m","message":"Assigned permission \"UPDATE /dashboard/plans\" to role \"SUPER_ADMIN\".","timestamp":"2025-01-26 09:17:58"}
{"level":"\u001b[32minfo\u001b[39m","message":"Assigned permission \"DELETE /dashboard/plans\" to role \"SUPER_ADMIN\".","timestamp":"2025-01-26 09:17:58"}
{"level":"\u001b[32minfo\u001b[39m","message":"Assigned permission \"VIEW /dashboard/settings\" to role \"SUPER_ADMIN\".","timestamp":"2025-01-26 09:17:58"}
{"level":"\u001b[32minfo\u001b[39m","message":"Assigned permission \"VIEW /dashboard/settings/profile\" to role \"SUPER_ADMIN\".","timestamp":"2025-01-26 09:17:58"}
{"level":"\u001b[32minfo\u001b[39m","message":"Assigned permission \"UPDATE /dashboard/settings/profile\" to role \"SUPER_ADMIN\".","timestamp":"2025-01-26 09:17:58"}
{"level":"\u001b[32minfo\u001b[39m","message":"SUPER_ADMIN permissions assigned successfully.","timestamp":"2025-01-26 09:17:58"}
{"level":"\u001b[32minfo\u001b[39m","message":"Assigned permission \"VIEW /dashboard\" to role \"ADMIN\".","timestamp":"2025-01-26 09:17:58"}
{"level":"\u001b[32minfo\u001b[39m","message":"Assigned permission \"VIEW /dashboard/batches\" to role \"ADMIN\".","timestamp":"2025-01-26 09:17:58"}
{"level":"\u001b[32minfo\u001b[39m","message":"Assigned permission \"ADD /dashboard/batches\" to role \"ADMIN\".","timestamp":"2025-01-26 09:17:58"}
{"level":"\u001b[32minfo\u001b[39m","message":"Assigned permission \"UPDATE /dashboard/batches\" to role \"ADMIN\".","timestamp":"2025-01-26 09:17:58"}
{"level":"\u001b[32minfo\u001b[39m","message":"Assigned permission \"DELETE /dashboard/batches\" to role \"ADMIN\".","timestamp":"2025-01-26 09:17:58"}
{"level":"\u001b[32minfo\u001b[39m","message":"Assigned permission \"VIEW /dashboard/users\" to role \"ADMIN\".","timestamp":"2025-01-26 09:17:58"}
{"level":"\u001b[32minfo\u001b[39m","message":"Assigned permission \"ADD /dashboard/users\" to role \"ADMIN\".","timestamp":"2025-01-26 09:17:58"}
{"level":"\u001b[32minfo\u001b[39m","message":"Assigned permission \"UPDATE /dashboard/users\" to role \"ADMIN\".","timestamp":"2025-01-26 09:17:58"}
{"level":"\u001b[32minfo\u001b[39m","message":"Assigned permission \"DELETE /dashboard/users\" to role \"ADMIN\".","timestamp":"2025-01-26 09:17:58"}
{"level":"\u001b[32minfo\u001b[39m","message":"Assigned permission \"VIEW /dashboard/invitations\" to role \"ADMIN\".","timestamp":"2025-01-26 09:17:58"}
{"level":"\u001b[32minfo\u001b[39m","message":"Assigned permission \"ADD /dashboard/invitations\" to role \"ADMIN\".","timestamp":"2025-01-26 09:17:58"}
{"level":"\u001b[32minfo\u001b[39m","message":"Assigned permission \"UPDATE /dashboard/invitations\" to role \"ADMIN\".","timestamp":"2025-01-26 09:17:58"}
{"level":"\u001b[32minfo\u001b[39m","message":"Assigned permission \"DELETE /dashboard/invitations\" to role \"ADMIN\".","timestamp":"2025-01-26 09:17:58"}
{"level":"\u001b[32minfo\u001b[39m","message":"Assigned permission \"VIEW /dashboard/calendar\" to role \"ADMIN\".","timestamp":"2025-01-26 09:17:58"}
{"level":"\u001b[32minfo\u001b[39m","message":"Assigned permission \"ADD /dashboard/calendar\" to role \"ADMIN\".","timestamp":"2025-01-26 09:17:58"}
{"level":"\u001b[32minfo\u001b[39m","message":"Assigned permission \"UPDATE /dashboard/calendar\" to role \"ADMIN\".","timestamp":"2025-01-26 09:17:58"}
{"level":"\u001b[32minfo\u001b[39m","message":"Assigned permission \"DELETE /dashboard/calendar\" to role \"ADMIN\".","timestamp":"2025-01-26 09:17:58"}
{"level":"\u001b[32minfo\u001b[39m","message":"Assigned permission \"VIEW /dashboard/communication\" to role \"ADMIN\".","timestamp":"2025-01-26 09:17:58"}
{"level":"\u001b[32minfo\u001b[39m","message":"Assigned permission \"ADD /dashboard/communication\" to role \"ADMIN\".","timestamp":"2025-01-26 09:17:58"}
{"level":"\u001b[32minfo\u001b[39m","message":"Assigned permission \"UPDATE /dashboard/communication\" to role \"ADMIN\".","timestamp":"2025-01-26 09:17:58"}
{"level":"\u001b[32minfo\u001b[39m","message":"Assigned permission \"DELETE /dashboard/communication\" to role \"ADMIN\".","timestamp":"2025-01-26 09:17:58"}
{"level":"\u001b[32minfo\u001b[39m","message":"Assigned permission \"VIEW /dashboard/goals\" to role \"ADMIN\".","timestamp":"2025-01-26 09:17:58"}
{"level":"\u001b[32minfo\u001b[39m","message":"Assigned permission \"VIEW /dashboard/goals/seasonal\" to role \"ADMIN\".","timestamp":"2025-01-26 09:17:58"}
{"level":"\u001b[32minfo\u001b[39m","message":"Assigned permission \"ADD /dashboard/goals/seasonal\" to role \"ADMIN\".","timestamp":"2025-01-26 09:17:58"}
{"level":"\u001b[32minfo\u001b[39m","message":"Assigned permission \"VIEW /dashboard/goals/monthly\" to role \"ADMIN\".","timestamp":"2025-01-26 09:17:58"}
{"level":"\u001b[32minfo\u001b[39m","message":"Assigned permission \"ADD /dashboard/goals/monthly\" to role \"ADMIN\".","timestamp":"2025-01-26 09:17:58"}
{"level":"\u001b[32minfo\u001b[39m","message":"Assigned permission \"VIEW /dashboard/goals/weekly\" to role \"ADMIN\".","timestamp":"2025-01-26 09:17:58"}
{"level":"\u001b[32minfo\u001b[39m","message":"Assigned permission \"ADD /dashboard/goals/weekly\" to role \"ADMIN\".","timestamp":"2025-01-26 09:17:58"}
{"level":"\u001b[32minfo\u001b[39m","message":"Assigned permission \"VIEW /dashboard/goals/assign-weekly\" to role \"ADMIN\".","timestamp":"2025-01-26 09:17:58"}
{"level":"\u001b[32minfo\u001b[39m","message":"Assigned permission \"ADD /dashboard/goals/assign-weekly\" to role \"ADMIN\".","timestamp":"2025-01-26 09:17:58"}
{"level":"\u001b[32minfo\u001b[39m","message":"Assigned permission \"VIEW /dashboard/website\" to role \"ADMIN\".","timestamp":"2025-01-26 09:17:58"}
{"level":"\u001b[32minfo\u001b[39m","message":"Assigned permission \"UPDATE /dashboard/website\" to role \"ADMIN\".","timestamp":"2025-01-26 09:17:58"}
{"level":"\u001b[32minfo\u001b[39m","message":"Assigned permission \"VIEW /dashboard/programs\" to role \"ADMIN\".","timestamp":"2025-01-26 09:17:58"}
{"level":"\u001b[32minfo\u001b[39m","message":"Assigned permission \"ADD /dashboard/programs\" to role \"ADMIN\".","timestamp":"2025-01-26 09:17:58"}
{"level":"\u001b[32minfo\u001b[39m","message":"Assigned permission \"UPDATE /dashboard/programs\" to role \"ADMIN\".","timestamp":"2025-01-26 09:17:58"}
{"level":"\u001b[32minfo\u001b[39m","message":"Assigned permission \"DELETE /dashboard/programs\" to role \"ADMIN\".","timestamp":"2025-01-26 09:17:58"}
{"level":"\u001b[32minfo\u001b[39m","message":"Assigned permission \"VIEW /dashboard/students/list\" to role \"ADMIN\".","timestamp":"2025-01-26 09:17:58"}
{"level":"\u001b[32minfo\u001b[39m","message":"Assigned permission \"VIEW /dashboard/students/signups\" to role \"ADMIN\".","timestamp":"2025-01-26 09:17:58"}
{"level":"\u001b[32minfo\u001b[39m","message":"Assigned permission \"ADD /dashboard/students/signups\" to role \"ADMIN\".","timestamp":"2025-01-26 09:17:58"}
{"level":"\u001b[32minfo\u001b[39m","message":"Assigned permission \"UPDATE /dashboard/students/signups\" to role \"ADMIN\".","timestamp":"2025-01-26 09:17:58"}
{"level":"\u001b[32minfo\u001b[39m","message":"Assigned permission \"DELETE /dashboard/students/signups\" to role \"ADMIN\".","timestamp":"2025-01-26 09:17:58"}
{"level":"\u001b[32minfo\u001b[39m","message":"Assigned permission \"VIEW /dashboard/reports\" to role \"ADMIN\".","timestamp":"2025-01-26 09:17:58"}
{"level":"\u001b[32minfo\u001b[39m","message":"Assigned permission \"VIEW /dashboard/reports/batches\" to role \"ADMIN\".","timestamp":"2025-01-26 09:17:58"}
{"level":"\u001b[32minfo\u001b[39m","message":"Assigned permission \"VIEW /dashboard/reports/enrollments\" to role \"ADMIN\".","timestamp":"2025-01-26 09:17:58"}
{"level":"\u001b[32minfo\u001b[39m","message":"Assigned permission \"VIEW /dashboard/reports/students\" to role \"ADMIN\".","timestamp":"2025-01-26 09:17:58"}
{"level":"\u001b[32minfo\u001b[39m","message":"Assigned permission \"VIEW /dashboard/reports/target-goals\" to role \"ADMIN\".","timestamp":"2025-01-26 09:17:58"}
{"level":"\u001b[32minfo\u001b[39m","message":"Assigned permission \"VIEW /dashboard/settings\" to role \"ADMIN\".","timestamp":"2025-01-26 09:17:58"}
{"level":"\u001b[33mwarn\u001b[39m","message":"Permission \"UPDATE /dashboard/settings\" not found. Skipping assignment to role \"ADMIN\".","timestamp":"2025-01-26 09:17:58"}
{"level":"\u001b[32minfo\u001b[39m","message":"Assigned permission \"VIEW /dashboard/settings/profile\" to role \"ADMIN\".","timestamp":"2025-01-26 09:17:58"}
{"level":"\u001b[32minfo\u001b[39m","message":"Assigned permission \"UPDATE /dashboard/settings/profile\" to role \"ADMIN\".","timestamp":"2025-01-26 09:17:58"}
{"level":"\u001b[32minfo\u001b[39m","message":"Assigned permission \"VIEW /dashboard/settings/admins\" to role \"ADMIN\".","timestamp":"2025-01-26 09:17:58"}
{"level":"\u001b[32minfo\u001b[39m","message":"Assigned permission \"UPDATE /dashboard/settings/admins\" to role \"ADMIN\".","timestamp":"2025-01-26 09:17:58"}
{"level":"\u001b[32minfo\u001b[39m","message":"Assigned permission \"VIEW /dashboard/settings/academy\" to role \"ADMIN\".","timestamp":"2025-01-26 09:17:58"}
{"level":"\u001b[32minfo\u001b[39m","message":"Assigned permission \"UPDATE /dashboard/settings/academy\" to role \"ADMIN\".","timestamp":"2025-01-26 09:17:58"}
{"level":"\u001b[32minfo\u001b[39m","message":"ADMIN permissions assigned successfully.","timestamp":"2025-01-26 09:17:58"}
{"level":"\u001b[32minfo\u001b[39m","message":"Assigned permission \"VIEW /dashboard/goals\" to role \"COACH\".","timestamp":"2025-01-26 09:17:58"}
{"level":"\u001b[33mwarn\u001b[39m","message":"Permission \"ADD /dashboard/goals\" not found. Skipping assignment to role \"COACH\".","timestamp":"2025-01-26 09:17:58"}
{"level":"\u001b[33mwarn\u001b[39m","message":"Permission \"UPDATE /dashboard/goals\" not found. Skipping assignment to role \"COACH\".","timestamp":"2025-01-26 09:17:58"}
{"level":"\u001b[33mwarn\u001b[39m","message":"Permission \"DELETE /dashboard/goals\" not found. Skipping assignment to role \"COACH\".","timestamp":"2025-01-26 09:17:58"}
{"level":"\u001b[32minfo\u001b[39m","message":"Assigned permission \"VIEW /dashboard/goals/seasonal\" to role \"COACH\".","timestamp":"2025-01-26 09:17:58"}
{"level":"\u001b[32minfo\u001b[39m","message":"Assigned permission \"ADD /dashboard/goals/seasonal\" to role \"COACH\".","timestamp":"2025-01-26 09:17:58"}
{"level":"\u001b[33mwarn\u001b[39m","message":"Permission \"UPDATE /dashboard/goals/seasonal\" not found. Skipping assignment to role \"COACH\".","timestamp":"2025-01-26 09:17:58"}
{"level":"\u001b[33mwarn\u001b[39m","message":"Permission \"DELETE /dashboard/goals/seasonal\" not found. Skipping assignment to role \"COACH\".","timestamp":"2025-01-26 09:17:58"}
{"level":"\u001b[32minfo\u001b[39m","message":"Assigned permission \"VIEW /dashboard/goals/monthly\" to role \"COACH\".","timestamp":"2025-01-26 09:17:58"}
{"level":"\u001b[32minfo\u001b[39m","message":"Assigned permission \"ADD /dashboard/goals/monthly\" to role \"COACH\".","timestamp":"2025-01-26 09:17:58"}
{"level":"\u001b[33mwarn\u001b[39m","message":"Permission \"UPDATE /dashboard/goals/monthly\" not found. Skipping assignment to role \"COACH\".","timestamp":"2025-01-26 09:17:58"}
{"level":"\u001b[33mwarn\u001b[39m","message":"Permission \"DELETE /dashboard/goals/monthly\" not found. Skipping assignment to role \"COACH\".","timestamp":"2025-01-26 09:17:58"}
{"level":"\u001b[32minfo\u001b[39m","message":"Assigned permission \"VIEW /dashboard/goals/weekly\" to role \"COACH\".","timestamp":"2025-01-26 09:17:58"}
{"level":"\u001b[32minfo\u001b[39m","message":"Assigned permission \"ADD /dashboard/goals/weekly\" to role \"COACH\".","timestamp":"2025-01-26 09:17:58"}
{"level":"\u001b[33mwarn\u001b[39m","message":"Permission \"UPDATE /dashboard/goals/weekly\" not found. Skipping assignment to role \"COACH\".","timestamp":"2025-01-26 09:17:58"}
{"level":"\u001b[33mwarn\u001b[39m","message":"Permission \"DELETE /dashboard/goals/weekly\" not found. Skipping assignment to role \"COACH\".","timestamp":"2025-01-26 09:17:58"}
{"level":"\u001b[32minfo\u001b[39m","message":"Assigned permission \"VIEW /dashboard/goals/assign-weekly\" to role \"COACH\".","timestamp":"2025-01-26 09:17:58"}
{"level":"\u001b[32minfo\u001b[39m","message":"Assigned permission \"ADD /dashboard/goals/assign-weekly\" to role \"COACH\".","timestamp":"2025-01-26 09:17:58"}
{"level":"\u001b[33mwarn\u001b[39m","message":"Permission \"UPDATE /dashboard/goals/assign-weekly\" not found. Skipping assignment to role \"COACH\".","timestamp":"2025-01-26 09:17:58"}
{"level":"\u001b[33mwarn\u001b[39m","message":"Permission \"DELETE /dashboard/goals/assign-weekly\" not found. Skipping assignment to role \"COACH\".","timestamp":"2025-01-26 09:17:58"}
{"level":"\u001b[32minfo\u001b[39m","message":"Assigned permission \"VIEW /dashboard/students\" to role \"COACH\".","timestamp":"2025-01-26 09:17:58"}
{"level":"\u001b[32minfo\u001b[39m","message":"Assigned permission \"VIEW /dashboard/students/list\" to role \"COACH\".","timestamp":"2025-01-26 09:17:58"}
{"level":"\u001b[32minfo\u001b[39m","message":"Assigned permission \"VIEW /dashboard/students/signups\" to role \"COACH\".","timestamp":"2025-01-26 09:17:58"}
{"level":"\u001b[32minfo\u001b[39m","message":"Assigned permission \"ADD /dashboard/students/signups\" to role \"COACH\".","timestamp":"2025-01-26 09:17:58"}
{"level":"\u001b[32minfo\u001b[39m","message":"Assigned permission \"UPDATE /dashboard/students/signups\" to role \"COACH\".","timestamp":"2025-01-26 09:17:58"}
{"level":"\u001b[32minfo\u001b[39m","message":"Assigned permission \"DELETE /dashboard/students/signups\" to role \"COACH\".","timestamp":"2025-01-26 09:17:58"}
{"level":"\u001b[32minfo\u001b[39m","message":"Assigned permission \"VIEW /dashboard/reports\" to role \"COACH\".","timestamp":"2025-01-26 09:17:58"}
{"level":"\u001b[32minfo\u001b[39m","message":"Assigned permission \"VIEW /dashboard/reports/batches\" to role \"COACH\".","timestamp":"2025-01-26 09:17:58"}
{"level":"\u001b[32minfo\u001b[39m","message":"Assigned permission \"VIEW /dashboard/reports/enrollments\" to role \"COACH\".","timestamp":"2025-01-26 09:17:58"}
{"level":"\u001b[32minfo\u001b[39m","message":"Assigned permission \"VIEW /dashboard/reports/students\" to role \"COACH\".","timestamp":"2025-01-26 09:17:58"}
{"level":"\u001b[32minfo\u001b[39m","message":"Assigned permission \"VIEW /dashboard/reports/target-goals\" to role \"COACH\".","timestamp":"2025-01-26 09:17:58"}
{"level":"\u001b[32minfo\u001b[39m","message":"Assigned permission \"VIEW /dashboard/settings/profile\" to role \"COACH\".","timestamp":"2025-01-26 09:17:58"}
{"level":"\u001b[32minfo\u001b[39m","message":"Assigned permission \"UPDATE /dashboard/settings/profile\" to role \"COACH\".","timestamp":"2025-01-26 09:17:58"}
{"level":"\u001b[32minfo\u001b[39m","message":"Assigned permission \"VIEW /dashboard/tasks\" to role \"COACH\".","timestamp":"2025-01-26 09:17:58"}
{"level":"\u001b[32minfo\u001b[39m","message":"Assigned permission \"VIEW /dashboard/tasks/quizzes\" to role \"COACH\".","timestamp":"2025-01-26 09:17:58"}
{"level":"\u001b[32minfo\u001b[39m","message":"Assigned permission \"ADD /dashboard/tasks/quizzes\" to role \"COACH\".","timestamp":"2025-01-26 09:17:58"}
{"level":"\u001b[32minfo\u001b[39m","message":"Assigned permission \"UPDATE /dashboard/tasks/quizzes\" to role \"COACH\".","timestamp":"2025-01-26 09:17:58"}
{"level":"\u001b[32minfo\u001b[39m","message":"Assigned permission \"DELETE /dashboard/tasks/quizzes\" to role \"COACH\".","timestamp":"2025-01-26 09:17:58"}
{"level":"\u001b[32minfo\u001b[39m","message":"Assigned permission \"VIEW /dashboard/calendar\" to role \"COACH\".","timestamp":"2025-01-26 09:17:58"}
{"level":"\u001b[32minfo\u001b[39m","message":"Assigned permission \"VIEW /dashboard/users\" to role \"COACH\".","timestamp":"2025-01-26 09:17:58"}
{"level":"\u001b[32minfo\u001b[39m","message":"Assigned permission \"ADD /dashboard/users\" to role \"COACH\".","timestamp":"2025-01-26 09:17:58"}
{"level":"\u001b[32minfo\u001b[39m","message":"COACH permissions assigned successfully.","timestamp":"2025-01-26 09:17:58"}
{"level":"\u001b[32minfo\u001b[39m","message":"All role permissions assigned successfully.","timestamp":"2025-01-26 09:17:58"}
{"level":"\u001b[32minfo\u001b[39m","message":"System codes seeded successfully","timestamp":"2025-01-26 09:17:58"}
{"level":"\u001b[32minfo\u001b[39m","message":"Seeding process completed successfully.","timestamp":"2025-01-26 09:17:58"}
{"level":"\u001b[32minfo\u001b[39m","message":"Seed done ✅","timestamp":"2025-01-26 09:17:58"}
{"level":"\u001b[32minfo\u001b[39m","message":"Starting database automation process...","timestamp":"2025-01-26 09:17:38"}
{"level":"\u001b[32minfo\u001b[39m","message":"Starting: Resetting database","timestamp":"2025-01-26 09:17:38"}
{"level":"\u001b[32minfo\u001b[39m","message":"Completed: Resetting database","timestamp":"2025-01-26 09:17:51"}
{"level":"\u001b[32minfo\u001b[39m","message":"Starting: Generating Prisma Client","timestamp":"2025-01-26 09:17:51"}
{"level":"\u001b[32minfo\u001b[39m","message":"Completed: Generating Prisma Client","timestamp":"2025-01-26 09:17:55"}
{"level":"\u001b[32minfo\u001b[39m","message":"Starting: Pushing schema changes","timestamp":"2025-01-26 09:17:55"}
{"level":"\u001b[32minfo\u001b[39m","message":"Completed: Pushing schema changes","timestamp":"2025-01-26 09:17:57"}
{"level":"\u001b[32minfo\u001b[39m","message":"Starting: Seeding data","timestamp":"2025-01-26 09:17:57"}
{"level":"\u001b[32minfo\u001b[39m","message":"Completed: Seeding data","timestamp":"2025-01-26 09:17:58"}
{"level":"\u001b[32minfo\u001b[39m","message":"Database automation completed successfully! âœ¨","timestamp":"2025-01-26 09:17:58"}
{"level":"\u001b[32minfo\u001b[39m","message":"Superadmin created successfully","timestamp":"2025-01-26 09:18:29"}
{"level":"\u001b[32minfo\u001b[39m","message":"Default academy created successfully","timestamp":"2025-01-26 09:18:29"}
{"level":"\u001b[32minfo\u001b[39m","message":"Starting the seeding process","timestamp":"2025-01-26 09:18:35"}
{"level":"\u001b[32minfo\u001b[39m","message":"Password hashed successfully","timestamp":"2025-01-26 09:18:36"}
{"level":"\u001b[32minfo\u001b[39m","message":"Roles created successfully","timestamp":"2025-01-26 09:18:36"}
{"level":"\u001b[32minfo\u001b[39m","message":"Academy created: Chess In Chunks Academy","timestamp":"2025-01-26 09:18:36"}
{"level":"\u001b[32minfo\u001b[39m","message":"Admin created: admin@chessinchunks.com (CIC ID: CIC-ADMIN-001)","timestamp":"2025-01-26 09:18:36"}
{"level":"\u001b[32minfo\u001b[39m","message":"Coach created: head.coach@example.com (CIC ID: CIC-COACH-JM001, Role: HEAD_COACH)","timestamp":"2025-01-26 09:18:36"}
{"level":"\u001b[32minfo\u001b[39m","message":"Coach created: senior.coach@example.com (CIC ID: CIC-COACH-SE001, Role: SENIOR_COACH)","timestamp":"2025-01-26 09:18:36"}
{"level":"\u001b[32minfo\u001b[39m","message":"Batch created: BATCH-2024-01","timestamp":"2025-01-26 09:18:36"}
{"level":"\u001b[32minfo\u001b[39m","message":"Student created: kitten@example.com (CIC ID: CIC-STU-KP001, ChessComId: supercutekittenpuff)","timestamp":"2025-01-26 09:18:36"}
{"level":"\u001b[32minfo\u001b[39m","message":"Student created: sashwin@example.com (CIC ID: CIC-STU-SG001, ChessComId: SashwinG)","timestamp":"2025-01-26 09:18:36"}
{"level":"\u001b[32minfo\u001b[39m","message":"Student created: ranjhana@example.com (CIC ID: CIC-STU-RR001, ChessComId: Ranjhannaa)","timestamp":"2025-01-26 09:18:36"}
{"level":"\u001b[32minfo\u001b[39m","message":"Student created: nive@example.com (CIC ID: CIC-STU-NC001, ChessComId: nive_chitti)","timestamp":"2025-01-26 09:18:36"}
{"level":"\u001b[32minfo\u001b[39m","message":"Student created: rishaan@example.com (CIC ID: CIC-STU-RJ001, ChessComId: Rishaan-RJ)","timestamp":"2025-01-26 09:18:36"}
{"level":"\u001b[32minfo\u001b[39m","message":"\n=== Final Batch Status ===","timestamp":"2025-01-26 09:18:36"}
{"level":"\u001b[32minfo\u001b[39m","message":"Batch Code: BATCH-2024-01","timestamp":"2025-01-26 09:18:36"}
{"level":"\u001b[32minfo\u001b[39m","message":"Number of coaches: 2","timestamp":"2025-01-26 09:18:36"}
{"level":"\u001b[32minfo\u001b[39m","message":"Number of students: 5","timestamp":"2025-01-26 09:18:36"}
{"level":"\u001b[32minfo\u001b[39m","message":"\n=== Summary of Created Users and Their CIC IDs ===","timestamp":"2025-01-26 09:18:36"}
{"level":"\u001b[32minfo\u001b[39m","message":"\nAdmin:","timestamp":"2025-01-26 09:18:36"}
{"level":"\u001b[32minfo\u001b[39m","message":"- admin@chessinchunks.com: CIC-ADMIN-001","timestamp":"2025-01-26 09:18:36"}
{"level":"\u001b[32minfo\u001b[39m","message":"\nCoaches:","timestamp":"2025-01-26 09:18:36"}
{"level":"\u001b[32minfo\u001b[39m","message":"- senior.coach@example.com: CIC-COACH-SE001 (SENIOR_COACH)","timestamp":"2025-01-26 09:18:36"}
{"level":"\u001b[32minfo\u001b[39m","message":"- head.coach@example.com: CIC-COACH-JM001 (HEAD_COACH)","timestamp":"2025-01-26 09:18:36"}
{"level":"\u001b[32minfo\u001b[39m","message":"\nStudents:","timestamp":"2025-01-26 09:18:36"}
{"level":"\u001b[32minfo\u001b[39m","message":"- rishaan@example.com: CIC-STU-RJ001 (ChessComId: Rishaan-RJ)","timestamp":"2025-01-26 09:18:36"}
{"level":"\u001b[32minfo\u001b[39m","message":"- nive@example.com: CIC-STU-NC001 (ChessComId: nive_chitti)","timestamp":"2025-01-26 09:18:36"}
{"level":"\u001b[32minfo\u001b[39m","message":"- sashwin@example.com: CIC-STU-SG001 (ChessComId: SashwinG)","timestamp":"2025-01-26 09:18:36"}
{"level":"\u001b[32minfo\u001b[39m","message":"- ranjhana@example.com: CIC-STU-RR001 (ChessComId: Ranjhannaa)","timestamp":"2025-01-26 09:18:36"}
{"level":"\u001b[32minfo\u001b[39m","message":"- kitten@example.com: CIC-STU-KP001 (ChessComId: supercutekittenpuff)","timestamp":"2025-01-26 09:18:36"}
{"level":"\u001b[32minfo\u001b[39m","message":"\n=== End of Summary ===","timestamp":"2025-01-26 09:18:36"}
{"level":"\u001b[32minfo\u001b[39m","message":"\nSeeding completed successfully","timestamp":"2025-01-26 09:18:36"}
{"level":"\u001b[32minfo\u001b[39m","message":"All users created with password: password1","timestamp":"2025-01-26 09:18:36"}
{"level":"\u001b[32minfo\u001b[39m","message":"Prisma client disconnected","timestamp":"2025-01-26 09:18:36"}
{"level":"info","message":"Database connection successful","timestamp":"2025-01-26 09:18:43"}
{"level":"info","message":"Server is running on port 5000","timestamp":"2025-01-26 09:18:43"}
{"level":"info","message":"Initial origins update completed","timestamp":"2025-01-26 09:18:43"}
{"level":"info","message":"OPTIONS /api/v1/auth/login-with-password 200 2.159 ms - -","timestamp":"2025-01-26 09:19:00"}
{"level":"info","message":"POST /api/v1/auth/login-with-password - - ms - -","timestamp":"2025-01-26 09:19:00"}
{"level":"info","message":"OPTIONS /api/v1/auth/login-with-password 200 0.257 ms - -","timestamp":"2025-01-26 09:19:15"}
{"level":"info","message":"POST /api/v1/auth/login-with-password 200 242.189 ms - 498","timestamp":"2025-01-26 09:19:15"}
{"level":"info","message":"OPTIONS /api/v1/notifications 200 0.226 ms - -","timestamp":"2025-01-26 09:19:15"}
{"level":"info","message":"OPTIONS /api/v1/dashboard 200 0.276 ms - -","timestamp":"2025-01-26 09:19:15"}
{"level":"info","message":"OPTIONS /api/v1/permission 200 0.180 ms - -","timestamp":"2025-01-26 09:19:15"}
{"level":"info","message":"GET /api/v1/notifications 304 21.090 ms - -","timestamp":"2025-01-26 09:19:15"}
{"level":"info","message":"GET /api/v1/permission 200 22.721 ms - 939","timestamp":"2025-01-26 09:19:15"}
{"level":"info","message":"GET /api/v1/dashboard 200 50.233 ms - 115","timestamp":"2025-01-26 09:19:15"}
{"level":"info","message":"OPTIONS /api/v1/superadmin/all-academies?page=1&limit=10&query= 200 0.183 ms - -","timestamp":"2025-01-26 09:19:17"}
{"level":"info","message":"GET /api/v1/superadmin/all-academies?page=1&limit=10&query= 200 39.197 ms - 398","timestamp":"2025-01-26 09:19:17"}
{"level":"info","message":"OPTIONS /api/v1/permission 200 0.314 ms - -","timestamp":"2025-01-26 09:19:21"}
{"level":"info","message":"GET /api/v1/permission 401 6.036 ms - 46","timestamp":"2025-01-26 09:19:21"}
{"level":"info","message":"OPTIONS /api/v1/notifications 200 0.294 ms - -","timestamp":"2025-01-26 09:19:21"}
{"level":"info","message":"OPTIONS /api/v1/dashboard 200 0.280 ms - -","timestamp":"2025-01-26 09:19:21"}
{"level":"info","message":"GET /api/v1/notifications 401 10.532 ms - 46","timestamp":"2025-01-26 09:19:21"}
{"level":"info","message":"GET /api/v1/dashboard 401 7.850 ms - 46","timestamp":"2025-01-26 09:19:21"}
{"level":"info","message":"OPTIONS /api/v1/auth/login-with-password 200 0.250 ms - -","timestamp":"2025-01-26 09:19:49"}
{"level":"info","message":"POST /api/v1/auth/login-with-password 200 230.698 ms - 897","timestamp":"2025-01-26 09:19:49"}
{"level":"info","message":"OPTIONS /api/v1/notifications 200 0.230 ms - -","timestamp":"2025-01-26 09:19:49"}
{"level":"info","message":"OPTIONS /api/v1/dashboard 200 0.239 ms - -","timestamp":"2025-01-26 09:19:49"}
{"level":"info","message":"OPTIONS /api/v1/permission 200 0.210 ms - -","timestamp":"2025-01-26 09:19:49"}
{"level":"info","message":"GET /api/v1/notifications 304 15.685 ms - -","timestamp":"2025-01-26 09:19:49"}
{"level":"info","message":"GET /api/v1/dashboard 403 21.173 ms - 96","timestamp":"2025-01-26 09:19:49"}
{"level":"info","message":"GET /api/v1/permission 200 18.647 ms - 1684","timestamp":"2025-01-26 09:19:49"}
{"level":"info","message":"OPTIONS /api/v1/student-signups?page=1&limit=10&search= 200 0.214 ms - -","timestamp":"2025-01-26 09:19:53"}
{"level":"info","message":"GET /api/v1/student-signups?page=1&limit=10&search= 304 27.843 ms - -","timestamp":"2025-01-26 09:19:53"}
{"level":"info","message":"OPTIONS /api/v1/quiz?page=1&limit=10&search= 200 0.175 ms - -","timestamp":"2025-01-26 09:19:56"}
{"level":"info","message":"GET /api/v1/quiz?page=1&limit=10&search= 200 23.082 ms - 2","timestamp":"2025-01-26 09:19:56"}
{"level":"info","message":"OPTIONS /api/v1/quiz 200 0.187 ms - -","timestamp":"2025-01-26 09:20:21"}
{"level":"info","message":"POST /api/v1/quiz 201 57.355 ms - 676","timestamp":"2025-01-26 09:20:21"}
{"level":"info","message":"OPTIONS /api/v1/quiz?page=1&limit=10&search= 200 0.206 ms - -","timestamp":"2025-01-26 09:20:21"}
{"level":"info","message":"GET /api/v1/quiz?page=1&limit=10&search= 200 25.282 ms - 1383","timestamp":"2025-01-26 09:20:21"}
{"level":"info","message":"OPTIONS /api/v1/student/all-students 200 0.194 ms - -","timestamp":"2025-01-26 09:20:40"}
{"level":"info","message":"GET /api/v1/student/all-students 200 42.610 ms - 5320","timestamp":"2025-01-26 09:20:40"}
{"level":"info","message":"OPTIONS /api/v1/quiz/assign 200 0.239 ms - -","timestamp":"2025-01-26 09:20:43"}
{"level":"error","message":"Error creating task: \nInvalid `db.task.create()` invocation in\n/home/whynotparit/Desktop/work/chessinchunks/backend/src/modules/quiz/services/quiz.service.js:674:32\n\n  671 }\n  672 \n  673 try {\n→ 674   const task = await db.task.create({\n          data: {\n            description: \"asdad\",\n            taskId: \"TSK01\",\n            startDate: new Date(\"2025-01-25T18:30:00.000Z\"),\n            endDate: new Date(\"2025-01-26T18:30:00.000Z\"),\n            status: \"NOT_STARTED\",\n                    ~~~~~~~~~~~~~\n            createdById: \"ca908286-fc14-44e7-a6ac-02af6d4bbeb6\",\n            quizzes: {\n              connect: {\n                id: \"118a6eb2-d692-4d5b-b9dc-a258ccbb7caa\"\n              }\n            },\n            assignedToUserId: \"f06edeeb-422d-4dd8-a138-ab56c2f3271a\"\n          },\n          include: {\n            quizzes: true,\n            assignedToUser: true,\n            assignedToBatch: true,\n            assignedToAcademy: true,\n            createdBy: true\n          }\n        })\n\nInvalid value for argument `status`. Expected TASK_STATUS.","timestamp":"2025-01-26 09:20:43"}
{"level":"error","statusCode":500,"timestamp":"2025-01-26 09:20:43"}
{"level":"info","message":"POST /api/v1/quiz/assign 500 55.754 ms - 373","timestamp":"2025-01-26 09:20:43"}
{"level":"info","message":"OPTIONS /api/v1/quiz?page=1&limit=10&search= 200 0.172 ms - -","timestamp":"2025-01-26 09:20:43"}
{"level":"info","message":"GET /api/v1/quiz?page=1&limit=10&search= 304 22.182 ms - -","timestamp":"2025-01-26 09:20:43"}
{"level":"info","message":"Database connection successful","timestamp":"2025-01-26 09:23:54"}
{"level":"info","message":"Server is running on port 5000","timestamp":"2025-01-26 09:23:54"}
{"level":"info","message":"Initial origins update completed","timestamp":"2025-01-26 09:23:54"}
{"level":"info","message":"OPTIONS /api/v1/quiz/assign 200 1.887 ms - -","timestamp":"2025-01-26 09:23:56"}
{"level":"info","message":"POST /api/v1/quiz/assign 201 102.356 ms - 1821","timestamp":"2025-01-26 09:23:56"}
{"level":"info","message":"OPTIONS /api/v1/quiz?page=1&limit=10&search= 200 0.220 ms - -","timestamp":"2025-01-26 09:23:56"}
{"level":"info","message":"GET /api/v1/quiz?page=1&limit=10&search= 200 35.758 ms - 2004","timestamp":"2025-01-26 09:23:56"}
{"level":"info","message":"GET /api/v1/academy/domain/localhost:3000/pages/home 200 10.778 ms - 2089","timestamp":"2025-01-26 09:24:13"}
{"level":"info","message":"GET /api/v1/navigation/domain/localhost:3000 200 15.979 ms - 2005","timestamp":"2025-01-26 09:24:13"}
{"level":"info","message":"GET /api/v1/academy/domain/localhost:3000/pages/home 200 6.060 ms - 2089","timestamp":"2025-01-26 09:24:13"}
{"level":"info","message":"GET /api/v1/navigation/domain/localhost:3000 200 5.707 ms - 2005","timestamp":"2025-01-26 09:24:13"}
{"level":"info","message":"GET /api/v1/academy/domain/localhost:3000/pages/home 200 4.647 ms - 2089","timestamp":"2025-01-26 09:24:13"}
{"level":"error","statusCode":404,"timestamp":"2025-01-26 09:24:13"}
{"level":"info","message":"GET /api/v1/academy/domain/localhost:3000/pages/coach1.jpg 404 8.787 ms - 349","timestamp":"2025-01-26 09:24:13"}
{"level":"info","message":"GET /api/v1/navigation/domain/localhost:3000 200 11.627 ms - 2005","timestamp":"2025-01-26 09:24:13"}
{"level":"error","statusCode":404,"timestamp":"2025-01-26 09:24:13"}
{"level":"info","message":"GET /api/v1/academy/domain/localhost:3000/pages/coach1.jpg 404 11.688 ms - 349","timestamp":"2025-01-26 09:24:13"}
{"level":"error","statusCode":404,"timestamp":"2025-01-26 09:24:13"}
{"level":"info","message":"GET /api/v1/academy/domain/localhost:3000/pages/coach2.jpg 404 6.519 ms - 349","timestamp":"2025-01-26 09:24:13"}
{"level":"error","statusCode":404,"timestamp":"2025-01-26 09:24:13"}
{"level":"info","message":"GET /api/v1/academy/domain/localhost:3000/pages/coach2.jpg 404 6.980 ms - 349","timestamp":"2025-01-26 09:24:13"}
{"level":"info","message":"GET /api/v1/navigation/domain/localhost:3000 200 9.503 ms - 2005","timestamp":"2025-01-26 09:24:13"}
{"level":"error","statusCode":404,"timestamp":"2025-01-26 09:24:15"}
{"level":"info","message":"GET /api/v1/academy/domain/localhost:3000/pages/coach1.jpg 404 4.496 ms - 349","timestamp":"2025-01-26 09:24:15"}
{"level":"info","message":"GET /api/v1/navigation/domain/localhost:3000 200 5.763 ms - 2005","timestamp":"2025-01-26 09:24:15"}
{"level":"error","statusCode":404,"timestamp":"2025-01-26 09:24:15"}
{"level":"info","message":"GET /api/v1/academy/domain/localhost:3000/pages/coach2.jpg 404 4.556 ms - 349","timestamp":"2025-01-26 09:24:15"}
{"level":"info","message":"GET /api/v1/navigation/domain/localhost:3000 200 5.781 ms - 2005","timestamp":"2025-01-26 09:24:15"}
{"level":"info","message":"GET /api/v1/academy/domain/chess-in-chunks/pages/home 200 8.197 ms - 2089","timestamp":"2025-01-26 09:24:45"}
{"level":"info","message":"GET /api/v1/academy/domain/chess-in-chunks/pages/home 200 7.197 ms - 2089","timestamp":"2025-01-26 09:24:45"}
{"level":"info","message":"GET /api/v1/navigation/domain/chess-in-chunks 200 12.796 ms - 2005","timestamp":"2025-01-26 09:24:45"}
{"level":"error","statusCode":404,"timestamp":"2025-01-26 09:24:45"}
{"level":"info","message":"GET /api/v1/academy/domain/chess-in-chunks/pages/coach1.jpg 404 6.038 ms - 349","timestamp":"2025-01-26 09:24:45"}
{"level":"info","message":"GET /api/v1/navigation/domain/chess-in-chunks 200 10.528 ms - 2005","timestamp":"2025-01-26 09:24:45"}
{"level":"error","statusCode":404,"timestamp":"2025-01-26 09:24:45"}
{"level":"info","message":"GET /api/v1/academy/domain/chess-in-chunks/pages/coach1.jpg 404 7.665 ms - 349","timestamp":"2025-01-26 09:24:45"}
{"level":"error","statusCode":404,"timestamp":"2025-01-26 09:24:45"}
{"level":"info","message":"GET /api/v1/academy/domain/chess-in-chunks/pages/coach2.jpg 404 7.538 ms - 349","timestamp":"2025-01-26 09:24:45"}
{"level":"error","statusCode":404,"timestamp":"2025-01-26 09:24:45"}
{"level":"info","message":"GET /api/v1/academy/domain/chess-in-chunks/pages/coach2.jpg 404 7.159 ms - 349","timestamp":"2025-01-26 09:24:45"}
{"level":"info","message":"GET /api/v1/navigation/domain/chess-in-chunks 200 11.352 ms - 2005","timestamp":"2025-01-26 09:24:45"}
{"level":"error","statusCode":404,"timestamp":"2025-01-26 09:24:47"}
{"level":"info","message":"GET /api/v1/academy/domain/chess-in-chunks/pages/coach1.jpg 404 5.669 ms - 349","timestamp":"2025-01-26 09:24:47"}
{"level":"info","message":"GET /api/v1/navigation/domain/chess-in-chunks 200 7.217 ms - 2005","timestamp":"2025-01-26 09:24:47"}
{"level":"error","statusCode":404,"timestamp":"2025-01-26 09:24:47"}
{"level":"info","message":"GET /api/v1/academy/domain/chess-in-chunks/pages/coach1.jpg 404 4.684 ms - 349","timestamp":"2025-01-26 09:24:47"}
{"level":"error","statusCode":404,"timestamp":"2025-01-26 09:24:47"}
{"level":"info","message":"GET /api/v1/academy/domain/chess-in-chunks/pages/coach2.jpg 404 5.213 ms - 349","timestamp":"2025-01-26 09:24:47"}
{"level":"info","message":"GET /api/v1/navigation/domain/chess-in-chunks 200 8.667 ms - 2005","timestamp":"2025-01-26 09:24:47"}
{"level":"error","statusCode":404,"timestamp":"2025-01-26 09:24:47"}
{"level":"info","message":"GET /api/v1/academy/domain/chess-in-chunks/pages/coach2.jpg 404 6.229 ms - 349","timestamp":"2025-01-26 09:24:47"}
{"level":"info","message":"OPTIONS /api/v1/auth/check-mfa 200 0.230 ms - -","timestamp":"2025-01-26 09:24:57"}
{"level":"info","message":"POST /api/v1/auth/check-mfa 200 239.125 ms - 49","timestamp":"2025-01-26 09:24:58"}
{"level":"info","message":"POST /api/v1/auth/login-with-password 200 245.490 ms - 868","timestamp":"2025-01-26 09:24:58"}
{"level":"info","message":"OPTIONS /api/v1/tasks 200 0.111 ms - -","timestamp":"2025-01-26 09:25:07"}
{"level":"info","message":"OPTIONS /api/v1/dashboard/student-stats 200 0.098 ms - -","timestamp":"2025-01-26 09:25:07"}
{"level":"info","message":"GET /api/v1/tasks 200 37.684 ms - 2956","timestamp":"2025-01-26 09:25:07"}
{"level":"error","statusCode":500,"timestamp":"2025-01-26 09:25:08"}
{"level":"info","message":"GET /api/v1/dashboard/student-stats 500 79.149 ms - 501","timestamp":"2025-01-26 09:25:08"}
{"level":"info","message":"OPTIONS /api/v1/tasks 200 0.171 ms - -","timestamp":"2025-01-26 09:25:36"}
{"level":"info","message":"OPTIONS /api/v1/dashboard/student-stats 200 0.230 ms - -","timestamp":"2025-01-26 09:25:36"}
{"level":"info","message":"GET /api/v1/tasks 304 35.347 ms - -","timestamp":"2025-01-26 09:25:36"}
{"level":"info","message":"GET /api/v1/dashboard/student-stats 200 43.251 ms - 1030","timestamp":"2025-01-26 09:25:36"}
{"level":"info","message":"OPTIONS /api/v1/dashboard/student/chess-stats?startDate=2024-12-26&endDate=2025-01-26 200 0.266 ms - -","timestamp":"2025-01-26 09:25:37"}
{"level":"info","message":"OPTIONS /api/v1/events/student 200 0.302 ms - -","timestamp":"2025-01-26 09:25:37"}
{"level":"info","message":"OPTIONS /api/v1/quiz/student-attempts 200 0.238 ms - -","timestamp":"2025-01-26 09:25:37"}
{"level":"info","message":"GET /api/v1/dashboard/student/chess-stats?startDate=2024-12-26&endDate=2025-01-26 200 29.761 ms - 386","timestamp":"2025-01-26 09:25:37"}
{"level":"info","message":"GET /api/v1/quiz/student-attempts 200 25.699 ms - 2","timestamp":"2025-01-26 09:25:37"}
{"level":"info","message":"GET /api/v1/events/student 200 46.257 ms - 2","timestamp":"2025-01-26 09:25:37"}
{"level":"info","message":"OPTIONS /api/v1/quiz/id/118a6eb2-d692-4d5b-b9dc-a258ccbb7caa 200 0.242 ms - -","timestamp":"2025-01-26 09:25:48"}
{"level":"info","message":"GET /api/v1/quiz/id/118a6eb2-d692-4d5b-b9dc-a258ccbb7caa 200 33.344 ms - 1794","timestamp":"2025-01-26 09:25:48"}
{"level":"info","message":"OPTIONS /api/v1/quiz/attempt/118a6eb2-d692-4d5b-b9dc-a258ccbb7caa 200 0.185 ms - -","timestamp":"2025-01-26 09:25:48"}
{"level":"info","message":"POST /api/v1/quiz/attempt/118a6eb2-d692-4d5b-b9dc-a258ccbb7caa 201 43.791 ms - 2161","timestamp":"2025-01-26 09:25:48"}
{"level":"info","message":"GET /api/v1/quiz/id/118a6eb2-d692-4d5b-b9dc-a258ccbb7caa 200 23.910 ms - 3249","timestamp":"2025-01-26 09:25:48"}
{"level":"info","message":"OPTIONS /api/v1/quiz/id/118a6eb2-d692-4d5b-b9dc-a258ccbb7caa 200 0.185 ms - -","timestamp":"2025-01-26 09:26:03"}
{"level":"info","message":"GET /api/v1/quiz/id/118a6eb2-d692-4d5b-b9dc-a258ccbb7caa 304 24.863 ms - -","timestamp":"2025-01-26 09:26:03"}
{"level":"info","message":"OPTIONS /api/v1/quiz/id/118a6eb2-d692-4d5b-b9dc-a258ccbb7caa 200 0.220 ms - -","timestamp":"2025-01-26 09:26:15"}
{"level":"info","message":"GET /api/v1/quiz/id/118a6eb2-d692-4d5b-b9dc-a258ccbb7caa 304 27.735 ms - -","timestamp":"2025-01-26 09:26:15"}
{"level":"info","message":"OPTIONS /api/v1/notifications 200 0.108 ms - -","timestamp":"2025-01-26 09:26:30"}
{"level":"info","message":"OPTIONS /api/v1/quiz/id/118a6eb2-d692-4d5b-b9dc-a258ccbb7caa 200 0.104 ms - -","timestamp":"2025-01-26 09:26:30"}
{"level":"info","message":"OPTIONS /api/v1/permission 200 0.112 ms - -","timestamp":"2025-01-26 09:26:30"}
{"level":"info","message":"GET /api/v1/notifications 304 20.100 ms - -","timestamp":"2025-01-26 09:26:30"}
{"level":"info","message":"GET /api/v1/permission 304 20.749 ms - -","timestamp":"2025-01-26 09:26:30"}
{"level":"info","message":"GET /api/v1/quiz/id/118a6eb2-d692-4d5b-b9dc-a258ccbb7caa 304 30.572 ms - -","timestamp":"2025-01-26 09:26:30"}
{"level":"info","message":"OPTIONS /api/v1/notifications 200 0.231 ms - -","timestamp":"2025-01-26 09:26:40"}
{"level":"info","message":"OPTIONS /api/v1/quiz/id/118a6eb2-d692-4d5b-b9dc-a258ccbb7caa 200 0.161 ms - -","timestamp":"2025-01-26 09:26:40"}
{"level":"info","message":"OPTIONS /api/v1/permission 200 0.227 ms - -","timestamp":"2025-01-26 09:26:40"}
{"level":"info","message":"GET /api/v1/notifications 304 20.552 ms - -","timestamp":"2025-01-26 09:26:40"}
{"level":"info","message":"GET /api/v1/permission 304 19.348 ms - -","timestamp":"2025-01-26 09:26:40"}
{"level":"info","message":"GET /api/v1/quiz/id/118a6eb2-d692-4d5b-b9dc-a258ccbb7caa 304 27.564 ms - -","timestamp":"2025-01-26 09:26:40"}
{"level":"info","message":"OPTIONS /api/v1/quiz/id/118a6eb2-d692-4d5b-b9dc-a258ccbb7caa 200 0.253 ms - -","timestamp":"2025-01-26 09:27:34"}
{"level":"info","message":"GET /api/v1/quiz/id/118a6eb2-d692-4d5b-b9dc-a258ccbb7caa 304 24.542 ms - -","timestamp":"2025-01-26 09:27:34"}
{"level":"info","message":"OPTIONS /api/v1/quiz/complete/3084dd32-1d41-40c1-80bf-cf1de96a4b4a 200 0.184 ms - -","timestamp":"2025-01-26 09:27:40"}
{"level":"error","timestamp":"2025-01-26 09:27:40"}
{"level":"info","message":"PATCH /api/v1/quiz/complete/3084dd32-1d41-40c1-80bf-cf1de96a4b4a 500 39.542 ms - 512","timestamp":"2025-01-26 09:27:40"}
{"level":"info","message":"OPTIONS /api/v1/notifications 200 0.208 ms - -","timestamp":"2025-01-26 09:28:11"}
{"level":"info","message":"OPTIONS /api/v1/quiz/id/118a6eb2-d692-4d5b-b9dc-a258ccbb7caa 200 0.244 ms - -","timestamp":"2025-01-26 09:28:11"}
{"level":"info","message":"OPTIONS /api/v1/permission 200 0.195 ms - -","timestamp":"2025-01-26 09:28:11"}
{"level":"info","message":"GET /api/v1/notifications 304 12.011 ms - -","timestamp":"2025-01-26 09:28:11"}
{"level":"info","message":"GET /api/v1/permission 304 16.973 ms - -","timestamp":"2025-01-26 09:28:11"}
{"level":"info","message":"GET /api/v1/quiz/id/118a6eb2-d692-4d5b-b9dc-a258ccbb7caa 304 29.259 ms - -","timestamp":"2025-01-26 09:28:11"}
{"level":"info","message":"OPTIONS /api/v1/notifications 200 0.249 ms - -","timestamp":"2025-01-26 09:28:24"}
{"level":"info","message":"OPTIONS /api/v1/quiz/id/118a6eb2-d692-4d5b-b9dc-a258ccbb7caa 200 0.220 ms - -","timestamp":"2025-01-26 09:28:24"}
{"level":"info","message":"OPTIONS /api/v1/permission 200 0.163 ms - -","timestamp":"2025-01-26 09:28:24"}
{"level":"info","message":"GET /api/v1/notifications 304 36.807 ms - -","timestamp":"2025-01-26 09:28:24"}
{"level":"info","message":"GET /api/v1/permission 304 38.190 ms - -","timestamp":"2025-01-26 09:28:24"}
{"level":"info","message":"GET /api/v1/quiz/id/118a6eb2-d692-4d5b-b9dc-a258ccbb7caa 304 61.695 ms - -","timestamp":"2025-01-26 09:28:24"}
{"level":"info","message":"Database connection successful","timestamp":"2025-01-26 09:31:36"}
{"level":"info","message":"Server is running on port 5000","timestamp":"2025-01-26 09:31:36"}
{"level":"info","message":"Initial origins update completed","timestamp":"2025-01-26 09:31:36"}
{"level":"info","message":"OPTIONS /api/v1/notifications 200 1.512 ms - -","timestamp":"2025-01-26 09:31:41"}
{"level":"info","message":"OPTIONS /api/v1/quiz/id/118a6eb2-d692-4d5b-b9dc-a258ccbb7caa 200 0.319 ms - -","timestamp":"2025-01-26 09:31:41"}
{"level":"info","message":"OPTIONS /api/v1/permission 200 0.283 ms - -","timestamp":"2025-01-26 09:31:41"}
{"level":"info","message":"GET /api/v1/notifications 304 46.703 ms - -","timestamp":"2025-01-26 09:31:41"}
{"level":"info","message":"GET /api/v1/permission 304 44.472 ms - -","timestamp":"2025-01-26 09:31:41"}
{"level":"info","message":"GET /api/v1/quiz/id/118a6eb2-d692-4d5b-b9dc-a258ccbb7caa 200 75.193 ms - 5079","timestamp":"2025-01-26 09:31:41"}
{"level":"info","message":"OPTIONS /api/v1/notifications 200 0.215 ms - -","timestamp":"2025-01-26 09:32:53"}
{"level":"info","message":"OPTIONS /api/v1/quiz/id/118a6eb2-d692-4d5b-b9dc-a258ccbb7caa 200 0.239 ms - -","timestamp":"2025-01-26 09:32:53"}
{"level":"info","message":"OPTIONS /api/v1/permission 200 0.226 ms - -","timestamp":"2025-01-26 09:32:53"}
{"level":"info","message":"GET /api/v1/notifications 304 24.915 ms - -","timestamp":"2025-01-26 09:32:54"}
{"level":"info","message":"GET /api/v1/permission 304 21.723 ms - -","timestamp":"2025-01-26 09:32:54"}
{"level":"info","message":"GET /api/v1/quiz/id/118a6eb2-d692-4d5b-b9dc-a258ccbb7caa 304 47.142 ms - -","timestamp":"2025-01-26 09:32:54"}
{"level":"info","message":"OPTIONS /api/v1/quiz/complete/3084dd32-1d41-40c1-80bf-cf1de96a4b4a 200 0.207 ms - -","timestamp":"2025-01-26 09:33:12"}
{"level":"error","timestamp":"2025-01-26 09:33:12"}
{"level":"info","message":"PATCH /api/v1/quiz/complete/3084dd32-1d41-40c1-80bf-cf1de96a4b4a 500 40.294 ms - 512","timestamp":"2025-01-26 09:33:12"}
{"level":"info","message":"GET /api/v1/academy/domain/localhost:3000/pages/home 200 74.405 ms - 2089","timestamp":"2025-01-26 09:39:16"}
{"level":"info","message":"GET /api/v1/navigation/domain/localhost:3000 200 82.402 ms - 2005","timestamp":"2025-01-26 09:39:16"}
{"level":"info","message":"GET /api/v1/academy/domain/localhost:3000/pages/home 200 64.947 ms - 2089","timestamp":"2025-01-26 09:39:17"}
{"level":"info","message":"GET /api/v1/navigation/domain/localhost:3000 200 63.195 ms - 2005","timestamp":"2025-01-26 09:39:17"}
{"level":"info","message":"GET /api/v1/academy/domain/localhost:3000/pages/home 200 73.297 ms - 2089","timestamp":"2025-01-26 09:39:24"}
{"level":"info","message":"GET /api/v1/navigation/domain/localhost:3000 200 68.195 ms - 2005","timestamp":"2025-01-26 09:39:24"}
{"level":"info","message":"GET /api/v1/academy/domain/localhost:3000/pages/home 200 67.506 ms - 2089","timestamp":"2025-01-26 09:39:28"}
{"level":"info","message":"GET /api/v1/navigation/domain/localhost:3000 200 64.016 ms - 2005","timestamp":"2025-01-26 09:39:28"}
{"level":"info","message":"GET /api/v1/navigation/domain/localhost:3000 200 135.143 ms - 2005","timestamp":"2025-01-26 09:39:37"}
{"level":"info","message":"GET /api/v1/academy/domain/localhost:3000/pages/home 200 152.885 ms - 2089","timestamp":"2025-01-26 09:39:37"}
{"level":"info","message":"GET /api/v1/academy/domain/localhost:3000/pages/home 200 93.331 ms - 2089","timestamp":"2025-01-26 09:39:48"}
{"level":"info","message":"GET /api/v1/navigation/domain/localhost:3000 200 87.553 ms - 2005","timestamp":"2025-01-26 09:39:48"}
{"level":"info","message":"GET /api/v1/academy/domain/localhost:3000/pages/home 200 103.574 ms - 2089","timestamp":"2025-01-26 09:39:54"}
{"level":"info","message":"GET /api/v1/navigation/domain/localhost:3000 200 114.744 ms - 2005","timestamp":"2025-01-26 09:39:54"}
{"level":"info","message":"GET /api/v1/academy/domain/localhost:3000/pages/home 200 73.281 ms - 2089","timestamp":"2025-01-26 09:40:15"}
{"level":"info","message":"GET /api/v1/navigation/domain/localhost:3000 200 68.094 ms - 2005","timestamp":"2025-01-26 09:40:15"}
{"level":"info","message":"GET /api/v1/academy/domain/localhost:3000/pages/home 200 91.434 ms - 2089","timestamp":"2025-01-26 09:41:39"}
{"level":"info","message":"GET /api/v1/navigation/domain/localhost:3000 200 83.707 ms - 2005","timestamp":"2025-01-26 09:41:39"}
{"level":"info","message":"GET /api/v1/navigation/domain/localhost:3000 200 30.089 ms - 2005","timestamp":"2025-01-26 09:42:26"}
{"level":"info","message":"GET /api/v1/academy/domain/localhost:3000/pages/home 200 34.111 ms - 2089","timestamp":"2025-01-26 09:42:26"}
{"level":"info","message":"GET /api/v1/academy/domain/localhost:3000/pages/home 200 12.378 ms - 2089","timestamp":"2025-01-26 09:45:51"}
{"level":"info","message":"GET /api/v1/navigation/domain/localhost:3000 200 13.060 ms - 2005","timestamp":"2025-01-26 09:45:51"}
{"level":"info","message":"GET /api/v1/academy/domain/localhost:3000/pages/home 200 9.695 ms - 2089","timestamp":"2025-01-26 09:45:57"}
{"level":"info","message":"GET /api/v1/navigation/domain/localhost:3000 200 9.995 ms - 2005","timestamp":"2025-01-26 09:45:57"}
{"level":"info","message":"GET /api/v1/academy/domain/localhost:3000/pages/home 200 10.770 ms - 2089","timestamp":"2025-01-26 09:46:06"}
{"level":"info","message":"GET /api/v1/navigation/domain/localhost:3000 200 10.352 ms - 2005","timestamp":"2025-01-26 09:46:06"}
{"level":"info","message":"GET /api/v1/academy/domain/localhost:3000/pages/home 200 10.519 ms - 2089","timestamp":"2025-01-26 09:46:17"}
{"level":"info","message":"GET /api/v1/navigation/domain/localhost:3000 200 12.465 ms - 2005","timestamp":"2025-01-26 09:46:17"}
{"level":"info","message":"GET /api/v1/academy/domain/localhost:3000/pages/home 200 23.080 ms - 2089","timestamp":"2025-01-26 09:46:17"}
{"level":"info","message":"GET /api/v1/navigation/domain/localhost:3000 200 31.092 ms - 2005","timestamp":"2025-01-26 09:46:17"}
{"level":"info","message":"GET /api/v1/academy/domain/localhost:3000/pages/home 200 13.639 ms - 2089","timestamp":"2025-01-26 09:46:17"}
{"level":"info","message":"GET /api/v1/academy/domain/localhost:3000/pages/home 200 13.753 ms - 2089","timestamp":"2025-01-26 09:46:33"}
{"level":"info","message":"GET /api/v1/navigation/domain/localhost:3000 200 16.104 ms - 2005","timestamp":"2025-01-26 09:46:33"}
{"level":"info","message":"GET /api/v1/navigation/domain/localhost:3000 200 10.500 ms - 2005","timestamp":"2025-01-26 09:46:48"}
{"level":"info","message":"GET /api/v1/academy/domain/localhost:3000/pages/home 200 15.209 ms - 2089","timestamp":"2025-01-26 09:46:48"}
{"level":"info","message":"GET /api/v1/academy/domain/localhost:3000/pages/home 200 16.621 ms - 2089","timestamp":"2025-01-26 09:46:53"}
{"level":"info","message":"GET /api/v1/navigation/domain/localhost:3000 200 18.655 ms - 2005","timestamp":"2025-01-26 09:46:53"}
{"level":"info","message":"OPTIONS /api/v1/tasks 200 0.331 ms - -","timestamp":"2025-01-26 09:47:02"}
{"level":"info","message":"OPTIONS /api/v1/dashboard/student-stats 200 0.161 ms - -","timestamp":"2025-01-26 09:47:02"}
{"level":"info","message":"GET /api/v1/tasks 304 109.322 ms - -","timestamp":"2025-01-26 09:47:02"}
{"level":"info","message":"GET /api/v1/dashboard/student-stats 304 183.803 ms - -","timestamp":"2025-01-26 09:47:02"}
{"level":"info","message":"OPTIONS /api/v1/dashboard/student/chess-stats?startDate=2024-12-26&endDate=2025-01-26 200 0.293 ms - -","timestamp":"2025-01-26 09:47:03"}
{"level":"info","message":"OPTIONS /api/v1/quiz/student-attempts 200 0.208 ms - -","timestamp":"2025-01-26 09:47:03"}
{"level":"info","message":"OPTIONS /api/v1/events/student 200 0.225 ms - -","timestamp":"2025-01-26 09:47:03"}
{"level":"info","message":"OPTIONS /api/v1/tasks 200 0.185 ms - -","timestamp":"2025-01-26 09:47:08"}
{"level":"info","message":"GET /api/v1/tasks 304 20.708 ms - -","timestamp":"2025-01-26 09:47:08"}
{"level":"info","message":"OPTIONS /api/v1/dashboard/student-stats 200 0.160 ms - -","timestamp":"2025-01-26 09:47:08"}
{"level":"info","message":"GET /api/v1/dashboard/student-stats 304 27.662 ms - -","timestamp":"2025-01-26 09:47:08"}
{"level":"info","message":"GET /api/v1/dashboard/student/chess-stats?startDate=2024-12-26&endDate=2025-01-26 304 30.060 ms - -","timestamp":"2025-01-26 09:47:08"}
{"level":"info","message":"GET /api/v1/quiz/student-attempts 200 28.692 ms - 967","timestamp":"2025-01-26 09:47:08"}
{"level":"info","message":"GET /api/v1/events/student 304 39.558 ms - -","timestamp":"2025-01-26 09:47:08"}
{"level":"info","message":"OPTIONS /api/v1/quiz/id/118a6eb2-d692-4d5b-b9dc-a258ccbb7caa 200 0.142 ms - -","timestamp":"2025-01-26 09:47:11"}
{"level":"info","message":"GET /api/v1/quiz/id/118a6eb2-d692-4d5b-b9dc-a258ccbb7caa 304 48.343 ms - -","timestamp":"2025-01-26 09:47:11"}
{"level":"info","message":"GET /api/v1/academy/domain/localhost:3000/pages/home 200 9.443 ms - 2089","timestamp":"2025-01-26 09:47:37"}
{"level":"info","message":"GET /api/v1/navigation/domain/localhost:3000 200 11.306 ms - 2005","timestamp":"2025-01-26 09:47:37"}
{"level":"info","message":"GET /api/v1/academy/domain/localhost:3000/pages/home 200 9.866 ms - 2089","timestamp":"2025-01-26 09:47:50"}
{"level":"info","message":"GET /api/v1/navigation/domain/localhost:3000 200 10.537 ms - 2005","timestamp":"2025-01-26 09:47:50"}
{"level":"info","message":"GET /api/v1/academy/domain/localhost:3000/pages/home 200 5.536 ms - 2089","timestamp":"2025-01-26 09:48:02"}
{"level":"info","message":"GET /api/v1/navigation/domain/localhost:3000 200 6.828 ms - 2005","timestamp":"2025-01-26 09:48:02"}
{"level":"info","message":"OPTIONS /api/v1/quiz/complete/3084dd32-1d41-40c1-80bf-cf1de96a4b4a 200 0.261 ms - -","timestamp":"2025-01-26 09:48:05"}
{"level":"error","timestamp":"2025-01-26 09:48:05"}
{"level":"info","message":"PATCH /api/v1/quiz/complete/3084dd32-1d41-40c1-80bf-cf1de96a4b4a 500 34.763 ms - 512","timestamp":"2025-01-26 09:48:05"}
{"level":"info","message":"OPTIONS /api/v1/quiz/complete/3084dd32-1d41-40c1-80bf-cf1de96a4b4a 200 0.154 ms - -","timestamp":"2025-01-26 09:48:41"}
{"level":"error","timestamp":"2025-01-26 09:48:41"}
{"level":"info","message":"PATCH /api/v1/quiz/complete/3084dd32-1d41-40c1-80bf-cf1de96a4b4a 500 26.488 ms - 512","timestamp":"2025-01-26 09:48:41"}
{"level":"info","message":"GET /api/v1/academy/domain/localhost:3000/pages/home 200 10.029 ms - 2089","timestamp":"2025-01-26 09:50:11"}
{"level":"info","message":"GET /api/v1/navigation/domain/localhost:3000 200 10.195 ms - 2005","timestamp":"2025-01-26 09:50:11"}
{"level":"info","message":"GET /api/v1/academy/domain/localhost:3000/pages/home 200 8.602 ms - 2089","timestamp":"2025-01-26 09:50:28"}
{"level":"info","message":"GET /api/v1/navigation/domain/localhost:3000 200 10.387 ms - 2005","timestamp":"2025-01-26 09:50:28"}
{"level":"info","message":"GET /api/v1/academy/domain/localhost:3000/pages/home 200 10.581 ms - 2089","timestamp":"2025-01-26 09:50:33"}
{"level":"info","message":"GET /api/v1/navigation/domain/localhost:3000 200 13.613 ms - 2005","timestamp":"2025-01-26 09:50:33"}
{"level":"info","message":"GET /api/v1/academy/domain/localhost:3000/pages/home 200 6.470 ms - 2089","timestamp":"2025-01-26 09:50:37"}
{"level":"info","message":"GET /api/v1/navigation/domain/localhost:3000 200 7.969 ms - 2005","timestamp":"2025-01-26 09:50:37"}
{"level":"info","message":"GET /api/v1/academy/domain/localhost:3000/pages/home 200 4.600 ms - 2089","timestamp":"2025-01-26 09:50:38"}
{"level":"info","message":"GET /api/v1/navigation/domain/localhost:3000 200 7.688 ms - 2005","timestamp":"2025-01-26 09:50:38"}
{"level":"info","message":"OPTIONS /api/v1/quiz/id/118a6eb2-d692-4d5b-b9dc-a258ccbb7caa 200 0.297 ms - -","timestamp":"2025-01-26 09:52:16"}
{"level":"info","message":"GET /api/v1/quiz/id/118a6eb2-d692-4d5b-b9dc-a258ccbb7caa 304 138.994 ms - -","timestamp":"2025-01-26 09:52:17"}
{"level":"info","message":"OPTIONS /api/v1/tasks 200 0.218 ms - -","timestamp":"2025-01-26 09:52:21"}
{"level":"info","message":"OPTIONS /api/v1/dashboard/student-stats 200 0.265 ms - -","timestamp":"2025-01-26 09:52:21"}
{"level":"info","message":"GET /api/v1/tasks 304 88.269 ms - -","timestamp":"2025-01-26 09:52:21"}
{"level":"info","message":"GET /api/v1/dashboard/student-stats 304 37.182 ms - -","timestamp":"2025-01-26 09:52:21"}
{"level":"info","message":"OPTIONS /api/v1/dashboard/student/chess-stats?startDate=2024-12-26&endDate=2025-01-26 200 0.234 ms - -","timestamp":"2025-01-26 09:52:21"}
{"level":"info","message":"OPTIONS /api/v1/events/student 200 0.201 ms - -","timestamp":"2025-01-26 09:52:21"}
{"level":"info","message":"OPTIONS /api/v1/quiz/student-attempts 200 0.265 ms - -","timestamp":"2025-01-26 09:52:21"}
{"level":"info","message":"GET /api/v1/dashboard/student/chess-stats?startDate=2024-12-26&endDate=2025-01-26 304 34.913 ms - -","timestamp":"2025-01-26 09:52:21"}
{"level":"info","message":"GET /api/v1/events/student 304 48.380 ms - -","timestamp":"2025-01-26 09:52:21"}
{"level":"info","message":"GET /api/v1/quiz/student-attempts 304 75.724 ms - -","timestamp":"2025-01-26 09:52:21"}
{"level":"info","message":"OPTIONS /api/v1/quiz?page=1&limit=10&search= 200 0.378 ms - -","timestamp":"2025-01-26 09:52:24"}
{"level":"info","message":"GET /api/v1/quiz?page=1&limit=10&search= 304 48.946 ms - -","timestamp":"2025-01-26 09:52:24"}
{"level":"info","message":"OPTIONS /api/v1/quiz 200 0.227 ms - -","timestamp":"2025-01-26 09:52:34"}
{"level":"info","message":"POST /api/v1/quiz 201 172.083 ms - 668","timestamp":"2025-01-26 09:52:34"}
{"level":"info","message":"OPTIONS /api/v1/quiz?page=1&limit=10&search= 200 0.156 ms - -","timestamp":"2025-01-26 09:52:34"}
{"level":"info","message":"GET /api/v1/quiz?page=1&limit=10&search= 200 24.078 ms - 3378","timestamp":"2025-01-26 09:52:34"}
{"level":"info","message":"OPTIONS /api/v1/student/all-students 200 0.222 ms - -","timestamp":"2025-01-26 09:52:48"}
{"level":"info","message":"GET /api/v1/student/all-students 200 57.932 ms - 5342","timestamp":"2025-01-26 09:52:48"}
{"level":"info","message":"OPTIONS /api/v1/quiz/assign 200 0.246 ms - -","timestamp":"2025-01-26 09:52:50"}
{"level":"info","message":"POST /api/v1/quiz/assign 201 52.939 ms - 1836","timestamp":"2025-01-26 09:52:50"}
{"level":"info","message":"OPTIONS /api/v1/quiz?page=1&limit=10&search= 200 0.235 ms - -","timestamp":"2025-01-26 09:52:50"}
{"level":"info","message":"GET /api/v1/quiz?page=1&limit=10&search= 200 25.223 ms - 4000","timestamp":"2025-01-26 09:52:50"}
{"level":"info","message":"OPTIONS /api/v1/tasks 200 0.292 ms - -","timestamp":"2025-01-26 09:52:58"}
{"level":"info","message":"OPTIONS /api/v1/dashboard/student-stats 200 0.235 ms - -","timestamp":"2025-01-26 09:52:58"}
{"level":"info","message":"GET /api/v1/dashboard/student-stats 304 69.020 ms - -","timestamp":"2025-01-26 09:52:58"}
{"level":"info","message":"GET /api/v1/tasks 200 120.422 ms - 5904","timestamp":"2025-01-26 09:52:58"}
{"level":"info","message":"OPTIONS /api/v1/dashboard/student/chess-stats?startDate=2024-12-26&endDate=2025-01-26 200 0.166 ms - -","timestamp":"2025-01-26 09:52:58"}
{"level":"info","message":"OPTIONS /api/v1/events/student 200 0.927 ms - -","timestamp":"2025-01-26 09:52:58"}
{"level":"info","message":"OPTIONS /api/v1/quiz/student-attempts 200 0.192 ms - -","timestamp":"2025-01-26 09:52:58"}
{"level":"info","message":"GET /api/v1/quiz/student-attempts 304 34.528 ms - -","timestamp":"2025-01-26 09:52:58"}
{"level":"info","message":"GET /api/v1/dashboard/student/chess-stats?startDate=2024-12-26&endDate=2025-01-26 304 54.910 ms - -","timestamp":"2025-01-26 09:52:58"}
{"level":"info","message":"GET /api/v1/events/student 304 54.975 ms - -","timestamp":"2025-01-26 09:52:58"}
{"level":"info","message":"OPTIONS /api/v1/quiz/id/fbd1c959-fad9-433f-a833-c638470bae70 200 0.267 ms - -","timestamp":"2025-01-26 09:53:02"}
{"level":"info","message":"GET /api/v1/quiz/id/fbd1c959-fad9-433f-a833-c638470bae70 200 106.752 ms - 2085","timestamp":"2025-01-26 09:53:02"}
{"level":"info","message":"OPTIONS /api/v1/quiz/attempt/fbd1c959-fad9-433f-a833-c638470bae70 200 0.183 ms - -","timestamp":"2025-01-26 09:53:02"}
{"level":"info","message":"POST /api/v1/quiz/attempt/fbd1c959-fad9-433f-a833-c638470bae70 201 85.162 ms - 2153","timestamp":"2025-01-26 09:53:02"}
{"level":"info","message":"GET /api/v1/quiz/id/fbd1c959-fad9-433f-a833-c638470bae70 200 29.810 ms - 5072","timestamp":"2025-01-26 09:53:02"}
{"level":"info","message":"OPTIONS /api/v1/quiz/complete/be42fc54-2d7b-4d2e-b0aa-96931ebb676b 200 0.154 ms - -","timestamp":"2025-01-26 09:53:07"}
{"level":"info","message":"POST /api/v1/quiz/complete/be42fc54-2d7b-4d2e-b0aa-96931ebb676b 404 6.008 ms - 197","timestamp":"2025-01-26 09:53:07"}
{"level":"info","message":"OPTIONS /api/v1/quiz/id/fbd1c959-fad9-433f-a833-c638470bae70 200 3.475 ms - -","timestamp":"2025-01-26 09:53:28"}
{"level":"info","message":"GET /api/v1/quiz/id/fbd1c959-fad9-433f-a833-c638470bae70 304 143.413 ms - -","timestamp":"2025-01-26 09:53:28"}
{"level":"info","message":"OPTIONS /api/v1/notifications 200 1.435 ms - -","timestamp":"2025-01-26 09:53:43"}
{"level":"info","message":"OPTIONS /api/v1/quiz/id/fbd1c959-fad9-433f-a833-c638470bae70 200 0.088 ms - -","timestamp":"2025-01-26 09:53:43"}
{"level":"info","message":"OPTIONS /api/v1/permission 200 0.378 ms - -","timestamp":"2025-01-26 09:53:43"}
{"level":"info","message":"GET /api/v1/notifications 304 473.588 ms - -","timestamp":"2025-01-26 09:53:44"}
{"level":"info","message":"GET /api/v1/quiz/id/fbd1c959-fad9-433f-a833-c638470bae70 304 744.324 ms - -","timestamp":"2025-01-26 09:53:45"}
{"level":"info","message":"GET /api/v1/permission 304 321.441 ms - -","timestamp":"2025-01-26 09:53:45"}
{"level":"info","message":"Database connection successful","timestamp":"2025-01-26 09:54:41"}
{"level":"info","message":"Server is running on port 5000","timestamp":"2025-01-26 09:54:41"}
{"level":"info","message":"Initial origins update completed","timestamp":"2025-01-26 09:54:41"}
{"level":"info","message":"Database connection successful","timestamp":"2025-01-26 09:54:46"}
{"level":"info","message":"Server is running on port 5000","timestamp":"2025-01-26 09:54:46"}
{"level":"info","message":"Initial origins update completed","timestamp":"2025-01-26 09:54:46"}
{"level":"info","message":"OPTIONS /api/v1/quiz/complete/be42fc54-2d7b-4d2e-b0aa-96931ebb676b 200 1.748 ms - -","timestamp":"2025-01-26 09:54:57"}
{"level":"info","message":"POST /api/v1/quiz/complete/be42fc54-2d7b-4d2e-b0aa-96931ebb676b 404 25.578 ms - 197","timestamp":"2025-01-26 09:54:57"}
{"level":"info","message":"OPTIONS /api/v1/notifications 200 0.277 ms - -","timestamp":"2025-01-26 09:55:04"}
{"level":"info","message":"OPTIONS /api/v1/quiz/id/fbd1c959-fad9-433f-a833-c638470bae70 200 0.225 ms - -","timestamp":"2025-01-26 09:55:04"}
{"level":"info","message":"OPTIONS /api/v1/permission 200 0.259 ms - -","timestamp":"2025-01-26 09:55:04"}
{"level":"info","message":"GET /api/v1/notifications 304 46.821 ms - -","timestamp":"2025-01-26 09:55:04"}
{"level":"info","message":"GET /api/v1/permission 304 35.952 ms - -","timestamp":"2025-01-26 09:55:04"}
{"level":"info","message":"GET /api/v1/quiz/id/fbd1c959-fad9-433f-a833-c638470bae70 304 58.902 ms - -","timestamp":"2025-01-26 09:55:04"}
{"level":"info","message":"Database connection successful","timestamp":"2025-01-26 09:55:25"}
{"level":"info","message":"Server is running on port 5000","timestamp":"2025-01-26 09:55:25"}
{"level":"info","message":"Initial origins update completed","timestamp":"2025-01-26 09:55:25"}
{"level":"info","message":"Database connection successful","timestamp":"2025-01-26 09:55:27"}
{"level":"info","message":"Server is running on port 5000","timestamp":"2025-01-26 09:55:27"}
{"level":"info","message":"Initial origins update completed","timestamp":"2025-01-26 09:55:27"}
{"level":"info","message":"OPTIONS /api/v1/quiz/complete/be42fc54-2d7b-4d2e-b0aa-96931ebb676b 200 1.554 ms - -","timestamp":"2025-01-26 09:55:29"}
{"level":"info","message":"POST /api/v1/quiz/complete/be42fc54-2d7b-4d2e-b0aa-96931ebb676b 404 27.043 ms - 197","timestamp":"2025-01-26 09:55:29"}
{"level":"info","message":"POST /api/v1/quiz/complete/be42fc54-2d7b-4d2e-b0aa-96931ebb676b 404 3.737 ms - 197","timestamp":"2025-01-26 09:55:31"}
{"level":"info","message":"POST /api/v1/quiz/complete/be42fc54-2d7b-4d2e-b0aa-96931ebb676b 404 1.997 ms - 197","timestamp":"2025-01-26 09:55:33"}
{"level":"info","message":"OPTIONS /api/v1/quiz/complete/be42fc54-2d7b-4d2e-b0aa-96931ebb676b 200 0.226 ms - -","timestamp":"2025-01-26 09:55:35"}
{"level":"info","message":"POST /api/v1/quiz/complete/be42fc54-2d7b-4d2e-b0aa-96931ebb676b 404 1.628 ms - 197","timestamp":"2025-01-26 09:55:35"}
{"level":"info","message":"POST /api/v1/quiz/complete/be42fc54-2d7b-4d2e-b0aa-96931ebb676b 404 1.698 ms - 197","timestamp":"2025-01-26 09:55:35"}
{"level":"info","message":"Database connection successful","timestamp":"2025-01-26 09:55:52"}
{"level":"info","message":"Server is running on port 5000","timestamp":"2025-01-26 09:55:52"}
{"level":"info","message":"Initial origins update completed","timestamp":"2025-01-26 09:55:52"}
{"level":"info","message":"Database connection successful","timestamp":"2025-01-26 09:55:54"}
{"level":"info","message":"Server is running on port 5000","timestamp":"2025-01-26 09:55:54"}
{"level":"info","message":"Initial origins update completed","timestamp":"2025-01-26 09:55:54"}
{"level":"info","message":"OPTIONS /api/v1/quiz/complete/be42fc54-2d7b-4d2e-b0aa-96931ebb676b 200 2.030 ms - -","timestamp":"2025-01-26 09:55:57"}
{"level":"info","message":"POST /api/v1/quiz/complete/be42fc54-2d7b-4d2e-b0aa-96931ebb676b 404 28.398 ms - 197","timestamp":"2025-01-26 09:55:57"}
{"level":"info","message":"POST /api/v1/quiz/complete/be42fc54-2d7b-4d2e-b0aa-96931ebb676b 404 3.464 ms - 197","timestamp":"2025-01-26 09:55:59"}
{"level":"info","message":"POST /api/v1/quiz/complete/be42fc54-2d7b-4d2e-b0aa-96931ebb676b 404 1.916 ms - 197","timestamp":"2025-01-26 09:55:59"}
{"level":"info","message":"OPTIONS /api/v1/quiz/complete/be42fc54-2d7b-4d2e-b0aa-96931ebb676b 200 0.498 ms - -","timestamp":"2025-01-26 09:56:37"}
{"level":"info","message":"POST /api/v1/quiz/complete/be42fc54-2d7b-4d2e-b0aa-96931ebb676b 404 1.642 ms - 197","timestamp":"2025-01-26 09:56:37"}
{"level":"info","message":"OPTIONS /api/v1/quiz/complete/be42fc54-2d7b-4d2e-b0aa-96931ebb676b 200 0.198 ms - -","timestamp":"2025-01-26 09:56:58"}
{"level":"info","message":"POST /api/v1/quiz/complete/be42fc54-2d7b-4d2e-b0aa-96931ebb676b 404 1.521 ms - 197","timestamp":"2025-01-26 09:56:58"}
{"level":"info","message":"Database connection successful","timestamp":"2025-01-26 09:57:13"}
{"level":"info","message":"Server is running on port 5000","timestamp":"2025-01-26 09:57:13"}
{"level":"info","message":"Initial origins update completed","timestamp":"2025-01-26 09:57:13"}
{"level":"info","message":"Database connection successful","timestamp":"2025-01-26 09:57:16"}
{"level":"info","message":"Server is running on port 5000","timestamp":"2025-01-26 09:57:16"}
{"level":"info","message":"Initial origins update completed","timestamp":"2025-01-26 09:57:16"}
{"level":"info","message":"OPTIONS /api/v1/quiz/complete/be42fc54-2d7b-4d2e-b0aa-96931ebb676b 200 1.722 ms - -","timestamp":"2025-01-26 09:57:18"}
{"level":"info","message":"POST /api/v1/quiz/complete/be42fc54-2d7b-4d2e-b0aa-96931ebb676b 404 23.441 ms - 197","timestamp":"2025-01-26 09:57:18"}
{"level":"info","message":"POST /api/v1/quiz/complete/be42fc54-2d7b-4d2e-b0aa-96931ebb676b 404 3.795 ms - 197","timestamp":"2025-01-26 09:57:21"}
{"level":"info","message":"GET /api/v1/academy/domain/localhost:3000/pages/home 200 85.967 ms - 2089","timestamp":"2025-01-26 09:57:58"}
{"level":"info","message":"GET /api/v1/navigation/domain/localhost:3000 200 82.571 ms - 2005","timestamp":"2025-01-26 09:57:58"}
{"level":"info","message":"OPTIONS /api/v1/quiz/complete/be42fc54-2d7b-4d2e-b0aa-96931ebb676b 200 0.287 ms - -","timestamp":"2025-01-26 09:58:03"}
{"level":"info","message":"POST /api/v1/quiz/complete/be42fc54-2d7b-4d2e-b0aa-96931ebb676b 404 2.326 ms - 197","timestamp":"2025-01-26 09:58:03"}
{"level":"info","message":"OPTIONS /api/v1/quiz/complete/be42fc54-2d7b-4d2e-b0aa-96931ebb676b 200 0.221 ms - -","timestamp":"2025-01-26 09:58:11"}
{"level":"info","message":"POST /api/v1/quiz/complete/be42fc54-2d7b-4d2e-b0aa-96931ebb676b 404 2.026 ms - 197","timestamp":"2025-01-26 09:58:11"}
{"level":"info","message":"OPTIONS /api/v1/quiz/complete/be42fc54-2d7b-4d2e-b0aa-96931ebb676b 200 0.603 ms - -","timestamp":"2025-01-26 09:59:35"}
{"level":"info","message":"POST /api/v1/quiz/complete/be42fc54-2d7b-4d2e-b0aa-96931ebb676b 404 2.879 ms - 197","timestamp":"2025-01-26 09:59:35"}
{"level":"info","message":"OPTIONS /api/v1/tasks 200 0.295 ms - -","timestamp":"2025-01-26 09:59:46"}
{"level":"info","message":"OPTIONS /api/v1/dashboard/student-stats 200 0.196 ms - -","timestamp":"2025-01-26 09:59:46"}
{"level":"info","message":"GET /api/v1/tasks 304 154.092 ms - -","timestamp":"2025-01-26 09:59:46"}
{"level":"info","message":"GET /api/v1/dashboard/student-stats 304 164.448 ms - -","timestamp":"2025-01-26 09:59:46"}
{"level":"info","message":"OPTIONS /api/v1/dashboard/student/chess-stats?startDate=2024-12-26&endDate=2025-01-26 200 0.218 ms - -","timestamp":"2025-01-26 09:59:46"}
{"level":"info","message":"OPTIONS /api/v1/events/student 200 0.196 ms - -","timestamp":"2025-01-26 09:59:46"}
{"level":"info","message":"OPTIONS /api/v1/quiz/student-attempts 200 0.282 ms - -","timestamp":"2025-01-26 09:59:46"}
{"level":"info","message":"GET /api/v1/quiz/student-attempts 200 46.212 ms - 1926","timestamp":"2025-01-26 09:59:46"}
{"level":"info","message":"GET /api/v1/events/student 304 72.117 ms - -","timestamp":"2025-01-26 09:59:46"}
{"level":"info","message":"GET /api/v1/dashboard/student/chess-stats?startDate=2024-12-26&endDate=2025-01-26 304 85.364 ms - -","timestamp":"2025-01-26 09:59:46"}
{"level":"info","message":"OPTIONS /api/v1/tasks 200 0.401 ms - -","timestamp":"2025-01-26 09:59:53"}
{"level":"info","message":"OPTIONS /api/v1/dashboard/student-stats 200 0.117 ms - -","timestamp":"2025-01-26 09:59:53"}
{"level":"info","message":"GET /api/v1/tasks 304 153.703 ms - -","timestamp":"2025-01-26 09:59:53"}
{"level":"info","message":"GET /api/v1/dashboard/student-stats 304 126.320 ms - -","timestamp":"2025-01-26 09:59:53"}
{"level":"info","message":"OPTIONS /api/v1/dashboard/student/chess-stats?startDate=2024-12-26&endDate=2025-01-26 200 0.212 ms - -","timestamp":"2025-01-26 09:59:55"}
{"level":"info","message":"OPTIONS /api/v1/events/student 200 0.113 ms - -","timestamp":"2025-01-26 09:59:55"}
{"level":"info","message":"OPTIONS /api/v1/quiz/student-attempts 200 0.151 ms - -","timestamp":"2025-01-26 09:59:55"}
{"level":"info","message":"GET /api/v1/quiz/student-attempts 304 82.033 ms - -","timestamp":"2025-01-26 09:59:55"}
{"level":"info","message":"GET /api/v1/events/student 304 103.686 ms - -","timestamp":"2025-01-26 09:59:55"}
{"level":"info","message":"GET /api/v1/dashboard/student/chess-stats?startDate=2024-12-26&endDate=2025-01-26 304 149.042 ms - -","timestamp":"2025-01-26 09:59:55"}
{"level":"info","message":"OPTIONS /api/v1/quiz/id/fbd1c959-fad9-433f-a833-c638470bae70 200 0.316 ms - -","timestamp":"2025-01-26 10:00:00"}
{"level":"info","message":"GET /api/v1/quiz/id/fbd1c959-fad9-433f-a833-c638470bae70 304 194.307 ms - -","timestamp":"2025-01-26 10:00:00"}
{"level":"info","message":"Running expired signups check cron job","timestamp":"2025-01-26 10:00:00"}
{"level":"info","message":"Processed 0 expired signups","timestamp":"2025-01-26 10:00:00"}
{"level":"info","message":"OPTIONS /api/v1/quiz/complete/be42fc54-2d7b-4d2e-b0aa-96931ebb676b 200 0.234 ms - -","timestamp":"2025-01-26 10:00:05"}
{"level":"info","message":"PATCH /api/v1/quiz/complete/be42fc54-2d7b-4d2e-b0aa-96931ebb676b 200 197.097 ms - 1064","timestamp":"2025-01-26 10:00:05"}
{"level":"info","message":"OPTIONS /api/v1/notifications 200 0.797 ms - -","timestamp":"2025-01-26 10:00:14"}
{"level":"info","message":"OPTIONS /api/v1/quiz/id/fbd1c959-fad9-433f-a833-c638470bae70 200 0.177 ms - -","timestamp":"2025-01-26 10:00:14"}
{"level":"info","message":"OPTIONS /api/v1/permission 200 0.225 ms - -","timestamp":"2025-01-26 10:00:14"}
{"level":"info","message":"GET /api/v1/notifications 304 117.101 ms - -","timestamp":"2025-01-26 10:00:14"}
{"level":"info","message":"GET /api/v1/permission 304 77.198 ms - -","timestamp":"2025-01-26 10:00:14"}
{"level":"info","message":"GET /api/v1/quiz/id/fbd1c959-fad9-433f-a833-c638470bae70 200 95.187 ms - 8702","timestamp":"2025-01-26 10:00:14"}
{"level":"info","message":"Database connection successful","timestamp":"2025-01-26 14:04:00"}
{"level":"info","message":"Server is running on port 5000","timestamp":"2025-01-26 14:04:00"}
{"level":"info","message":"Initial origins update completed","timestamp":"2025-01-26 14:04:00"}
{"level":"info","message":"OPTIONS /api/v1/permission 200 0.956 ms - -","timestamp":"2025-01-26 14:04:21"}
{"level":"info","message":"GET /api/v1/permission 304 33.817 ms - -","timestamp":"2025-01-26 14:04:21"}
{"level":"info","message":"OPTIONS /api/v1/notifications 200 0.341 ms - -","timestamp":"2025-01-26 14:04:21"}
{"level":"info","message":"OPTIONS /api/v1/dashboard 200 0.255 ms - -","timestamp":"2025-01-26 14:04:21"}
{"level":"info","message":"GET /api/v1/notifications 304 16.774 ms - -","timestamp":"2025-01-26 14:04:21"}
{"level":"info","message":"GET /api/v1/dashboard 200 38.472 ms - 115","timestamp":"2025-01-26 14:04:21"}
{"level":"info","message":"OPTIONS /api/v1/superadmin/all-academies?page=1&limit=10&query= 200 0.238 ms - -","timestamp":"2025-01-26 14:04:26"}
{"level":"info","message":"GET /api/v1/superadmin/all-academies?page=1&limit=10&query= 304 44.955 ms - -","timestamp":"2025-01-26 14:04:26"}
{"level":"info","message":"OPTIONS /api/v1/permission 200 0.211 ms - -","timestamp":"2025-01-26 14:04:30"}
{"level":"info","message":"GET /api/v1/permission 304 15.824 ms - -","timestamp":"2025-01-26 14:04:30"}
{"level":"info","message":"OPTIONS /api/v1/notifications 200 0.330 ms - -","timestamp":"2025-01-26 14:04:30"}
{"level":"info","message":"OPTIONS /api/v1/dashboard 200 0.230 ms - -","timestamp":"2025-01-26 14:04:30"}
{"level":"info","message":"GET /api/v1/notifications 304 13.761 ms - -","timestamp":"2025-01-26 14:04:30"}
{"level":"info","message":"GET /api/v1/dashboard 403 19.735 ms - 96","timestamp":"2025-01-26 14:04:30"}
{"level":"info","message":"OPTIONS /api/v1/student/all-students 200 0.161 ms - -","timestamp":"2025-01-26 14:39:23"}
{"level":"info","message":"GET /api/v1/student/all-students 304 34.078 ms - -","timestamp":"2025-01-26 14:39:23"}
{"level":"info","message":"OPTIONS /api/v1/student-signups?page=1&limit=10&search= 200 0.122 ms - -","timestamp":"2025-01-26 14:39:24"}
{"level":"info","message":"GET /api/v1/student-signups?page=1&limit=10&search= 304 16.492 ms - -","timestamp":"2025-01-26 14:39:24"}
{"level":"info","message":"OPTIONS /api/v1/batch/options 200 0.143 ms - -","timestamp":"2025-01-26 14:39:26"}
{"level":"info","message":"GET /api/v1/batch/options 200 12.842 ms - 3451","timestamp":"2025-01-26 14:39:26"}
{"level":"info","message":"Running expired signups check cron job","timestamp":"2025-01-26 15:00:00"}
{"level":"info","message":"Processed 0 expired signups","timestamp":"2025-01-26 15:00:00"}
{"level":"info","message":"Running expired signups check cron job","timestamp":"2025-01-26 16:00:00"}
{"level":"info","message":"Processed 0 expired signups","timestamp":"2025-01-26 16:00:00"}
{"level":"info","message":"OPTIONS /api/v1/notifications 200 0.191 ms - -","timestamp":"2025-01-26 19:42:07"}
{"level":"info","message":"OPTIONS /api/v1/superadmin/all-academies?page=1&limit=10&query= 200 0.196 ms - -","timestamp":"2025-01-26 19:42:07"}
{"level":"info","message":"OPTIONS /api/v1/permission 200 0.120 ms - -","timestamp":"2025-01-26 19:42:07"}
{"level":"info","message":"GET /api/v1/notifications 304 13.925 ms - -","timestamp":"2025-01-26 19:42:07"}
{"level":"info","message":"OPTIONS /api/v1/notifications 200 0.203 ms - -","timestamp":"2025-01-26 19:42:07"}
{"level":"info","message":"OPTIONS /api/v1/batch/options 200 0.295 ms - -","timestamp":"2025-01-26 19:42:08"}
{"level":"info","message":"OPTIONS /api/v1/permission 200 0.189 ms - -","timestamp":"2025-01-26 19:42:08"}
{"level":"info","message":"GET /api/v1/permission 304 21.178 ms - -","timestamp":"2025-01-26 19:42:08"}
{"level":"info","message":"GET /api/v1/superadmin/all-academies?page=1&limit=10&query= 304 41.028 ms - -","timestamp":"2025-01-26 19:42:08"}
{"level":"info","message":"GET /api/v1/notifications 304 12.590 ms - -","timestamp":"2025-01-26 19:42:08"}
{"level":"info","message":"GET /api/v1/permission 304 14.052 ms - -","timestamp":"2025-01-26 19:42:08"}
{"level":"info","message":"GET /api/v1/batch/options 304 20.700 ms - -","timestamp":"2025-01-26 19:42:08"}
{"level":"info","message":"OPTIONS /api/v1/superadmin/plans?page=1&limit=1000&query=&tier=undefined&type=undefined&sortBy=undefined&sortOrder=undefined&signupId=undefined 200 0.174 ms - -","timestamp":"2025-01-26 19:43:39"}
{"level":"info","message":"GET /api/v1/superadmin/plans?page=1&limit=1000&query=&tier=undefined&type=undefined&sortBy=undefined&sortOrder=undefined&signupId=undefined 200 61.741 ms - 180","timestamp":"2025-01-26 19:43:39"}
{"level":"info","message":"Database connection successful","timestamp":"2025-01-26 19:45:11"}
{"level":"info","message":"Server is running on port 5000","timestamp":"2025-01-26 19:45:11"}
{"level":"info","message":"Initial origins update completed","timestamp":"2025-01-26 19:45:11"}
{"level":"info","message":"Database connection successful","timestamp":"2025-01-26 19:45:16"}
{"level":"info","message":"Server is running on port 5000","timestamp":"2025-01-26 19:45:16"}
{"level":"info","message":"Initial origins update completed","timestamp":"2025-01-26 19:45:16"}
{"level":"info","message":"Database connection successful","timestamp":"2025-01-26 19:45:41"}
{"level":"info","message":"Server is running on port 5000","timestamp":"2025-01-26 19:45:41"}
{"level":"info","message":"Initial origins update completed","timestamp":"2025-01-26 19:45:41"}
{"level":"info","message":"Database connection successful","timestamp":"2025-01-26 19:48:25"}
{"level":"info","message":"Server is running on port 5000","timestamp":"2025-01-26 19:48:25"}
{"level":"info","message":"Initial origins update completed","timestamp":"2025-01-26 19:48:25"}
{"level":"info","message":"Database connection successful","timestamp":"2025-01-26 19:48:28"}
{"level":"info","message":"Server is running on port 5000","timestamp":"2025-01-26 19:48:28"}
{"level":"info","message":"Initial origins update completed","timestamp":"2025-01-26 19:48:28"}
{"level":"info","message":"Database connection successful","timestamp":"2025-01-26 20:54:34"}
{"level":"info","message":"Server is running on port 5000","timestamp":"2025-01-26 20:54:34"}
{"level":"info","message":"Initial origins update completed","timestamp":"2025-01-26 20:54:34"}
{"level":"warn","message":"Origin not allowed: http://chess-in-chunks.localhost:3001","timestamp":"2025-01-26 20:55:05"}
{"level":"warn","message":"Blocked request from unauthorized origin: http://chess-in-chunks.localhost:3001","timestamp":"2025-01-26 20:55:05"}
{"level":"info","message":"OPTIONS /api/v1/notifications 403 4.386 ms - 43","timestamp":"2025-01-26 20:55:05"}
{"level":"warn","message":"Origin not allowed: http://chess-in-chunks.localhost:3001","timestamp":"2025-01-26 20:55:05"}
{"level":"warn","message":"Blocked request from unauthorized origin: http://chess-in-chunks.localhost:3001","timestamp":"2025-01-26 20:55:05"}
{"level":"info","message":"OPTIONS /api/v1/student-signups?page=1&limit=10&search= 403 1.568 ms - 43","timestamp":"2025-01-26 20:55:05"}
{"level":"warn","message":"Origin not allowed: http://chess-in-chunks.localhost:3001","timestamp":"2025-01-26 20:55:05"}
{"level":"warn","message":"Blocked request from unauthorized origin: http://chess-in-chunks.localhost:3001","timestamp":"2025-01-26 20:55:05"}
{"level":"info","message":"OPTIONS /api/v1/permission 403 1.112 ms - 43","timestamp":"2025-01-26 20:55:05"}
{"level":"warn","message":"Origin not allowed: http://chess-in-chunks.localhost:3001","timestamp":"2025-01-26 20:55:08"}
{"level":"warn","message":"Blocked request from unauthorized origin: http://chess-in-chunks.localhost:3001","timestamp":"2025-01-26 20:55:08"}
{"level":"info","message":"OPTIONS /api/v1/notifications 403 1.283 ms - 43","timestamp":"2025-01-26 20:55:08"}
{"level":"warn","message":"Origin not allowed: http://chess-in-chunks.localhost:3001","timestamp":"2025-01-26 20:55:08"}
{"level":"warn","message":"Blocked request from unauthorized origin: http://chess-in-chunks.localhost:3001","timestamp":"2025-01-26 20:55:08"}
{"level":"info","message":"OPTIONS /api/v1/student-signups?page=1&limit=10&search= 403 1.114 ms - 43","timestamp":"2025-01-26 20:55:08"}
{"level":"warn","message":"Origin not allowed: http://chess-in-chunks.localhost:3001","timestamp":"2025-01-26 20:55:08"}
{"level":"warn","message":"Blocked request from unauthorized origin: http://chess-in-chunks.localhost:3001","timestamp":"2025-01-26 20:55:08"}
{"level":"info","message":"OPTIONS /api/v1/permission 403 1.195 ms - 43","timestamp":"2025-01-26 20:55:08"}
{"level":"\u001b[32minfo\u001b[39m","message":"Roles seeded successfully","timestamp":"2025-01-26 20:55:29"}
{"level":"\u001b[32minfo\u001b[39m","message":"Permissions seeded successfully","timestamp":"2025-01-26 20:55:29"}
{"level":"\u001b[32minfo\u001b[39m","message":"Assigned permission \"VIEW /dashboard\" to role \"SUPER_ADMIN\".","timestamp":"2025-01-26 20:55:29"}
{"level":"\u001b[32minfo\u001b[39m","message":"Assigned permission \"VIEW /dashboard/academies\" to role \"SUPER_ADMIN\".","timestamp":"2025-01-26 20:55:29"}
{"level":"\u001b[32minfo\u001b[39m","message":"Assigned permission \"ADD /dashboard/academies\" to role \"SUPER_ADMIN\".","timestamp":"2025-01-26 20:55:29"}
{"level":"\u001b[32minfo\u001b[39m","message":"Assigned permission \"UPDATE /dashboard/academies\" to role \"SUPER_ADMIN\".","timestamp":"2025-01-26 20:55:29"}
{"level":"\u001b[32minfo\u001b[39m","message":"Assigned permission \"DELETE /dashboard/academies\" to role \"SUPER_ADMIN\".","timestamp":"2025-01-26 20:55:29"}
{"level":"\u001b[32minfo\u001b[39m","message":"Assigned permission \"VIEW /dashboard/invitations\" to role \"SUPER_ADMIN\".","timestamp":"2025-01-26 20:55:29"}
{"level":"\u001b[32minfo\u001b[39m","message":"Assigned permission \"VIEW /dashboard/users\" to role \"SUPER_ADMIN\".","timestamp":"2025-01-26 20:55:29"}
{"level":"\u001b[32minfo\u001b[39m","message":"Assigned permission \"VIEW /dashboard/permissions\" to role \"SUPER_ADMIN\".","timestamp":"2025-01-26 20:55:29"}
{"level":"\u001b[32minfo\u001b[39m","message":"Assigned permission \"UPDATE /dashboard/permissions\" to role \"SUPER_ADMIN\".","timestamp":"2025-01-26 20:55:29"}
{"level":"\u001b[32minfo\u001b[39m","message":"Assigned permission \"VIEW /dashboard/system-code\" to role \"SUPER_ADMIN\".","timestamp":"2025-01-26 20:55:29"}
{"level":"\u001b[32minfo\u001b[39m","message":"Assigned permission \"ADD /dashboard/system-code\" to role \"SUPER_ADMIN\".","timestamp":"2025-01-26 20:55:29"}
{"level":"\u001b[32minfo\u001b[39m","message":"Assigned permission \"VIEW /dashboard/plans\" to role \"SUPER_ADMIN\".","timestamp":"2025-01-26 20:55:29"}
{"level":"\u001b[32minfo\u001b[39m","message":"Assigned permission \"ADD /dashboard/plans\" to role \"SUPER_ADMIN\".","timestamp":"2025-01-26 20:55:29"}
{"level":"\u001b[32minfo\u001b[39m","message":"Assigned permission \"UPDATE /dashboard/plans\" to role \"SUPER_ADMIN\".","timestamp":"2025-01-26 20:55:29"}
{"level":"\u001b[32minfo\u001b[39m","message":"Assigned permission \"DELETE /dashboard/plans\" to role \"SUPER_ADMIN\".","timestamp":"2025-01-26 20:55:29"}
{"level":"\u001b[32minfo\u001b[39m","message":"Assigned permission \"VIEW /dashboard/settings\" to role \"SUPER_ADMIN\".","timestamp":"2025-01-26 20:55:29"}
{"level":"\u001b[32minfo\u001b[39m","message":"Assigned permission \"VIEW /dashboard/settings/profile\" to role \"SUPER_ADMIN\".","timestamp":"2025-01-26 20:55:29"}
{"level":"\u001b[32minfo\u001b[39m","message":"Assigned permission \"UPDATE /dashboard/settings/profile\" to role \"SUPER_ADMIN\".","timestamp":"2025-01-26 20:55:29"}
{"level":"\u001b[32minfo\u001b[39m","message":"Assigned permission \"VIEW /dashboard/platform-users\" to role \"SUPER_ADMIN\".","timestamp":"2025-01-26 20:55:29"}
{"level":"\u001b[32minfo\u001b[39m","message":"Assigned permission \"ADD /dashboard/platform-users\" to role \"SUPER_ADMIN\".","timestamp":"2025-01-26 20:55:29"}
{"level":"\u001b[32minfo\u001b[39m","message":"Assigned permission \"UPDATE /dashboard/platform-users\" to role \"SUPER_ADMIN\".","timestamp":"2025-01-26 20:55:29"}
{"level":"\u001b[32minfo\u001b[39m","message":"Assigned permission \"DELETE /dashboard/platform-users\" to role \"SUPER_ADMIN\".","timestamp":"2025-01-26 20:55:29"}
{"level":"\u001b[32minfo\u001b[39m","message":"SUPER_ADMIN permissions assigned successfully.","timestamp":"2025-01-26 20:55:29"}
{"level":"\u001b[32minfo\u001b[39m","message":"Assigned permission \"VIEW /dashboard\" to role \"ADMIN\".","timestamp":"2025-01-26 20:55:29"}
{"level":"\u001b[32minfo\u001b[39m","message":"Assigned permission \"VIEW /dashboard/batches\" to role \"ADMIN\".","timestamp":"2025-01-26 20:55:29"}
{"level":"\u001b[32minfo\u001b[39m","message":"Assigned permission \"ADD /dashboard/batches\" to role \"ADMIN\".","timestamp":"2025-01-26 20:55:29"}
{"level":"\u001b[32minfo\u001b[39m","message":"Assigned permission \"UPDATE /dashboard/batches\" to role \"ADMIN\".","timestamp":"2025-01-26 20:55:29"}
{"level":"\u001b[32minfo\u001b[39m","message":"Assigned permission \"DELETE /dashboard/batches\" to role \"ADMIN\".","timestamp":"2025-01-26 20:55:29"}
{"level":"\u001b[32minfo\u001b[39m","message":"Assigned permission \"VIEW /dashboard/users\" to role \"ADMIN\".","timestamp":"2025-01-26 20:55:29"}
{"level":"\u001b[33mwarn\u001b[39m","message":"Permission \"ADD /dashboard/users\" not found. Skipping assignment to role \"ADMIN\".","timestamp":"2025-01-26 20:55:29"}
{"level":"\u001b[33mwarn\u001b[39m","message":"Permission \"UPDATE /dashboard/users\" not found. Skipping assignment to role \"ADMIN\".","timestamp":"2025-01-26 20:55:29"}
{"level":"\u001b[33mwarn\u001b[39m","message":"Permission \"DELETE /dashboard/users\" not found. Skipping assignment to role \"ADMIN\".","timestamp":"2025-01-26 20:55:29"}
{"level":"\u001b[32minfo\u001b[39m","message":"Assigned permission \"VIEW /dashboard/invitations\" to role \"ADMIN\".","timestamp":"2025-01-26 20:55:29"}
{"level":"\u001b[32minfo\u001b[39m","message":"Assigned permission \"ADD /dashboard/invitations\" to role \"ADMIN\".","timestamp":"2025-01-26 20:55:29"}
{"level":"\u001b[32minfo\u001b[39m","message":"Assigned permission \"UPDATE /dashboard/invitations\" to role \"ADMIN\".","timestamp":"2025-01-26 20:55:29"}
{"level":"\u001b[32minfo\u001b[39m","message":"Assigned permission \"DELETE /dashboard/invitations\" to role \"ADMIN\".","timestamp":"2025-01-26 20:55:29"}
{"level":"\u001b[32minfo\u001b[39m","message":"Assigned permission \"VIEW /dashboard/calendar\" to role \"ADMIN\".","timestamp":"2025-01-26 20:55:29"}
{"level":"\u001b[32minfo\u001b[39m","message":"Assigned permission \"ADD /dashboard/calendar\" to role \"ADMIN\".","timestamp":"2025-01-26 20:55:29"}
{"level":"\u001b[32minfo\u001b[39m","message":"Assigned permission \"UPDATE /dashboard/calendar\" to role \"ADMIN\".","timestamp":"2025-01-26 20:55:29"}
{"level":"\u001b[32minfo\u001b[39m","message":"Assigned permission \"DELETE /dashboard/calendar\" to role \"ADMIN\".","timestamp":"2025-01-26 20:55:29"}
{"level":"\u001b[32minfo\u001b[39m","message":"Assigned permission \"VIEW /dashboard/communication\" to role \"ADMIN\".","timestamp":"2025-01-26 20:55:29"}
{"level":"\u001b[32minfo\u001b[39m","message":"Assigned permission \"ADD /dashboard/communication\" to role \"ADMIN\".","timestamp":"2025-01-26 20:55:29"}
{"level":"\u001b[32minfo\u001b[39m","message":"Assigned permission \"UPDATE /dashboard/communication\" to role \"ADMIN\".","timestamp":"2025-01-26 20:55:29"}
{"level":"\u001b[32minfo\u001b[39m","message":"Assigned permission \"DELETE /dashboard/communication\" to role \"ADMIN\".","timestamp":"2025-01-26 20:55:29"}
{"level":"\u001b[32minfo\u001b[39m","message":"Assigned permission \"VIEW /dashboard/goals\" to role \"ADMIN\".","timestamp":"2025-01-26 20:55:29"}
{"level":"\u001b[32minfo\u001b[39m","message":"Assigned permission \"VIEW /dashboard/goals/seasonal\" to role \"ADMIN\".","timestamp":"2025-01-26 20:55:29"}
{"level":"\u001b[32minfo\u001b[39m","message":"Assigned permission \"ADD /dashboard/goals/seasonal\" to role \"ADMIN\".","timestamp":"2025-01-26 20:55:30"}
{"level":"\u001b[32minfo\u001b[39m","message":"Assigned permission \"VIEW /dashboard/goals/monthly\" to role \"ADMIN\".","timestamp":"2025-01-26 20:55:30"}
{"level":"\u001b[32minfo\u001b[39m","message":"Assigned permission \"ADD /dashboard/goals/monthly\" to role \"ADMIN\".","timestamp":"2025-01-26 20:55:30"}
{"level":"\u001b[32minfo\u001b[39m","message":"Assigned permission \"VIEW /dashboard/goals/weekly\" to role \"ADMIN\".","timestamp":"2025-01-26 20:55:30"}
{"level":"\u001b[32minfo\u001b[39m","message":"Assigned permission \"ADD /dashboard/goals/weekly\" to role \"ADMIN\".","timestamp":"2025-01-26 20:55:30"}
{"level":"\u001b[32minfo\u001b[39m","message":"Assigned permission \"VIEW /dashboard/goals/assign-weekly\" to role \"ADMIN\".","timestamp":"2025-01-26 20:55:30"}
{"level":"\u001b[32minfo\u001b[39m","message":"Assigned permission \"ADD /dashboard/goals/assign-weekly\" to role \"ADMIN\".","timestamp":"2025-01-26 20:55:30"}
{"level":"\u001b[32minfo\u001b[39m","message":"Assigned permission \"VIEW /dashboard/website\" to role \"ADMIN\".","timestamp":"2025-01-26 20:55:30"}
{"level":"\u001b[32minfo\u001b[39m","message":"Assigned permission \"UPDATE /dashboard/website\" to role \"ADMIN\".","timestamp":"2025-01-26 20:55:30"}
{"level":"\u001b[32minfo\u001b[39m","message":"Assigned permission \"VIEW /dashboard/programs\" to role \"ADMIN\".","timestamp":"2025-01-26 20:55:30"}
{"level":"\u001b[32minfo\u001b[39m","message":"Assigned permission \"ADD /dashboard/programs\" to role \"ADMIN\".","timestamp":"2025-01-26 20:55:30"}
{"level":"\u001b[32minfo\u001b[39m","message":"Assigned permission \"UPDATE /dashboard/programs\" to role \"ADMIN\".","timestamp":"2025-01-26 20:55:30"}
{"level":"\u001b[32minfo\u001b[39m","message":"Assigned permission \"DELETE /dashboard/programs\" to role \"ADMIN\".","timestamp":"2025-01-26 20:55:30"}
{"level":"\u001b[32minfo\u001b[39m","message":"Assigned permission \"VIEW /dashboard/students/list\" to role \"ADMIN\".","timestamp":"2025-01-26 20:55:30"}
{"level":"\u001b[32minfo\u001b[39m","message":"Assigned permission \"VIEW /dashboard/students/signups\" to role \"ADMIN\".","timestamp":"2025-01-26 20:55:30"}
{"level":"\u001b[32minfo\u001b[39m","message":"Assigned permission \"ADD /dashboard/students/signups\" to role \"ADMIN\".","timestamp":"2025-01-26 20:55:30"}
{"level":"\u001b[32minfo\u001b[39m","message":"Assigned permission \"UPDATE /dashboard/students/signups\" to role \"ADMIN\".","timestamp":"2025-01-26 20:55:30"}
{"level":"\u001b[32minfo\u001b[39m","message":"Assigned permission \"DELETE /dashboard/students/signups\" to role \"ADMIN\".","timestamp":"2025-01-26 20:55:30"}
{"level":"\u001b[32minfo\u001b[39m","message":"Assigned permission \"VIEW /dashboard/reports\" to role \"ADMIN\".","timestamp":"2025-01-26 20:55:30"}
{"level":"\u001b[32minfo\u001b[39m","message":"Assigned permission \"VIEW /dashboard/reports/batches\" to role \"ADMIN\".","timestamp":"2025-01-26 20:55:30"}
{"level":"\u001b[32minfo\u001b[39m","message":"Assigned permission \"VIEW /dashboard/reports/enrollments\" to role \"ADMIN\".","timestamp":"2025-01-26 20:55:30"}
{"level":"\u001b[32minfo\u001b[39m","message":"Assigned permission \"VIEW /dashboard/reports/students\" to role \"ADMIN\".","timestamp":"2025-01-26 20:55:30"}
{"level":"\u001b[32minfo\u001b[39m","message":"Assigned permission \"VIEW /dashboard/reports/target-goals\" to role \"ADMIN\".","timestamp":"2025-01-26 20:55:30"}
{"level":"\u001b[32minfo\u001b[39m","message":"Assigned permission \"VIEW /dashboard/settings\" to role \"ADMIN\".","timestamp":"2025-01-26 20:55:30"}
{"level":"\u001b[33mwarn\u001b[39m","message":"Permission \"UPDATE /dashboard/settings\" not found. Skipping assignment to role \"ADMIN\".","timestamp":"2025-01-26 20:55:30"}
{"level":"\u001b[32minfo\u001b[39m","message":"Assigned permission \"VIEW /dashboard/settings/profile\" to role \"ADMIN\".","timestamp":"2025-01-26 20:55:30"}
{"level":"\u001b[32minfo\u001b[39m","message":"Assigned permission \"UPDATE /dashboard/settings/profile\" to role \"ADMIN\".","timestamp":"2025-01-26 20:55:30"}
{"level":"\u001b[32minfo\u001b[39m","message":"Assigned permission \"VIEW /dashboard/settings/admins\" to role \"ADMIN\".","timestamp":"2025-01-26 20:55:30"}
{"level":"\u001b[32minfo\u001b[39m","message":"Assigned permission \"UPDATE /dashboard/settings/admins\" to role \"ADMIN\".","timestamp":"2025-01-26 20:55:30"}
{"level":"\u001b[32minfo\u001b[39m","message":"Assigned permission \"VIEW /dashboard/settings/academy\" to role \"ADMIN\".","timestamp":"2025-01-26 20:55:30"}
{"level":"\u001b[32minfo\u001b[39m","message":"Assigned permission \"UPDATE /dashboard/settings/academy\" to role \"ADMIN\".","timestamp":"2025-01-26 20:55:30"}
{"level":"\u001b[32minfo\u001b[39m","message":"ADMIN permissions assigned successfully.","timestamp":"2025-01-26 20:55:30"}
{"level":"\u001b[32minfo\u001b[39m","message":"Assigned permission \"VIEW /dashboard/goals\" to role \"COACH\".","timestamp":"2025-01-26 20:55:30"}
{"level":"\u001b[33mwarn\u001b[39m","message":"Permission \"ADD /dashboard/goals\" not found. Skipping assignment to role \"COACH\".","timestamp":"2025-01-26 20:55:30"}
{"level":"\u001b[33mwarn\u001b[39m","message":"Permission \"UPDATE /dashboard/goals\" not found. Skipping assignment to role \"COACH\".","timestamp":"2025-01-26 20:55:30"}
{"level":"\u001b[33mwarn\u001b[39m","message":"Permission \"DELETE /dashboard/goals\" not found. Skipping assignment to role \"COACH\".","timestamp":"2025-01-26 20:55:30"}
{"level":"\u001b[32minfo\u001b[39m","message":"Assigned permission \"VIEW /dashboard/goals/seasonal\" to role \"COACH\".","timestamp":"2025-01-26 20:55:30"}
{"level":"\u001b[32minfo\u001b[39m","message":"Assigned permission \"ADD /dashboard/goals/seasonal\" to role \"COACH\".","timestamp":"2025-01-26 20:55:30"}
{"level":"\u001b[33mwarn\u001b[39m","message":"Permission \"UPDATE /dashboard/goals/seasonal\" not found. Skipping assignment to role \"COACH\".","timestamp":"2025-01-26 20:55:30"}
{"level":"\u001b[33mwarn\u001b[39m","message":"Permission \"DELETE /dashboard/goals/seasonal\" not found. Skipping assignment to role \"COACH\".","timestamp":"2025-01-26 20:55:30"}
{"level":"\u001b[32minfo\u001b[39m","message":"Assigned permission \"VIEW /dashboard/goals/monthly\" to role \"COACH\".","timestamp":"2025-01-26 20:55:30"}
{"level":"\u001b[32minfo\u001b[39m","message":"Assigned permission \"ADD /dashboard/goals/monthly\" to role \"COACH\".","timestamp":"2025-01-26 20:55:30"}
{"level":"\u001b[33mwarn\u001b[39m","message":"Permission \"UPDATE /dashboard/goals/monthly\" not found. Skipping assignment to role \"COACH\".","timestamp":"2025-01-26 20:55:30"}
{"level":"\u001b[33mwarn\u001b[39m","message":"Permission \"DELETE /dashboard/goals/monthly\" not found. Skipping assignment to role \"COACH\".","timestamp":"2025-01-26 20:55:30"}
{"level":"\u001b[32minfo\u001b[39m","message":"Assigned permission \"VIEW /dashboard/goals/weekly\" to role \"COACH\".","timestamp":"2025-01-26 20:55:30"}
{"level":"\u001b[32minfo\u001b[39m","message":"Assigned permission \"ADD /dashboard/goals/weekly\" to role \"COACH\".","timestamp":"2025-01-26 20:55:30"}
{"level":"\u001b[33mwarn\u001b[39m","message":"Permission \"UPDATE /dashboard/goals/weekly\" not found. Skipping assignment to role \"COACH\".","timestamp":"2025-01-26 20:55:30"}
{"level":"\u001b[33mwarn\u001b[39m","message":"Permission \"DELETE /dashboard/goals/weekly\" not found. Skipping assignment to role \"COACH\".","timestamp":"2025-01-26 20:55:30"}
{"level":"\u001b[32minfo\u001b[39m","message":"Assigned permission \"VIEW /dashboard/goals/assign-weekly\" to role \"COACH\".","timestamp":"2025-01-26 20:55:30"}
{"level":"\u001b[32minfo\u001b[39m","message":"Assigned permission \"ADD /dashboard/goals/assign-weekly\" to role \"COACH\".","timestamp":"2025-01-26 20:55:30"}
{"level":"\u001b[33mwarn\u001b[39m","message":"Permission \"UPDATE /dashboard/goals/assign-weekly\" not found. Skipping assignment to role \"COACH\".","timestamp":"2025-01-26 20:55:30"}
{"level":"\u001b[33mwarn\u001b[39m","message":"Permission \"DELETE /dashboard/goals/assign-weekly\" not found. Skipping assignment to role \"COACH\".","timestamp":"2025-01-26 20:55:30"}
{"level":"\u001b[32minfo\u001b[39m","message":"Assigned permission \"VIEW /dashboard/students\" to role \"COACH\".","timestamp":"2025-01-26 20:55:30"}
{"level":"\u001b[32minfo\u001b[39m","message":"Assigned permission \"VIEW /dashboard/students/list\" to role \"COACH\".","timestamp":"2025-01-26 20:55:30"}
{"level":"\u001b[32minfo\u001b[39m","message":"Assigned permission \"VIEW /dashboard/students/signups\" to role \"COACH\".","timestamp":"2025-01-26 20:55:30"}
{"level":"\u001b[32minfo\u001b[39m","message":"Assigned permission \"ADD /dashboard/students/signups\" to role \"COACH\".","timestamp":"2025-01-26 20:55:30"}
{"level":"\u001b[32minfo\u001b[39m","message":"Assigned permission \"UPDATE /dashboard/students/signups\" to role \"COACH\".","timestamp":"2025-01-26 20:55:30"}
{"level":"\u001b[32minfo\u001b[39m","message":"Assigned permission \"DELETE /dashboard/students/signups\" to role \"COACH\".","timestamp":"2025-01-26 20:55:30"}
{"level":"\u001b[32minfo\u001b[39m","message":"Assigned permission \"VIEW /dashboard/reports\" to role \"COACH\".","timestamp":"2025-01-26 20:55:30"}
{"level":"\u001b[32minfo\u001b[39m","message":"Assigned permission \"VIEW /dashboard/reports/batches\" to role \"COACH\".","timestamp":"2025-01-26 20:55:30"}
{"level":"\u001b[32minfo\u001b[39m","message":"Assigned permission \"VIEW /dashboard/reports/enrollments\" to role \"COACH\".","timestamp":"2025-01-26 20:55:30"}
{"level":"\u001b[32minfo\u001b[39m","message":"Assigned permission \"VIEW /dashboard/reports/students\" to role \"COACH\".","timestamp":"2025-01-26 20:55:30"}
{"level":"\u001b[32minfo\u001b[39m","message":"Assigned permission \"VIEW /dashboard/reports/target-goals\" to role \"COACH\".","timestamp":"2025-01-26 20:55:30"}
{"level":"\u001b[32minfo\u001b[39m","message":"Assigned permission \"VIEW /dashboard/settings/profile\" to role \"COACH\".","timestamp":"2025-01-26 20:55:30"}
{"level":"\u001b[32minfo\u001b[39m","message":"Assigned permission \"UPDATE /dashboard/settings/profile\" to role \"COACH\".","timestamp":"2025-01-26 20:55:30"}
{"level":"\u001b[32minfo\u001b[39m","message":"Assigned permission \"VIEW /dashboard/tasks\" to role \"COACH\".","timestamp":"2025-01-26 20:55:30"}
{"level":"\u001b[32minfo\u001b[39m","message":"Assigned permission \"VIEW /dashboard/tasks/quizzes\" to role \"COACH\".","timestamp":"2025-01-26 20:55:30"}
{"level":"\u001b[32minfo\u001b[39m","message":"Assigned permission \"ADD /dashboard/tasks/quizzes\" to role \"COACH\".","timestamp":"2025-01-26 20:55:30"}
{"level":"\u001b[32minfo\u001b[39m","message":"Assigned permission \"UPDATE /dashboard/tasks/quizzes\" to role \"COACH\".","timestamp":"2025-01-26 20:55:30"}
{"level":"\u001b[32minfo\u001b[39m","message":"Assigned permission \"DELETE /dashboard/tasks/quizzes\" to role \"COACH\".","timestamp":"2025-01-26 20:55:30"}
{"level":"\u001b[32minfo\u001b[39m","message":"Assigned permission \"VIEW /dashboard/calendar\" to role \"COACH\".","timestamp":"2025-01-26 20:55:30"}
{"level":"\u001b[32minfo\u001b[39m","message":"Assigned permission \"VIEW /dashboard/users\" to role \"COACH\".","timestamp":"2025-01-26 20:55:30"}
{"level":"\u001b[33mwarn\u001b[39m","message":"Permission \"ADD /dashboard/users\" not found. Skipping assignment to role \"COACH\".","timestamp":"2025-01-26 20:55:30"}
{"level":"\u001b[32minfo\u001b[39m","message":"Assigned permission \"VIEW /dashboard/users/students\" to role \"COACH\".","timestamp":"2025-01-26 20:55:30"}
{"level":"\u001b[32minfo\u001b[39m","message":"Assigned permission \"VIEW /dashboard/users/student-signups\" to role \"COACH\".","timestamp":"2025-01-26 20:55:30"}
{"level":"\u001b[32minfo\u001b[39m","message":"Assigned permission \"ADD /dashboard/users/student-signups\" to role \"COACH\".","timestamp":"2025-01-26 20:55:30"}
{"level":"\u001b[32minfo\u001b[39m","message":"Assigned permission \"UPDATE /dashboard/users/student-signups\" to role \"COACH\".","timestamp":"2025-01-26 20:55:30"}
{"level":"\u001b[32minfo\u001b[39m","message":"Assigned permission \"DELETE /dashboard/users/student-signups\" to role \"COACH\".","timestamp":"2025-01-26 20:55:30"}
{"level":"\u001b[32minfo\u001b[39m","message":"COACH permissions assigned successfully.","timestamp":"2025-01-26 20:55:30"}
{"level":"\u001b[32minfo\u001b[39m","message":"All role permissions assigned successfully.","timestamp":"2025-01-26 20:55:30"}
{"level":"\u001b[32minfo\u001b[39m","message":"System codes seeded successfully","timestamp":"2025-01-26 20:55:30"}
{"level":"\u001b[32minfo\u001b[39m","message":"Seeding process completed successfully.","timestamp":"2025-01-26 20:55:30"}
{"level":"\u001b[32minfo\u001b[39m","message":"Seed done ✅","timestamp":"2025-01-26 20:55:30"}
{"level":"\u001b[32minfo\u001b[39m","message":"Starting database automation process...","timestamp":"2025-01-26 20:55:14"}
{"level":"\u001b[32minfo\u001b[39m","message":"Starting: Resetting database","timestamp":"2025-01-26 20:55:14"}
{"level":"\u001b[32minfo\u001b[39m","message":"Completed: Resetting database","timestamp":"2025-01-26 20:55:23"}
{"level":"\u001b[32minfo\u001b[39m","message":"Starting: Generating Prisma Client","timestamp":"2025-01-26 20:55:23"}
{"level":"\u001b[32minfo\u001b[39m","message":"Completed: Generating Prisma Client","timestamp":"2025-01-26 20:55:25"}
{"level":"\u001b[32minfo\u001b[39m","message":"Starting: Pushing schema changes","timestamp":"2025-01-26 20:55:25"}
{"level":"\u001b[32minfo\u001b[39m","message":"Completed: Pushing schema changes","timestamp":"2025-01-26 20:55:28"}
{"level":"\u001b[32minfo\u001b[39m","message":"Starting: Seeding data","timestamp":"2025-01-26 20:55:28"}
{"level":"\u001b[32minfo\u001b[39m","message":"Completed: Seeding data","timestamp":"2025-01-26 20:55:30"}
{"level":"\u001b[32minfo\u001b[39m","message":"Database automation completed successfully! âœ¨","timestamp":"2025-01-26 20:55:30"}
{"level":"\u001b[32minfo\u001b[39m","message":"Superadmin created successfully","timestamp":"2025-01-26 20:56:17"}
{"level":"\u001b[32minfo\u001b[39m","message":"Default academy created successfully","timestamp":"2025-01-26 20:56:17"}
{"level":"\u001b[32minfo\u001b[39m","message":"Starting the seeding process","timestamp":"2025-01-26 20:56:24"}
{"level":"\u001b[32minfo\u001b[39m","message":"Password hashed successfully","timestamp":"2025-01-26 20:56:24"}
{"level":"\u001b[32minfo\u001b[39m","message":"Roles created successfully","timestamp":"2025-01-26 20:56:24"}
{"level":"\u001b[32minfo\u001b[39m","message":"Academy created: Chess In Chunks Academy","timestamp":"2025-01-26 20:56:24"}
{"level":"\u001b[32minfo\u001b[39m","message":"Admin created: admin@chessinchunks.com (CIC ID: CIC-ADMIN-001)","timestamp":"2025-01-26 20:56:24"}
{"level":"\u001b[32minfo\u001b[39m","message":"Coach created: head.coach@example.com (CIC ID: CIC-COACH-JM001, Role: HEAD_COACH)","timestamp":"2025-01-26 20:56:24"}
{"level":"\u001b[32minfo\u001b[39m","message":"Coach created: senior.coach@example.com (CIC ID: CIC-COACH-SE001, Role: SENIOR_COACH)","timestamp":"2025-01-26 20:56:24"}
{"level":"\u001b[32minfo\u001b[39m","message":"Batch created: BATCH-2024-01","timestamp":"2025-01-26 20:56:24"}
{"level":"\u001b[32minfo\u001b[39m","message":"Student created: kitten@example.com (CIC ID: CIC-STU-KP001, ChessComId: supercutekittenpuff)","timestamp":"2025-01-26 20:56:24"}
{"level":"\u001b[32minfo\u001b[39m","message":"Student created: sashwin@example.com (CIC ID: CIC-STU-SG001, ChessComId: SashwinG)","timestamp":"2025-01-26 20:56:24"}
{"level":"\u001b[32minfo\u001b[39m","message":"Student created: ranjhana@example.com (CIC ID: CIC-STU-RR001, ChessComId: Ranjhannaa)","timestamp":"2025-01-26 20:56:24"}
{"level":"\u001b[32minfo\u001b[39m","message":"Student created: nive@example.com (CIC ID: CIC-STU-NC001, ChessComId: nive_chitti)","timestamp":"2025-01-26 20:56:24"}
{"level":"\u001b[32minfo\u001b[39m","message":"Student created: rishaan@example.com (CIC ID: CIC-STU-RJ001, ChessComId: Rishaan-RJ)","timestamp":"2025-01-26 20:56:24"}
{"level":"\u001b[32minfo\u001b[39m","message":"\n=== Final Batch Status ===","timestamp":"2025-01-26 20:56:24"}
{"level":"\u001b[32minfo\u001b[39m","message":"Batch Code: BATCH-2024-01","timestamp":"2025-01-26 20:56:24"}
{"level":"\u001b[32minfo\u001b[39m","message":"Number of coaches: 2","timestamp":"2025-01-26 20:56:24"}
{"level":"\u001b[32minfo\u001b[39m","message":"Number of students: 5","timestamp":"2025-01-26 20:56:24"}
{"level":"\u001b[32minfo\u001b[39m","message":"\n=== Summary of Created Users and Their CIC IDs ===","timestamp":"2025-01-26 20:56:24"}
{"level":"\u001b[32minfo\u001b[39m","message":"\nAdmin:","timestamp":"2025-01-26 20:56:24"}
{"level":"\u001b[32minfo\u001b[39m","message":"- admin@chessinchunks.com: CIC-ADMIN-001","timestamp":"2025-01-26 20:56:24"}
{"level":"\u001b[32minfo\u001b[39m","message":"\nCoaches:","timestamp":"2025-01-26 20:56:24"}
{"level":"\u001b[32minfo\u001b[39m","message":"- senior.coach@example.com: CIC-COACH-SE001 (SENIOR_COACH)","timestamp":"2025-01-26 20:56:24"}
{"level":"\u001b[32minfo\u001b[39m","message":"- head.coach@example.com: CIC-COACH-JM001 (HEAD_COACH)","timestamp":"2025-01-26 20:56:24"}
{"level":"\u001b[32minfo\u001b[39m","message":"\nStudents:","timestamp":"2025-01-26 20:56:24"}
{"level":"\u001b[32minfo\u001b[39m","message":"- rishaan@example.com: CIC-STU-RJ001 (ChessComId: Rishaan-RJ)","timestamp":"2025-01-26 20:56:24"}
{"level":"\u001b[32minfo\u001b[39m","message":"- nive@example.com: CIC-STU-NC001 (ChessComId: nive_chitti)","timestamp":"2025-01-26 20:56:24"}
{"level":"\u001b[32minfo\u001b[39m","message":"- ranjhana@example.com: CIC-STU-RR001 (ChessComId: Ranjhannaa)","timestamp":"2025-01-26 20:56:24"}
{"level":"\u001b[32minfo\u001b[39m","message":"- kitten@example.com: CIC-STU-KP001 (ChessComId: supercutekittenpuff)","timestamp":"2025-01-26 20:56:24"}
{"level":"\u001b[32minfo\u001b[39m","message":"- sashwin@example.com: CIC-STU-SG001 (ChessComId: SashwinG)","timestamp":"2025-01-26 20:56:24"}
{"level":"\u001b[32minfo\u001b[39m","message":"\n=== End of Summary ===","timestamp":"2025-01-26 20:56:24"}
{"level":"\u001b[32minfo\u001b[39m","message":"\nSeeding completed successfully","timestamp":"2025-01-26 20:56:24"}
{"level":"\u001b[32minfo\u001b[39m","message":"All users created with password: password1","timestamp":"2025-01-26 20:56:24"}
{"level":"\u001b[32minfo\u001b[39m","message":"Prisma client disconnected","timestamp":"2025-01-26 20:56:24"}
{"level":"info","message":"Database connection successful","timestamp":"2025-01-26 20:56:31"}
{"level":"info","message":"Server is running on port 5000","timestamp":"2025-01-26 20:56:31"}
{"level":"info","message":"Initial origins update completed","timestamp":"2025-01-26 20:56:31"}
{"level":"info","message":"OPTIONS /api/v1/notifications 200 1.348 ms - -","timestamp":"2025-01-26 20:56:33"}
{"level":"info","message":"OPTIONS /api/v1/student-signups?page=1&limit=10&search= 200 0.208 ms - -","timestamp":"2025-01-26 20:56:33"}
{"level":"info","message":"OPTIONS /api/v1/permission 200 0.101 ms - -","timestamp":"2025-01-26 20:56:33"}
{"level":"info","message":"GET /api/v1/notifications 401 18.763 ms - 46","timestamp":"2025-01-26 20:56:33"}
{"level":"info","message":"GET /api/v1/student-signups?page=1&limit=10&search= 401 8.129 ms - 46","timestamp":"2025-01-26 20:56:33"}
{"level":"info","message":"GET /api/v1/permission 401 5.288 ms - 46","timestamp":"2025-01-26 20:56:33"}
{"level":"info","message":"GET /api/v1/notifications 401 7.390 ms - 46","timestamp":"2025-01-26 20:56:36"}
{"level":"info","message":"GET /api/v1/student-signups?page=1&limit=10&search= 401 6.312 ms - 46","timestamp":"2025-01-26 20:56:36"}
{"level":"info","message":"GET /api/v1/permission 401 5.358 ms - 46","timestamp":"2025-01-26 20:56:36"}
{"level":"info","message":"GET /api/v1/notifications 401 88.701 ms - 46","timestamp":"2025-01-26 20:56:38"}
{"level":"info","message":"GET /api/v1/permission 401 59.426 ms - 46","timestamp":"2025-01-26 20:56:38"}
{"level":"info","message":"GET /api/v1/student-signups?page=1&limit=10&search= 401 67.417 ms - 46","timestamp":"2025-01-26 20:56:38"}
{"level":"info","message":"OPTIONS /api/v1/notifications 200 0.154 ms - -","timestamp":"2025-01-26 20:57:04"}
{"level":"info","message":"OPTIONS /api/v1/superadmin/plans?page=1&limit=1000&query=&tier=undefined&type=undefined&sortBy=undefined&sortOrder=undefined&signupId=undefined 200 0.130 ms - -","timestamp":"2025-01-26 20:57:04"}
{"level":"info","message":"OPTIONS /api/v1/permission 200 0.097 ms - -","timestamp":"2025-01-26 20:57:04"}
{"level":"info","message":"GET /api/v1/notifications 401 60.017 ms - 46","timestamp":"2025-01-26 20:57:05"}
{"level":"info","message":"GET /api/v1/permission 401 34.586 ms - 46","timestamp":"2025-01-26 20:57:05"}
{"level":"info","message":"GET /api/v1/superadmin/plans?page=1&limit=1000&query=&tier=undefined&type=undefined&sortBy=undefined&sortOrder=undefined&signupId=undefined 304 62.287 ms - -","timestamp":"2025-01-26 20:57:05"}
{"level":"info","message":"OPTIONS /api/v1/auth/login-with-password 200 0.149 ms - -","timestamp":"2025-01-26 20:57:23"}
{"level":"info","message":"POST /api/v1/auth/login-with-password 200 166.629 ms - 498","timestamp":"2025-01-26 20:57:24"}
{"level":"info","message":"OPTIONS /api/v1/notifications 200 0.198 ms - -","timestamp":"2025-01-26 20:57:24"}
{"level":"info","message":"OPTIONS /api/v1/dashboard 200 0.157 ms - -","timestamp":"2025-01-26 20:57:24"}
{"level":"info","message":"OPTIONS /api/v1/permission 200 0.210 ms - -","timestamp":"2025-01-26 20:57:24"}
{"level":"info","message":"GET /api/v1/notifications 304 14.649 ms - -","timestamp":"2025-01-26 20:57:24"}
{"level":"info","message":"GET /api/v1/permission 200 18.242 ms - 1170","timestamp":"2025-01-26 20:57:24"}
{"level":"info","message":"GET /api/v1/dashboard 200 40.061 ms - 115","timestamp":"2025-01-26 20:57:24"}
{"level":"info","message":"OPTIONS /api/v1/superadmin/all-academies?page=1&limit=10&query= 200 0.211 ms - -","timestamp":"2025-01-26 20:57:25"}
{"level":"info","message":"GET /api/v1/superadmin/all-academies?page=1&limit=10&query= 200 22.063 ms - 398","timestamp":"2025-01-26 20:57:25"}
{"level":"info","message":"OPTIONS /api/v1/permission/roles 200 0.174 ms - -","timestamp":"2025-01-26 20:57:32"}
{"level":"info","message":"GET /api/v1/permission/roles 200 10.483 ms - 31574","timestamp":"2025-01-26 20:57:32"}
{"level":"info","message":"OPTIONS /api/v1/superadmin/plans?page=1&limit=1000&query=&tier=undefined&type=undefined&sortBy=undefined&sortOrder=undefined&signupId=undefined 200 0.089 ms - -","timestamp":"2025-01-26 20:57:32"}
{"level":"info","message":"GET /api/v1/superadmin/plans?page=1&limit=1000&query=&tier=undefined&type=undefined&sortBy=undefined&sortOrder=undefined&signupId=undefined 304 8.448 ms - -","timestamp":"2025-01-26 20:57:32"}
{"level":"info","message":"OPTIONS /api/v1/superadmin/all-academies?page=1&limit=10&query= 200 0.108 ms - -","timestamp":"2025-01-26 20:57:33"}
{"level":"info","message":"GET /api/v1/superadmin/all-academies?page=1&limit=10&query= 304 14.607 ms - -","timestamp":"2025-01-26 20:57:33"}
{"level":"info","message":"OPTIONS /api/v1/auth/login-with-password 200 0.110 ms - -","timestamp":"2025-01-26 20:57:53"}
{"level":"info","message":"POST /api/v1/auth/login-with-password 200 124.128 ms - 887","timestamp":"2025-01-26 20:57:53"}
{"level":"info","message":"OPTIONS /api/v1/notifications 200 0.264 ms - -","timestamp":"2025-01-26 20:57:53"}
{"level":"info","message":"OPTIONS /api/v1/dashboard 200 0.145 ms - -","timestamp":"2025-01-26 20:57:53"}
{"level":"info","message":"OPTIONS /api/v1/permission 200 0.164 ms - -","timestamp":"2025-01-26 20:57:53"}
{"level":"info","message":"GET /api/v1/notifications 304 13.426 ms - -","timestamp":"2025-01-26 20:57:53"}
{"level":"info","message":"GET /api/v1/permission 200 17.011 ms - 2756","timestamp":"2025-01-26 20:57:53"}
{"level":"info","message":"GET /api/v1/dashboard 200 38.352 ms - 96","timestamp":"2025-01-26 20:57:53"}
{"level":"info","message":"OPTIONS /api/v1/coach/all-coaches 200 0.118 ms - -","timestamp":"2025-01-26 20:57:55"}
{"level":"info","message":"OPTIONS /api/v1/student/all-students 200 0.119 ms - -","timestamp":"2025-01-26 20:57:55"}
{"level":"info","message":"OPTIONS /api/v1/superadmin/all-academies?page=1&limit=10&query= 200 0.112 ms - -","timestamp":"2025-01-26 20:57:55"}
{"level":"info","message":"OPTIONS /api/v1/batch?page=1&limit=10&query= 200 0.112 ms - -","timestamp":"2025-01-26 20:57:55"}
{"level":"info","message":"GET /api/v1/superadmin/all-academies?page=1&limit=10&query= 200 34.592 ms - 246","timestamp":"2025-01-26 20:57:55"}
{"level":"info","message":"GET /api/v1/coach/all-coaches 200 51.719 ms - 1106","timestamp":"2025-01-26 20:57:55"}
{"level":"info","message":"GET /api/v1/student/all-students 200 52.793 ms - 5320","timestamp":"2025-01-26 20:57:55"}
{"level":"info","message":"GET /api/v1/batch?page=1&limit=10&query= 200 47.702 ms - 2011","timestamp":"2025-01-26 20:57:55"}
{"level":"info","message":"OPTIONS /api/v1/events 200 0.097 ms - -","timestamp":"2025-01-26 20:57:58"}
{"level":"info","message":"GET /api/v1/events 200 24.048 ms - 2","timestamp":"2025-01-26 20:57:58"}
{"level":"info","message":"OPTIONS /api/v1/batch/options 200 0.123 ms - -","timestamp":"2025-01-26 20:57:58"}
{"level":"info","message":"GET /api/v1/batch/options 200 14.125 ms - 3451","timestamp":"2025-01-26 20:57:58"}
{"level":"info","message":"OPTIONS /api/v1/batch/options 200 0.105 ms - -","timestamp":"2025-01-26 20:58:07"}
{"level":"info","message":"OPTIONS /api/v1/superadmin/all-academies?page=1&limit=10&query= 200 0.098 ms - -","timestamp":"2025-01-26 20:58:07"}
{"level":"info","message":"OPTIONS /api/v1/user/all-users?page=1&limit=10&query= 200 0.100 ms - -","timestamp":"2025-01-26 20:58:07"}
{"level":"info","message":"GET /api/v1/batch/options 200 17.510 ms - 3451","timestamp":"2025-01-26 20:58:07"}
{"level":"info","message":"GET /api/v1/superadmin/all-academies?page=1&limit=10&query= 304 20.661 ms - -","timestamp":"2025-01-26 20:58:07"}
{"level":"info","message":"GET /api/v1/user/all-users?page=1&limit=10&query= 200 22.490 ms - 3022","timestamp":"2025-01-26 20:58:07"}
{"level":"info","message":"OPTIONS /api/v1/auth/login-with-password 200 0.135 ms - -","timestamp":"2025-01-26 20:58:31"}
{"level":"info","message":"POST /api/v1/auth/login-with-password 200 124.906 ms - 897","timestamp":"2025-01-26 20:58:31"}
{"level":"info","message":"OPTIONS /api/v1/notifications 200 0.246 ms - -","timestamp":"2025-01-26 20:58:32"}
{"level":"info","message":"OPTIONS /api/v1/dashboard 200 0.194 ms - -","timestamp":"2025-01-26 20:58:32"}
{"level":"info","message":"OPTIONS /api/v1/permission 200 0.174 ms - -","timestamp":"2025-01-26 20:58:32"}
{"level":"info","message":"GET /api/v1/notifications 200 10.220 ms - 2","timestamp":"2025-01-26 20:58:32"}
{"level":"info","message":"GET /api/v1/dashboard 403 15.938 ms - 96","timestamp":"2025-01-26 20:58:32"}
{"level":"info","message":"GET /api/v1/permission 200 14.382 ms - 1953","timestamp":"2025-01-26 20:58:32"}
{"level":"info","message":"GET /api/v1/permission 304 10.359 ms - -","timestamp":"2025-01-26 20:58:36"}
{"level":"info","message":"Database connection successful","timestamp":"2025-01-26 20:58:58"}
{"level":"info","message":"Server is running on port 5000","timestamp":"2025-01-26 20:58:58"}
{"level":"info","message":"Initial origins update completed","timestamp":"2025-01-26 20:58:58"}
{"level":"info","message":"Database connection successful","timestamp":"2025-01-26 20:59:00"}
{"level":"info","message":"Server is running on port 5000","timestamp":"2025-01-26 20:59:00"}
{"level":"info","message":"Initial origins update completed","timestamp":"2025-01-26 20:59:00"}
{"level":"info","message":"Database connection successful","timestamp":"2025-01-26 20:59:10"}
{"level":"info","message":"Server is running on port 5000","timestamp":"2025-01-26 20:59:10"}
{"level":"info","message":"Initial origins update completed","timestamp":"2025-01-26 20:59:10"}
{"level":"info","message":"Database connection successful","timestamp":"2025-01-26 20:59:28"}
{"level":"info","message":"Server is running on port 5000","timestamp":"2025-01-26 20:59:28"}
{"level":"info","message":"Initial origins update completed","timestamp":"2025-01-26 20:59:28"}
{"level":"info","message":"Database connection successful","timestamp":"2025-01-26 20:59:30"}
{"level":"info","message":"Server is running on port 5000","timestamp":"2025-01-26 20:59:30"}
{"level":"info","message":"Initial origins update completed","timestamp":"2025-01-26 20:59:30"}
{"level":"\u001b[32minfo\u001b[39m","message":"Roles seeded successfully","timestamp":"2025-01-26 20:59:55"}
{"level":"\u001b[32minfo\u001b[39m","message":"Permissions seeded successfully","timestamp":"2025-01-26 20:59:55"}
{"level":"\u001b[32minfo\u001b[39m","message":"Assigned permission \"VIEW /dashboard\" to role \"SUPER_ADMIN\".","timestamp":"2025-01-26 20:59:55"}
{"level":"\u001b[32minfo\u001b[39m","message":"Assigned permission \"VIEW /dashboard/academies\" to role \"SUPER_ADMIN\".","timestamp":"2025-01-26 20:59:55"}
{"level":"\u001b[32minfo\u001b[39m","message":"Assigned permission \"ADD /dashboard/academies\" to role \"SUPER_ADMIN\".","timestamp":"2025-01-26 20:59:55"}
{"level":"\u001b[32minfo\u001b[39m","message":"Assigned permission \"UPDATE /dashboard/academies\" to role \"SUPER_ADMIN\".","timestamp":"2025-01-26 20:59:55"}
{"level":"\u001b[32minfo\u001b[39m","message":"Assigned permission \"DELETE /dashboard/academies\" to role \"SUPER_ADMIN\".","timestamp":"2025-01-26 20:59:55"}
{"level":"\u001b[32minfo\u001b[39m","message":"Assigned permission \"VIEW /dashboard/invitations\" to role \"SUPER_ADMIN\".","timestamp":"2025-01-26 20:59:55"}
{"level":"\u001b[32minfo\u001b[39m","message":"Assigned permission \"VIEW /dashboard/permissions\" to role \"SUPER_ADMIN\".","timestamp":"2025-01-26 20:59:55"}
{"level":"\u001b[32minfo\u001b[39m","message":"Assigned permission \"UPDATE /dashboard/permissions\" to role \"SUPER_ADMIN\".","timestamp":"2025-01-26 20:59:55"}
{"level":"\u001b[32minfo\u001b[39m","message":"Assigned permission \"VIEW /dashboard/system-code\" to role \"SUPER_ADMIN\".","timestamp":"2025-01-26 20:59:55"}
{"level":"\u001b[32minfo\u001b[39m","message":"Assigned permission \"ADD /dashboard/system-code\" to role \"SUPER_ADMIN\".","timestamp":"2025-01-26 20:59:55"}
{"level":"\u001b[32minfo\u001b[39m","message":"Assigned permission \"VIEW /dashboard/plans\" to role \"SUPER_ADMIN\".","timestamp":"2025-01-26 20:59:55"}
{"level":"\u001b[32minfo\u001b[39m","message":"Assigned permission \"ADD /dashboard/plans\" to role \"SUPER_ADMIN\".","timestamp":"2025-01-26 20:59:55"}
{"level":"\u001b[32minfo\u001b[39m","message":"Assigned permission \"UPDATE /dashboard/plans\" to role \"SUPER_ADMIN\".","timestamp":"2025-01-26 20:59:55"}
{"level":"\u001b[32minfo\u001b[39m","message":"Assigned permission \"DELETE /dashboard/plans\" to role \"SUPER_ADMIN\".","timestamp":"2025-01-26 20:59:55"}
{"level":"\u001b[32minfo\u001b[39m","message":"Assigned permission \"VIEW /dashboard/settings\" to role \"SUPER_ADMIN\".","timestamp":"2025-01-26 20:59:55"}
{"level":"\u001b[32minfo\u001b[39m","message":"Assigned permission \"VIEW /dashboard/settings/profile\" to role \"SUPER_ADMIN\".","timestamp":"2025-01-26 20:59:55"}
{"level":"\u001b[32minfo\u001b[39m","message":"Assigned permission \"UPDATE /dashboard/settings/profile\" to role \"SUPER_ADMIN\".","timestamp":"2025-01-26 20:59:55"}
{"level":"\u001b[32minfo\u001b[39m","message":"Assigned permission \"VIEW /dashboard/platform-users\" to role \"SUPER_ADMIN\".","timestamp":"2025-01-26 20:59:55"}
{"level":"\u001b[32minfo\u001b[39m","message":"Assigned permission \"ADD /dashboard/platform-users\" to role \"SUPER_ADMIN\".","timestamp":"2025-01-26 20:59:55"}
{"level":"\u001b[32minfo\u001b[39m","message":"Assigned permission \"UPDATE /dashboard/platform-users\" to role \"SUPER_ADMIN\".","timestamp":"2025-01-26 20:59:55"}
{"level":"\u001b[32minfo\u001b[39m","message":"Assigned permission \"DELETE /dashboard/platform-users\" to role \"SUPER_ADMIN\".","timestamp":"2025-01-26 20:59:55"}
{"level":"\u001b[32minfo\u001b[39m","message":"SUPER_ADMIN permissions assigned successfully.","timestamp":"2025-01-26 20:59:55"}
{"level":"\u001b[32minfo\u001b[39m","message":"Assigned permission \"VIEW /dashboard\" to role \"ADMIN\".","timestamp":"2025-01-26 20:59:55"}
{"level":"\u001b[32minfo\u001b[39m","message":"Assigned permission \"VIEW /dashboard/batches\" to role \"ADMIN\".","timestamp":"2025-01-26 20:59:55"}
{"level":"\u001b[32minfo\u001b[39m","message":"Assigned permission \"ADD /dashboard/batches\" to role \"ADMIN\".","timestamp":"2025-01-26 20:59:55"}
{"level":"\u001b[32minfo\u001b[39m","message":"Assigned permission \"UPDATE /dashboard/batches\" to role \"ADMIN\".","timestamp":"2025-01-26 20:59:55"}
{"level":"\u001b[32minfo\u001b[39m","message":"Assigned permission \"DELETE /dashboard/batches\" to role \"ADMIN\".","timestamp":"2025-01-26 20:59:55"}
{"level":"\u001b[32minfo\u001b[39m","message":"Assigned permission \"VIEW /dashboard/users\" to role \"ADMIN\".","timestamp":"2025-01-26 20:59:55"}
{"level":"\u001b[33mwarn\u001b[39m","message":"Permission \"ADD /dashboard/users\" not found. Skipping assignment to role \"ADMIN\".","timestamp":"2025-01-26 20:59:55"}
{"level":"\u001b[33mwarn\u001b[39m","message":"Permission \"UPDATE /dashboard/users\" not found. Skipping assignment to role \"ADMIN\".","timestamp":"2025-01-26 20:59:55"}
{"level":"\u001b[33mwarn\u001b[39m","message":"Permission \"DELETE /dashboard/users\" not found. Skipping assignment to role \"ADMIN\".","timestamp":"2025-01-26 20:59:55"}
{"level":"\u001b[32minfo\u001b[39m","message":"Assigned permission \"VIEW /dashboard/invitations\" to role \"ADMIN\".","timestamp":"2025-01-26 20:59:55"}
{"level":"\u001b[32minfo\u001b[39m","message":"Assigned permission \"ADD /dashboard/invitations\" to role \"ADMIN\".","timestamp":"2025-01-26 20:59:55"}
{"level":"\u001b[32minfo\u001b[39m","message":"Assigned permission \"UPDATE /dashboard/invitations\" to role \"ADMIN\".","timestamp":"2025-01-26 20:59:55"}
{"level":"\u001b[32minfo\u001b[39m","message":"Assigned permission \"DELETE /dashboard/invitations\" to role \"ADMIN\".","timestamp":"2025-01-26 20:59:55"}
{"level":"\u001b[32minfo\u001b[39m","message":"Assigned permission \"VIEW /dashboard/calendar\" to role \"ADMIN\".","timestamp":"2025-01-26 20:59:55"}
{"level":"\u001b[32minfo\u001b[39m","message":"Assigned permission \"ADD /dashboard/calendar\" to role \"ADMIN\".","timestamp":"2025-01-26 20:59:55"}
{"level":"\u001b[32minfo\u001b[39m","message":"Assigned permission \"UPDATE /dashboard/calendar\" to role \"ADMIN\".","timestamp":"2025-01-26 20:59:55"}
{"level":"\u001b[32minfo\u001b[39m","message":"Assigned permission \"DELETE /dashboard/calendar\" to role \"ADMIN\".","timestamp":"2025-01-26 20:59:55"}
{"level":"\u001b[32minfo\u001b[39m","message":"Assigned permission \"VIEW /dashboard/communication\" to role \"ADMIN\".","timestamp":"2025-01-26 20:59:55"}
{"level":"\u001b[32minfo\u001b[39m","message":"Assigned permission \"ADD /dashboard/communication\" to role \"ADMIN\".","timestamp":"2025-01-26 20:59:55"}
{"level":"\u001b[32minfo\u001b[39m","message":"Assigned permission \"UPDATE /dashboard/communication\" to role \"ADMIN\".","timestamp":"2025-01-26 20:59:55"}
{"level":"\u001b[32minfo\u001b[39m","message":"Assigned permission \"DELETE /dashboard/communication\" to role \"ADMIN\".","timestamp":"2025-01-26 20:59:55"}
{"level":"\u001b[32minfo\u001b[39m","message":"Assigned permission \"VIEW /dashboard/goals\" to role \"ADMIN\".","timestamp":"2025-01-26 20:59:55"}
{"level":"\u001b[32minfo\u001b[39m","message":"Assigned permission \"VIEW /dashboard/goals/seasonal\" to role \"ADMIN\".","timestamp":"2025-01-26 20:59:55"}
{"level":"\u001b[32minfo\u001b[39m","message":"Assigned permission \"ADD /dashboard/goals/seasonal\" to role \"ADMIN\".","timestamp":"2025-01-26 20:59:55"}
{"level":"\u001b[32minfo\u001b[39m","message":"Assigned permission \"VIEW /dashboard/goals/monthly\" to role \"ADMIN\".","timestamp":"2025-01-26 20:59:55"}
{"level":"\u001b[32minfo\u001b[39m","message":"Assigned permission \"ADD /dashboard/goals/monthly\" to role \"ADMIN\".","timestamp":"2025-01-26 20:59:55"}
{"level":"\u001b[32minfo\u001b[39m","message":"Assigned permission \"VIEW /dashboard/goals/weekly\" to role \"ADMIN\".","timestamp":"2025-01-26 20:59:55"}
{"level":"\u001b[32minfo\u001b[39m","message":"Assigned permission \"ADD /dashboard/goals/weekly\" to role \"ADMIN\".","timestamp":"2025-01-26 20:59:56"}
{"level":"\u001b[32minfo\u001b[39m","message":"Assigned permission \"VIEW /dashboard/goals/assign-weekly\" to role \"ADMIN\".","timestamp":"2025-01-26 20:59:56"}
{"level":"\u001b[32minfo\u001b[39m","message":"Assigned permission \"ADD /dashboard/goals/assign-weekly\" to role \"ADMIN\".","timestamp":"2025-01-26 20:59:56"}
{"level":"\u001b[32minfo\u001b[39m","message":"Assigned permission \"VIEW /dashboard/website\" to role \"ADMIN\".","timestamp":"2025-01-26 20:59:56"}
{"level":"\u001b[32minfo\u001b[39m","message":"Assigned permission \"UPDATE /dashboard/website\" to role \"ADMIN\".","timestamp":"2025-01-26 20:59:56"}
{"level":"\u001b[32minfo\u001b[39m","message":"Assigned permission \"VIEW /dashboard/programs\" to role \"ADMIN\".","timestamp":"2025-01-26 20:59:56"}
{"level":"\u001b[32minfo\u001b[39m","message":"Assigned permission \"ADD /dashboard/programs\" to role \"ADMIN\".","timestamp":"2025-01-26 20:59:56"}
{"level":"\u001b[32minfo\u001b[39m","message":"Assigned permission \"UPDATE /dashboard/programs\" to role \"ADMIN\".","timestamp":"2025-01-26 20:59:56"}
{"level":"\u001b[32minfo\u001b[39m","message":"Assigned permission \"DELETE /dashboard/programs\" to role \"ADMIN\".","timestamp":"2025-01-26 20:59:56"}
{"level":"\u001b[32minfo\u001b[39m","message":"Assigned permission \"VIEW /dashboard/students/list\" to role \"ADMIN\".","timestamp":"2025-01-26 20:59:56"}
{"level":"\u001b[32minfo\u001b[39m","message":"Assigned permission \"VIEW /dashboard/students/signups\" to role \"ADMIN\".","timestamp":"2025-01-26 20:59:56"}
{"level":"\u001b[32minfo\u001b[39m","message":"Assigned permission \"ADD /dashboard/students/signups\" to role \"ADMIN\".","timestamp":"2025-01-26 20:59:56"}
{"level":"\u001b[32minfo\u001b[39m","message":"Assigned permission \"UPDATE /dashboard/students/signups\" to role \"ADMIN\".","timestamp":"2025-01-26 20:59:56"}
{"level":"\u001b[32minfo\u001b[39m","message":"Assigned permission \"DELETE /dashboard/students/signups\" to role \"ADMIN\".","timestamp":"2025-01-26 20:59:56"}
{"level":"\u001b[32minfo\u001b[39m","message":"Assigned permission \"VIEW /dashboard/reports\" to role \"ADMIN\".","timestamp":"2025-01-26 20:59:56"}
{"level":"\u001b[32minfo\u001b[39m","message":"Assigned permission \"VIEW /dashboard/reports/batches\" to role \"ADMIN\".","timestamp":"2025-01-26 20:59:56"}
{"level":"\u001b[32minfo\u001b[39m","message":"Assigned permission \"VIEW /dashboard/reports/enrollments\" to role \"ADMIN\".","timestamp":"2025-01-26 20:59:56"}
{"level":"\u001b[32minfo\u001b[39m","message":"Assigned permission \"VIEW /dashboard/reports/students\" to role \"ADMIN\".","timestamp":"2025-01-26 20:59:56"}
{"level":"\u001b[32minfo\u001b[39m","message":"Assigned permission \"VIEW /dashboard/reports/target-goals\" to role \"ADMIN\".","timestamp":"2025-01-26 20:59:56"}
{"level":"\u001b[32minfo\u001b[39m","message":"Assigned permission \"VIEW /dashboard/settings\" to role \"ADMIN\".","timestamp":"2025-01-26 20:59:56"}
{"level":"\u001b[33mwarn\u001b[39m","message":"Permission \"UPDATE /dashboard/settings\" not found. Skipping assignment to role \"ADMIN\".","timestamp":"2025-01-26 20:59:56"}
{"level":"\u001b[32minfo\u001b[39m","message":"Assigned permission \"VIEW /dashboard/settings/profile\" to role \"ADMIN\".","timestamp":"2025-01-26 20:59:56"}
{"level":"\u001b[32minfo\u001b[39m","message":"Assigned permission \"UPDATE /dashboard/settings/profile\" to role \"ADMIN\".","timestamp":"2025-01-26 20:59:56"}
{"level":"\u001b[32minfo\u001b[39m","message":"Assigned permission \"VIEW /dashboard/settings/admins\" to role \"ADMIN\".","timestamp":"2025-01-26 20:59:56"}
{"level":"\u001b[32minfo\u001b[39m","message":"Assigned permission \"UPDATE /dashboard/settings/admins\" to role \"ADMIN\".","timestamp":"2025-01-26 20:59:56"}
{"level":"\u001b[32minfo\u001b[39m","message":"Assigned permission \"VIEW /dashboard/settings/academy\" to role \"ADMIN\".","timestamp":"2025-01-26 20:59:56"}
{"level":"\u001b[32minfo\u001b[39m","message":"Assigned permission \"UPDATE /dashboard/settings/academy\" to role \"ADMIN\".","timestamp":"2025-01-26 20:59:56"}
{"level":"\u001b[32minfo\u001b[39m","message":"Assigned permission \"VIEW /dashboard/users/coaches\" to role \"ADMIN\".","timestamp":"2025-01-26 20:59:56"}
{"level":"\u001b[33mwarn\u001b[39m","message":"Permission \"VIEW /dashboard/users/coaches-signups\" not found. Skipping assignment to role \"ADMIN\".","timestamp":"2025-01-26 20:59:56"}
{"level":"\u001b[33mwarn\u001b[39m","message":"Permission \"ADD /dashboard/users/coaches-signups\" not found. Skipping assignment to role \"ADMIN\".","timestamp":"2025-01-26 20:59:56"}
{"level":"\u001b[33mwarn\u001b[39m","message":"Permission \"UPDATE /dashboard/users/coaches-signups\" not found. Skipping assignment to role \"ADMIN\".","timestamp":"2025-01-26 20:59:56"}
{"level":"\u001b[33mwarn\u001b[39m","message":"Permission \"DELETE /dashboard/users/coaches-signups\" not found. Skipping assignment to role \"ADMIN\".","timestamp":"2025-01-26 20:59:56"}
{"level":"\u001b[32minfo\u001b[39m","message":"ADMIN permissions assigned successfully.","timestamp":"2025-01-26 20:59:56"}
{"level":"\u001b[32minfo\u001b[39m","message":"Assigned permission \"VIEW /dashboard/goals\" to role \"COACH\".","timestamp":"2025-01-26 20:59:56"}
{"level":"\u001b[33mwarn\u001b[39m","message":"Permission \"ADD /dashboard/goals\" not found. Skipping assignment to role \"COACH\".","timestamp":"2025-01-26 20:59:56"}
{"level":"\u001b[33mwarn\u001b[39m","message":"Permission \"UPDATE /dashboard/goals\" not found. Skipping assignment to role \"COACH\".","timestamp":"2025-01-26 20:59:56"}
{"level":"\u001b[33mwarn\u001b[39m","message":"Permission \"DELETE /dashboard/goals\" not found. Skipping assignment to role \"COACH\".","timestamp":"2025-01-26 20:59:56"}
{"level":"\u001b[32minfo\u001b[39m","message":"Assigned permission \"VIEW /dashboard/goals/seasonal\" to role \"COACH\".","timestamp":"2025-01-26 20:59:56"}
{"level":"\u001b[32minfo\u001b[39m","message":"Assigned permission \"ADD /dashboard/goals/seasonal\" to role \"COACH\".","timestamp":"2025-01-26 20:59:56"}
{"level":"\u001b[33mwarn\u001b[39m","message":"Permission \"UPDATE /dashboard/goals/seasonal\" not found. Skipping assignment to role \"COACH\".","timestamp":"2025-01-26 20:59:56"}
{"level":"\u001b[33mwarn\u001b[39m","message":"Permission \"DELETE /dashboard/goals/seasonal\" not found. Skipping assignment to role \"COACH\".","timestamp":"2025-01-26 20:59:56"}
{"level":"\u001b[32minfo\u001b[39m","message":"Assigned permission \"VIEW /dashboard/goals/monthly\" to role \"COACH\".","timestamp":"2025-01-26 20:59:56"}
{"level":"\u001b[32minfo\u001b[39m","message":"Assigned permission \"ADD /dashboard/goals/monthly\" to role \"COACH\".","timestamp":"2025-01-26 20:59:56"}
{"level":"\u001b[33mwarn\u001b[39m","message":"Permission \"UPDATE /dashboard/goals/monthly\" not found. Skipping assignment to role \"COACH\".","timestamp":"2025-01-26 20:59:56"}
{"level":"\u001b[33mwarn\u001b[39m","message":"Permission \"DELETE /dashboard/goals/monthly\" not found. Skipping assignment to role \"COACH\".","timestamp":"2025-01-26 20:59:56"}
{"level":"\u001b[32minfo\u001b[39m","message":"Assigned permission \"VIEW /dashboard/goals/weekly\" to role \"COACH\".","timestamp":"2025-01-26 20:59:56"}
{"level":"\u001b[32minfo\u001b[39m","message":"Assigned permission \"ADD /dashboard/goals/weekly\" to role \"COACH\".","timestamp":"2025-01-26 20:59:56"}
{"level":"\u001b[33mwarn\u001b[39m","message":"Permission \"UPDATE /dashboard/goals/weekly\" not found. Skipping assignment to role \"COACH\".","timestamp":"2025-01-26 20:59:56"}
{"level":"\u001b[33mwarn\u001b[39m","message":"Permission \"DELETE /dashboard/goals/weekly\" not found. Skipping assignment to role \"COACH\".","timestamp":"2025-01-26 20:59:56"}
{"level":"\u001b[32minfo\u001b[39m","message":"Assigned permission \"VIEW /dashboard/goals/assign-weekly\" to role \"COACH\".","timestamp":"2025-01-26 20:59:56"}
{"level":"\u001b[32minfo\u001b[39m","message":"Assigned permission \"ADD /dashboard/goals/assign-weekly\" to role \"COACH\".","timestamp":"2025-01-26 20:59:56"}
{"level":"\u001b[33mwarn\u001b[39m","message":"Permission \"UPDATE /dashboard/goals/assign-weekly\" not found. Skipping assignment to role \"COACH\".","timestamp":"2025-01-26 20:59:56"}
{"level":"\u001b[33mwarn\u001b[39m","message":"Permission \"DELETE /dashboard/goals/assign-weekly\" not found. Skipping assignment to role \"COACH\".","timestamp":"2025-01-26 20:59:56"}
{"level":"\u001b[32minfo\u001b[39m","message":"Assigned permission \"VIEW /dashboard/students\" to role \"COACH\".","timestamp":"2025-01-26 20:59:56"}
{"level":"\u001b[32minfo\u001b[39m","message":"Assigned permission \"VIEW /dashboard/students/list\" to role \"COACH\".","timestamp":"2025-01-26 20:59:56"}
{"level":"\u001b[32minfo\u001b[39m","message":"Assigned permission \"VIEW /dashboard/students/signups\" to role \"COACH\".","timestamp":"2025-01-26 20:59:56"}
{"level":"\u001b[32minfo\u001b[39m","message":"Assigned permission \"ADD /dashboard/students/signups\" to role \"COACH\".","timestamp":"2025-01-26 20:59:56"}
{"level":"\u001b[32minfo\u001b[39m","message":"Assigned permission \"UPDATE /dashboard/students/signups\" to role \"COACH\".","timestamp":"2025-01-26 20:59:56"}
{"level":"\u001b[32minfo\u001b[39m","message":"Assigned permission \"DELETE /dashboard/students/signups\" to role \"COACH\".","timestamp":"2025-01-26 20:59:56"}
{"level":"\u001b[32minfo\u001b[39m","message":"Assigned permission \"VIEW /dashboard/reports\" to role \"COACH\".","timestamp":"2025-01-26 20:59:56"}
{"level":"\u001b[32minfo\u001b[39m","message":"Assigned permission \"VIEW /dashboard/reports/batches\" to role \"COACH\".","timestamp":"2025-01-26 20:59:56"}
{"level":"\u001b[32minfo\u001b[39m","message":"Assigned permission \"VIEW /dashboard/reports/enrollments\" to role \"COACH\".","timestamp":"2025-01-26 20:59:56"}
{"level":"\u001b[32minfo\u001b[39m","message":"Assigned permission \"VIEW /dashboard/reports/students\" to role \"COACH\".","timestamp":"2025-01-26 20:59:56"}
{"level":"\u001b[32minfo\u001b[39m","message":"Assigned permission \"VIEW /dashboard/reports/target-goals\" to role \"COACH\".","timestamp":"2025-01-26 20:59:56"}
{"level":"\u001b[32minfo\u001b[39m","message":"Assigned permission \"VIEW /dashboard/settings/profile\" to role \"COACH\".","timestamp":"2025-01-26 20:59:56"}
{"level":"\u001b[32minfo\u001b[39m","message":"Assigned permission \"UPDATE /dashboard/settings/profile\" to role \"COACH\".","timestamp":"2025-01-26 20:59:56"}
{"level":"\u001b[32minfo\u001b[39m","message":"Assigned permission \"VIEW /dashboard/tasks\" to role \"COACH\".","timestamp":"2025-01-26 20:59:56"}
{"level":"\u001b[32minfo\u001b[39m","message":"Assigned permission \"VIEW /dashboard/tasks/quizzes\" to role \"COACH\".","timestamp":"2025-01-26 20:59:56"}
{"level":"\u001b[32minfo\u001b[39m","message":"Assigned permission \"ADD /dashboard/tasks/quizzes\" to role \"COACH\".","timestamp":"2025-01-26 20:59:56"}
{"level":"\u001b[32minfo\u001b[39m","message":"Assigned permission \"UPDATE /dashboard/tasks/quizzes\" to role \"COACH\".","timestamp":"2025-01-26 20:59:56"}
{"level":"\u001b[32minfo\u001b[39m","message":"Assigned permission \"DELETE /dashboard/tasks/quizzes\" to role \"COACH\".","timestamp":"2025-01-26 20:59:56"}
{"level":"\u001b[32minfo\u001b[39m","message":"Assigned permission \"VIEW /dashboard/calendar\" to role \"COACH\".","timestamp":"2025-01-26 20:59:56"}
{"level":"\u001b[32minfo\u001b[39m","message":"Assigned permission \"VIEW /dashboard/users\" to role \"COACH\".","timestamp":"2025-01-26 20:59:56"}
{"level":"\u001b[33mwarn\u001b[39m","message":"Permission \"ADD /dashboard/users\" not found. Skipping assignment to role \"COACH\".","timestamp":"2025-01-26 20:59:56"}
{"level":"\u001b[32minfo\u001b[39m","message":"Assigned permission \"VIEW /dashboard/users/students\" to role \"COACH\".","timestamp":"2025-01-26 20:59:56"}
{"level":"\u001b[32minfo\u001b[39m","message":"Assigned permission \"VIEW /dashboard/users/student-signups\" to role \"COACH\".","timestamp":"2025-01-26 20:59:56"}
{"level":"\u001b[32minfo\u001b[39m","message":"Assigned permission \"ADD /dashboard/users/student-signups\" to role \"COACH\".","timestamp":"2025-01-26 20:59:56"}
{"level":"\u001b[32minfo\u001b[39m","message":"Assigned permission \"UPDATE /dashboard/users/student-signups\" to role \"COACH\".","timestamp":"2025-01-26 20:59:56"}
{"level":"\u001b[32minfo\u001b[39m","message":"Assigned permission \"DELETE /dashboard/users/student-signups\" to role \"COACH\".","timestamp":"2025-01-26 20:59:56"}
{"level":"\u001b[32minfo\u001b[39m","message":"COACH permissions assigned successfully.","timestamp":"2025-01-26 20:59:56"}
{"level":"\u001b[32minfo\u001b[39m","message":"All role permissions assigned successfully.","timestamp":"2025-01-26 20:59:56"}
{"level":"\u001b[32minfo\u001b[39m","message":"System codes seeded successfully","timestamp":"2025-01-26 20:59:56"}
{"level":"\u001b[32minfo\u001b[39m","message":"Seeding process completed successfully.","timestamp":"2025-01-26 20:59:56"}
{"level":"\u001b[32minfo\u001b[39m","message":"Seed done ✅","timestamp":"2025-01-26 20:59:56"}
{"level":"\u001b[32minfo\u001b[39m","message":"Starting database automation process...","timestamp":"2025-01-26 20:59:40"}
{"level":"\u001b[32minfo\u001b[39m","message":"Starting: Resetting database","timestamp":"2025-01-26 20:59:40"}
{"level":"\u001b[32minfo\u001b[39m","message":"Completed: Resetting database","timestamp":"2025-01-26 20:59:49"}
{"level":"\u001b[32minfo\u001b[39m","message":"Starting: Generating Prisma Client","timestamp":"2025-01-26 20:59:49"}
{"level":"\u001b[32minfo\u001b[39m","message":"Completed: Generating Prisma Client","timestamp":"2025-01-26 20:59:51"}
{"level":"\u001b[32minfo\u001b[39m","message":"Starting: Pushing schema changes","timestamp":"2025-01-26 20:59:51"}
{"level":"\u001b[32minfo\u001b[39m","message":"Completed: Pushing schema changes","timestamp":"2025-01-26 20:59:54"}
{"level":"\u001b[32minfo\u001b[39m","message":"Starting: Seeding data","timestamp":"2025-01-26 20:59:54"}
{"level":"\u001b[32minfo\u001b[39m","message":"Completed: Seeding data","timestamp":"2025-01-26 20:59:56"}
{"level":"\u001b[32minfo\u001b[39m","message":"Database automation completed successfully! âœ¨","timestamp":"2025-01-26 20:59:56"}
{"level":"\u001b[32minfo\u001b[39m","message":"Superadmin created successfully","timestamp":"2025-01-26 21:01:02"}
{"level":"\u001b[32minfo\u001b[39m","message":"Default academy created successfully","timestamp":"2025-01-26 21:01:02"}
{"level":"\u001b[32minfo\u001b[39m","message":"Starting the seeding process","timestamp":"2025-01-26 21:01:07"}
{"level":"\u001b[32minfo\u001b[39m","message":"Password hashed successfully","timestamp":"2025-01-26 21:01:08"}
{"level":"\u001b[32minfo\u001b[39m","message":"Roles created successfully","timestamp":"2025-01-26 21:01:08"}
{"level":"\u001b[32minfo\u001b[39m","message":"Academy created: Chess In Chunks Academy","timestamp":"2025-01-26 21:01:08"}
{"level":"\u001b[32minfo\u001b[39m","message":"Admin created: admin@chessinchunks.com (CIC ID: CIC-ADMIN-001)","timestamp":"2025-01-26 21:01:08"}
{"level":"\u001b[32minfo\u001b[39m","message":"Coach created: head.coach@example.com (CIC ID: CIC-COACH-JM001, Role: HEAD_COACH)","timestamp":"2025-01-26 21:01:08"}
{"level":"\u001b[32minfo\u001b[39m","message":"Coach created: senior.coach@example.com (CIC ID: CIC-COACH-SE001, Role: SENIOR_COACH)","timestamp":"2025-01-26 21:01:08"}
{"level":"\u001b[32minfo\u001b[39m","message":"Batch created: BATCH-2024-01","timestamp":"2025-01-26 21:01:08"}
{"level":"\u001b[32minfo\u001b[39m","message":"Student created: kitten@example.com (CIC ID: CIC-STU-KP001, ChessComId: supercutekittenpuff)","timestamp":"2025-01-26 21:01:08"}
{"level":"\u001b[32minfo\u001b[39m","message":"Student created: sashwin@example.com (CIC ID: CIC-STU-SG001, ChessComId: SashwinG)","timestamp":"2025-01-26 21:01:08"}
{"level":"\u001b[32minfo\u001b[39m","message":"Student created: ranjhana@example.com (CIC ID: CIC-STU-RR001, ChessComId: Ranjhannaa)","timestamp":"2025-01-26 21:01:08"}
{"level":"\u001b[32minfo\u001b[39m","message":"Student created: nive@example.com (CIC ID: CIC-STU-NC001, ChessComId: nive_chitti)","timestamp":"2025-01-26 21:01:08"}
{"level":"\u001b[32minfo\u001b[39m","message":"Student created: rishaan@example.com (CIC ID: CIC-STU-RJ001, ChessComId: Rishaan-RJ)","timestamp":"2025-01-26 21:01:08"}
{"level":"\u001b[32minfo\u001b[39m","message":"\n=== Final Batch Status ===","timestamp":"2025-01-26 21:01:08"}
{"level":"\u001b[32minfo\u001b[39m","message":"Batch Code: BATCH-2024-01","timestamp":"2025-01-26 21:01:08"}
{"level":"\u001b[32minfo\u001b[39m","message":"Number of coaches: 2","timestamp":"2025-01-26 21:01:08"}
{"level":"\u001b[32minfo\u001b[39m","message":"Number of students: 5","timestamp":"2025-01-26 21:01:08"}
{"level":"\u001b[32minfo\u001b[39m","message":"\n=== Summary of Created Users and Their CIC IDs ===","timestamp":"2025-01-26 21:01:08"}
{"level":"\u001b[32minfo\u001b[39m","message":"\nAdmin:","timestamp":"2025-01-26 21:01:08"}
{"level":"\u001b[32minfo\u001b[39m","message":"- admin@chessinchunks.com: CIC-ADMIN-001","timestamp":"2025-01-26 21:01:08"}
{"level":"\u001b[32minfo\u001b[39m","message":"\nCoaches:","timestamp":"2025-01-26 21:01:08"}
{"level":"\u001b[32minfo\u001b[39m","message":"- head.coach@example.com: CIC-COACH-JM001 (HEAD_COACH)","timestamp":"2025-01-26 21:01:08"}
{"level":"\u001b[32minfo\u001b[39m","message":"- senior.coach@example.com: CIC-COACH-SE001 (SENIOR_COACH)","timestamp":"2025-01-26 21:01:08"}
{"level":"\u001b[32minfo\u001b[39m","message":"\nStudents:","timestamp":"2025-01-26 21:01:08"}
{"level":"\u001b[32minfo\u001b[39m","message":"- sashwin@example.com: CIC-STU-SG001 (ChessComId: SashwinG)","timestamp":"2025-01-26 21:01:08"}
{"level":"\u001b[32minfo\u001b[39m","message":"- ranjhana@example.com: CIC-STU-RR001 (ChessComId: Ranjhannaa)","timestamp":"2025-01-26 21:01:08"}
{"level":"\u001b[32minfo\u001b[39m","message":"- rishaan@example.com: CIC-STU-RJ001 (ChessComId: Rishaan-RJ)","timestamp":"2025-01-26 21:01:08"}
{"level":"\u001b[32minfo\u001b[39m","message":"- nive@example.com: CIC-STU-NC001 (ChessComId: nive_chitti)","timestamp":"2025-01-26 21:01:08"}
{"level":"\u001b[32minfo\u001b[39m","message":"- kitten@example.com: CIC-STU-KP001 (ChessComId: supercutekittenpuff)","timestamp":"2025-01-26 21:01:08"}
{"level":"\u001b[32minfo\u001b[39m","message":"\n=== End of Summary ===","timestamp":"2025-01-26 21:01:08"}
{"level":"\u001b[32minfo\u001b[39m","message":"\nSeeding completed successfully","timestamp":"2025-01-26 21:01:08"}
{"level":"\u001b[32minfo\u001b[39m","message":"All users created with password: password1","timestamp":"2025-01-26 21:01:08"}
{"level":"\u001b[32minfo\u001b[39m","message":"Prisma client disconnected","timestamp":"2025-01-26 21:01:08"}
{"level":"info","message":"Database connection successful","timestamp":"2025-01-26 21:01:12"}
{"level":"info","message":"Server is running on port 5000","timestamp":"2025-01-26 21:01:12"}
{"level":"info","message":"Initial origins update completed","timestamp":"2025-01-26 21:01:12"}
{"level":"info","message":"OPTIONS /api/v1/auth/login-with-password 200 1.273 ms - -","timestamp":"2025-01-26 21:01:30"}
{"level":"info","message":"POST /api/v1/auth/login-with-password 200 167.870 ms - 498","timestamp":"2025-01-26 21:01:30"}
{"level":"info","message":"OPTIONS /api/v1/notifications 200 0.207 ms - -","timestamp":"2025-01-26 21:01:30"}
{"level":"info","message":"OPTIONS /api/v1/dashboard 200 0.244 ms - -","timestamp":"2025-01-26 21:01:30"}
{"level":"info","message":"OPTIONS /api/v1/permission 200 0.167 ms - -","timestamp":"2025-01-26 21:01:30"}
{"level":"info","message":"GET /api/v1/notifications 304 20.139 ms - -","timestamp":"2025-01-26 21:01:30"}
{"level":"info","message":"GET /api/v1/permission 200 18.522 ms - 1122","timestamp":"2025-01-26 21:01:30"}
{"level":"info","message":"GET /api/v1/dashboard 304 39.830 ms - -","timestamp":"2025-01-26 21:01:30"}
{"level":"info","message":"OPTIONS /api/v1/batch/options 200 0.236 ms - -","timestamp":"2025-01-26 21:01:31"}
{"level":"info","message":"OPTIONS /api/v1/superadmin/all-academies?page=1&limit=10&query= 200 0.242 ms - -","timestamp":"2025-01-26 21:01:31"}
{"level":"info","message":"OPTIONS /api/v1/user/all-users?page=1&limit=10&query= 200 0.261 ms - -","timestamp":"2025-01-26 21:01:31"}
{"level":"info","message":"GET /api/v1/batch/options 200 41.697 ms - 3451","timestamp":"2025-01-26 21:01:31"}
{"level":"info","message":"GET /api/v1/superadmin/all-academies?page=1&limit=10&query= 200 38.784 ms - 398","timestamp":"2025-01-26 21:01:31"}
{"level":"info","message":"GET /api/v1/user/all-users?page=1&limit=10&query= 403 39.394 ms - 96","timestamp":"2025-01-26 21:01:31"}
{"level":"info","message":"GET /api/v1/superadmin/all-academies?page=1&limit=10&query= 304 19.665 ms - -","timestamp":"2025-01-26 21:01:35"}
{"level":"info","message":"OPTIONS /api/v1/permission/roles 200 0.115 ms - -","timestamp":"2025-01-26 21:01:35"}
{"level":"info","message":"GET /api/v1/permission/roles 200 16.243 ms - 31589","timestamp":"2025-01-26 21:01:35"}
{"level":"info","message":"GET /api/v1/user/all-users?page=1&limit=10&query= 403 11.475 ms - 96","timestamp":"2025-01-26 21:01:35"}
{"level":"info","message":"GET /api/v1/superadmin/all-academies?page=1&limit=10&query= 304 15.759 ms - -","timestamp":"2025-01-26 21:01:35"}
{"level":"info","message":"OPTIONS /api/v1/auth/login-with-password 200 0.195 ms - -","timestamp":"2025-01-26 21:01:44"}
{"level":"info","message":"POST /api/v1/auth/login-with-password 200 120.758 ms - 887","timestamp":"2025-01-26 21:01:44"}
{"level":"info","message":"OPTIONS /api/v1/notifications 200 0.175 ms - -","timestamp":"2025-01-26 21:01:44"}
{"level":"info","message":"OPTIONS /api/v1/dashboard 200 0.233 ms - -","timestamp":"2025-01-26 21:01:44"}
{"level":"info","message":"OPTIONS /api/v1/permission 200 0.234 ms - -","timestamp":"2025-01-26 21:01:44"}
{"level":"info","message":"GET /api/v1/notifications 304 9.393 ms - -","timestamp":"2025-01-26 21:01:44"}
{"level":"info","message":"GET /api/v1/permission 200 13.481 ms - 2812","timestamp":"2025-01-26 21:01:44"}
{"level":"info","message":"GET /api/v1/dashboard 304 31.770 ms - -","timestamp":"2025-01-26 21:01:45"}
{"level":"info","message":"Database connection successful","timestamp":"2025-01-26 21:02:10"}
{"level":"info","message":"Server is running on port 5000","timestamp":"2025-01-26 21:02:10"}
{"level":"info","message":"Initial origins update completed","timestamp":"2025-01-26 21:02:10"}
{"level":"info","message":"OPTIONS /api/v1/permission 200 1.028 ms - -","timestamp":"2025-01-26 21:02:14"}
{"level":"info","message":"GET /api/v1/permission 304 18.995 ms - -","timestamp":"2025-01-26 21:02:14"}
{"level":"info","message":"OPTIONS /api/v1/notifications 200 0.185 ms - -","timestamp":"2025-01-26 21:02:17"}
{"level":"info","message":"OPTIONS /api/v1/dashboard 200 0.153 ms - -","timestamp":"2025-01-26 21:02:17"}
{"level":"info","message":"GET /api/v1/notifications 304 10.570 ms - -","timestamp":"2025-01-26 21:02:17"}
{"level":"info","message":"GET /api/v1/dashboard 304 29.520 ms - -","timestamp":"2025-01-26 21:02:17"}
{"level":"info","message":"GET /api/v1/notifications 304 9.871 ms - -","timestamp":"2025-01-26 21:02:18"}
{"level":"info","message":"GET /api/v1/permission 304 12.485 ms - -","timestamp":"2025-01-26 21:02:18"}
{"level":"info","message":"GET /api/v1/dashboard 304 27.012 ms - -","timestamp":"2025-01-26 21:02:18"}
{"level":"info","message":"OPTIONS /api/v1/invitation/all-invitations?page=1&limit=1000&query= 200 0.119 ms - -","timestamp":"2025-01-26 21:02:19"}
{"level":"info","message":"GET /api/v1/invitation/all-invitations?page=1&limit=1000&query= 304 13.720 ms - -","timestamp":"2025-01-26 21:02:19"}
{"level":"info","message":"OPTIONS /api/v1/coach/all-coaches 200 0.126 ms - -","timestamp":"2025-01-26 21:02:21"}
{"level":"info","message":"OPTIONS /api/v1/student/all-students 200 0.122 ms - -","timestamp":"2025-01-26 21:02:21"}
{"level":"info","message":"OPTIONS /api/v1/superadmin/all-academies?page=1&limit=10&query= 200 0.108 ms - -","timestamp":"2025-01-26 21:02:21"}
{"level":"info","message":"OPTIONS /api/v1/batch?page=1&limit=10&query= 200 0.113 ms - -","timestamp":"2025-01-26 21:02:21"}
{"level":"info","message":"GET /api/v1/superadmin/all-academies?page=1&limit=10&query= 200 27.079 ms - 246","timestamp":"2025-01-26 21:02:21"}
{"level":"info","message":"GET /api/v1/student/all-students 200 44.836 ms - 5320","timestamp":"2025-01-26 21:02:21"}
{"level":"info","message":"GET /api/v1/batch?page=1&limit=10&query= 200 31.445 ms - 2011","timestamp":"2025-01-26 21:02:21"}
{"level":"info","message":"GET /api/v1/coach/all-coaches 200 50.125 ms - 1106","timestamp":"2025-01-26 21:02:21"}
{"level":"info","message":"OPTIONS /api/v1/notifications 200 0.175 ms - -","timestamp":"2025-01-26 21:03:27"}
{"level":"info","message":"OPTIONS /api/v1/dashboard 200 0.218 ms - -","timestamp":"2025-01-26 21:03:27"}
{"level":"info","message":"OPTIONS /api/v1/permission 200 0.143 ms - -","timestamp":"2025-01-26 21:03:27"}
{"level":"info","message":"OPTIONS /api/v1/notifications 200 0.122 ms - -","timestamp":"2025-01-26 21:03:27"}
{"level":"info","message":"OPTIONS /api/v1/student-signups?page=1&limit=10&search= 200 0.202 ms - -","timestamp":"2025-01-26 21:03:27"}
{"level":"info","message":"OPTIONS /api/v1/permission 200 0.096 ms - -","timestamp":"2025-01-26 21:03:27"}
{"level":"info","message":"GET /api/v1/notifications 304 14.386 ms - -","timestamp":"2025-01-26 21:03:27"}
{"level":"info","message":"GET /api/v1/permission 304 12.078 ms - -","timestamp":"2025-01-26 21:03:27"}
{"level":"info","message":"GET /api/v1/student-signups?page=1&limit=10&search= 401 4.588 ms - 46","timestamp":"2025-01-26 21:03:27"}
{"level":"info","message":"GET /api/v1/notifications 401 6.999 ms - 46","timestamp":"2025-01-26 21:03:27"}
{"level":"info","message":"GET /api/v1/permission 401 4.735 ms - 46","timestamp":"2025-01-26 21:03:27"}
{"level":"info","message":"GET /api/v1/dashboard 304 43.444 ms - -","timestamp":"2025-01-26 21:03:27"}
{"level":"info","message":"OPTIONS /api/v1/notifications 200 0.158 ms - -","timestamp":"2025-01-26 21:03:27"}
{"level":"info","message":"OPTIONS /api/v1/batch/options 200 0.148 ms - -","timestamp":"2025-01-26 21:03:27"}
{"level":"info","message":"OPTIONS /api/v1/superadmin/all-academies?page=1&limit=10&query= 200 0.139 ms - -","timestamp":"2025-01-26 21:03:27"}
{"level":"info","message":"OPTIONS /api/v1/user/all-users?page=1&limit=10&query= 200 0.121 ms - -","timestamp":"2025-01-26 21:03:27"}
{"level":"info","message":"OPTIONS /api/v1/permission 200 0.114 ms - -","timestamp":"2025-01-26 21:03:27"}
{"level":"info","message":"GET /api/v1/notifications 304 7.606 ms - -","timestamp":"2025-01-26 21:03:27"}
{"level":"info","message":"GET /api/v1/user/all-users?page=1&limit=10&query= 403 22.479 ms - 96","timestamp":"2025-01-26 21:03:27"}
{"level":"info","message":"GET /api/v1/batch/options 304 21.350 ms - -","timestamp":"2025-01-26 21:03:27"}
{"level":"info","message":"GET /api/v1/permission 304 10.326 ms - -","timestamp":"2025-01-26 21:03:27"}
{"level":"info","message":"GET /api/v1/superadmin/all-academies?page=1&limit=10&query= 304 25.180 ms - -","timestamp":"2025-01-26 21:03:27"}
{"level":"info","message":"GET /api/v1/student-signups?page=1&limit=10&search= 401 7.486 ms - 46","timestamp":"2025-01-26 21:03:28"}
{"level":"info","message":"GET /api/v1/notifications 401 6.052 ms - 46","timestamp":"2025-01-26 21:03:28"}
{"level":"info","message":"GET /api/v1/permission 401 4.795 ms - 46","timestamp":"2025-01-26 21:03:28"}
{"level":"info","message":"OPTIONS /api/v1/notifications 200 0.162 ms - -","timestamp":"2025-01-26 21:04:25"}
{"level":"info","message":"OPTIONS /api/v1/student/all-students 200 0.187 ms - -","timestamp":"2025-01-26 21:04:25"}
{"level":"info","message":"GET /api/v1/notifications 401 4.959 ms - 46","timestamp":"2025-01-26 21:04:25"}
{"level":"info","message":"GET /api/v1/student/all-students 401 5.510 ms - 46","timestamp":"2025-01-26 21:04:25"}
{"level":"info","message":"OPTIONS /api/v1/permission 200 0.110 ms - -","timestamp":"2025-01-26 21:04:27"}
{"level":"info","message":"GET /api/v1/student/all-students 401 4.423 ms - 46","timestamp":"2025-01-26 21:04:27"}
{"level":"info","message":"GET /api/v1/notifications 401 3.461 ms - 46","timestamp":"2025-01-26 21:04:27"}
{"level":"info","message":"GET /api/v1/permission 401 4.240 ms - 46","timestamp":"2025-01-26 21:04:27"}
{"level":"info","message":"OPTIONS /api/v1/auth/login-with-password 200 0.177 ms - -","timestamp":"2025-01-26 21:05:11"}
{"level":"info","message":"POST /api/v1/auth/login-with-password 200 158.234 ms - 897","timestamp":"2025-01-26 21:05:12"}
{"level":"info","message":"OPTIONS /api/v1/notifications 200 0.133 ms - -","timestamp":"2025-01-26 21:05:12"}
{"level":"info","message":"OPTIONS /api/v1/dashboard 200 0.121 ms - -","timestamp":"2025-01-26 21:05:12"}
{"level":"info","message":"OPTIONS /api/v1/permission 200 0.163 ms - -","timestamp":"2025-01-26 21:05:12"}
{"level":"info","message":"GET /api/v1/notifications 304 13.875 ms - -","timestamp":"2025-01-26 21:05:12"}
{"level":"info","message":"GET /api/v1/dashboard 403 17.051 ms - 96","timestamp":"2025-01-26 21:05:12"}
{"level":"info","message":"GET /api/v1/permission 200 17.568 ms - 1953","timestamp":"2025-01-26 21:05:12"}
{"level":"info","message":"OPTIONS /api/v1/student/all-students 200 0.165 ms - -","timestamp":"2025-01-26 21:05:13"}
{"level":"info","message":"GET /api/v1/student/all-students 200 38.254 ms - 5320","timestamp":"2025-01-26 21:05:13"}
{"level":"info","message":"OPTIONS /api/v1/student-signups?page=1&limit=10&search= 200 0.106 ms - -","timestamp":"2025-01-26 21:05:15"}
{"level":"info","message":"GET /api/v1/student-signups?page=1&limit=10&search= 200 23.135 ms - 2","timestamp":"2025-01-26 21:05:15"}
{"level":"info","message":"OPTIONS /api/v1/batch/options 200 0.095 ms - -","timestamp":"2025-01-26 21:05:16"}
{"level":"info","message":"GET /api/v1/batch/options 200 16.604 ms - 3451","timestamp":"2025-01-26 21:05:17"}
{"level":"info","message":"OPTIONS /api/v1/student-signups?page=1&limit=10&search= 200 0.169 ms - -","timestamp":"2025-01-26 21:05:23"}
{"level":"info","message":"GET /api/v1/student-signups?page=1&limit=10&search= 304 18.779 ms - -","timestamp":"2025-01-26 21:05:23"}
{"level":"info","message":"OPTIONS /api/v1/student/all-students 200 0.142 ms - -","timestamp":"2025-01-26 21:05:24"}
{"level":"info","message":"GET /api/v1/student/all-students 304 29.342 ms - -","timestamp":"2025-01-26 21:05:24"}
{"level":"info","message":"GET /api/v1/student-signups?page=1&limit=10&search= 304 16.694 ms - -","timestamp":"2025-01-26 21:05:25"}
{"level":"info","message":"GET /api/v1/student-signups?page=1&limit=10&search= 304 13.878 ms - -","timestamp":"2025-01-26 21:05:28"}
{"level":"info","message":"OPTIONS /api/v1/notifications 200 0.262 ms - -","timestamp":"2025-01-26 21:05:41"}
{"level":"info","message":"OPTIONS /api/v1/student-signups?page=1&limit=10&search= 200 0.179 ms - -","timestamp":"2025-01-26 21:05:41"}
{"level":"info","message":"OPTIONS /api/v1/permission 200 0.103 ms - -","timestamp":"2025-01-26 21:05:41"}
{"level":"info","message":"OPTIONS /api/v1/notifications 200 0.238 ms - -","timestamp":"2025-01-26 21:05:41"}
{"level":"info","message":"OPTIONS /api/v1/dashboard 200 0.161 ms - -","timestamp":"2025-01-26 21:05:41"}
{"level":"info","message":"OPTIONS /api/v1/permission 200 0.158 ms - -","timestamp":"2025-01-26 21:05:41"}
{"level":"info","message":"GET /api/v1/notifications 304 15.417 ms - -","timestamp":"2025-01-26 21:05:41"}
{"level":"info","message":"GET /api/v1/notifications 304 15.499 ms - -","timestamp":"2025-01-26 21:05:41"}
{"level":"info","message":"GET /api/v1/permission 304 15.929 ms - -","timestamp":"2025-01-26 21:05:41"}
{"level":"info","message":"GET /api/v1/permission 304 13.020 ms - -","timestamp":"2025-01-26 21:05:41"}
{"level":"info","message":"GET /api/v1/student-signups?page=1&limit=10&search= 304 28.931 ms - -","timestamp":"2025-01-26 21:05:41"}
{"level":"info","message":"GET /api/v1/dashboard 304 31.406 ms - -","timestamp":"2025-01-26 21:05:42"}
{"level":"info","message":"OPTIONS /api/v1/notifications 200 0.155 ms - -","timestamp":"2025-01-26 21:05:42"}
{"level":"info","message":"OPTIONS /api/v1/batch/options 200 0.166 ms - -","timestamp":"2025-01-26 21:05:42"}
{"level":"info","message":"OPTIONS /api/v1/superadmin/all-academies?page=1&limit=10&query= 200 0.091 ms - -","timestamp":"2025-01-26 21:05:42"}
{"level":"info","message":"OPTIONS /api/v1/user/all-users?page=1&limit=10&query= 200 0.087 ms - -","timestamp":"2025-01-26 21:05:42"}
{"level":"info","message":"OPTIONS /api/v1/permission 200 0.087 ms - -","timestamp":"2025-01-26 21:05:42"}
{"level":"info","message":"GET /api/v1/notifications 304 15.065 ms - -","timestamp":"2025-01-26 21:05:42"}
{"level":"info","message":"GET /api/v1/user/all-users?page=1&limit=10&query= 403 13.294 ms - 96","timestamp":"2025-01-26 21:05:42"}
{"level":"info","message":"GET /api/v1/batch/options 304 18.251 ms - -","timestamp":"2025-01-26 21:05:42"}
{"level":"info","message":"GET /api/v1/permission 304 9.920 ms - -","timestamp":"2025-01-26 21:05:42"}
{"level":"info","message":"GET /api/v1/superadmin/all-academies?page=1&limit=10&query= 304 17.780 ms - -","timestamp":"2025-01-26 21:05:42"}
{"level":"info","message":"OPTIONS /api/v1/student-signups?page=1&limit=10&search= 200 0.096 ms - -","timestamp":"2025-01-26 21:06:13"}
{"level":"info","message":"GET /api/v1/student-signups?page=1&limit=10&search= 304 15.402 ms - -","timestamp":"2025-01-26 21:06:13"}
{"level":"info","message":"GET /api/v1/student-signups?page=1&limit=10&search= 304 13.967 ms - -","timestamp":"2025-01-26 21:06:16"}
{"level":"info","message":"OPTIONS /api/v1/batch/options 200 0.101 ms - -","timestamp":"2025-01-26 21:06:18"}
{"level":"info","message":"GET /api/v1/batch/options 304 14.976 ms - -","timestamp":"2025-01-26 21:06:18"}
{"level":"info","message":"OPTIONS /api/v1/student-signups?page=1&limit=10&search= 200 0.125 ms - -","timestamp":"2025-01-26 21:06:20"}
{"level":"info","message":"GET /api/v1/student-signups?page=1&limit=10&search= 304 13.071 ms - -","timestamp":"2025-01-26 21:06:20"}
{"level":"info","message":"OPTIONS /api/v1/student/all-students 200 0.136 ms - -","timestamp":"2025-01-26 21:06:21"}
{"level":"info","message":"GET /api/v1/student/all-students 304 28.829 ms - -","timestamp":"2025-01-26 21:06:21"}
{"level":"info","message":"GET /api/v1/student-signups?page=1&limit=10&search= 304 19.836 ms - -","timestamp":"2025-01-26 21:06:22"}
{"level":"\u001b[32minfo\u001b[39m","message":"Roles seeded successfully","timestamp":"2025-01-26 21:06:48"}
{"level":"\u001b[32minfo\u001b[39m","message":"Permissions seeded successfully","timestamp":"2025-01-26 21:06:48"}
{"level":"\u001b[32minfo\u001b[39m","message":"Assigned permission \"VIEW /dashboard\" to role \"SUPER_ADMIN\".","timestamp":"2025-01-26 21:06:48"}
{"level":"\u001b[32minfo\u001b[39m","message":"Assigned permission \"VIEW /dashboard/academies\" to role \"SUPER_ADMIN\".","timestamp":"2025-01-26 21:06:48"}
{"level":"\u001b[32minfo\u001b[39m","message":"Assigned permission \"ADD /dashboard/academies\" to role \"SUPER_ADMIN\".","timestamp":"2025-01-26 21:06:48"}
{"level":"\u001b[32minfo\u001b[39m","message":"Assigned permission \"UPDATE /dashboard/academies\" to role \"SUPER_ADMIN\".","timestamp":"2025-01-26 21:06:48"}
{"level":"\u001b[32minfo\u001b[39m","message":"Assigned permission \"DELETE /dashboard/academies\" to role \"SUPER_ADMIN\".","timestamp":"2025-01-26 21:06:49"}
{"level":"\u001b[32minfo\u001b[39m","message":"Assigned permission \"VIEW /dashboard/invitations\" to role \"SUPER_ADMIN\".","timestamp":"2025-01-26 21:06:49"}
{"level":"\u001b[32minfo\u001b[39m","message":"Assigned permission \"VIEW /dashboard/permissions\" to role \"SUPER_ADMIN\".","timestamp":"2025-01-26 21:06:49"}
{"level":"\u001b[32minfo\u001b[39m","message":"Assigned permission \"UPDATE /dashboard/permissions\" to role \"SUPER_ADMIN\".","timestamp":"2025-01-26 21:06:49"}
{"level":"\u001b[32minfo\u001b[39m","message":"Assigned permission \"VIEW /dashboard/system-code\" to role \"SUPER_ADMIN\".","timestamp":"2025-01-26 21:06:49"}
{"level":"\u001b[32minfo\u001b[39m","message":"Assigned permission \"ADD /dashboard/system-code\" to role \"SUPER_ADMIN\".","timestamp":"2025-01-26 21:06:49"}
{"level":"\u001b[32minfo\u001b[39m","message":"Assigned permission \"VIEW /dashboard/plans\" to role \"SUPER_ADMIN\".","timestamp":"2025-01-26 21:06:49"}
{"level":"\u001b[32minfo\u001b[39m","message":"Assigned permission \"ADD /dashboard/plans\" to role \"SUPER_ADMIN\".","timestamp":"2025-01-26 21:06:49"}
{"level":"\u001b[32minfo\u001b[39m","message":"Assigned permission \"UPDATE /dashboard/plans\" to role \"SUPER_ADMIN\".","timestamp":"2025-01-26 21:06:49"}
{"level":"\u001b[32minfo\u001b[39m","message":"Assigned permission \"DELETE /dashboard/plans\" to role \"SUPER_ADMIN\".","timestamp":"2025-01-26 21:06:49"}
{"level":"\u001b[32minfo\u001b[39m","message":"Assigned permission \"VIEW /dashboard/settings\" to role \"SUPER_ADMIN\".","timestamp":"2025-01-26 21:06:49"}
{"level":"\u001b[32minfo\u001b[39m","message":"Assigned permission \"VIEW /dashboard/settings/profile\" to role \"SUPER_ADMIN\".","timestamp":"2025-01-26 21:06:49"}
{"level":"\u001b[32minfo\u001b[39m","message":"Assigned permission \"UPDATE /dashboard/settings/profile\" to role \"SUPER_ADMIN\".","timestamp":"2025-01-26 21:06:49"}
{"level":"\u001b[32minfo\u001b[39m","message":"Assigned permission \"VIEW /dashboard/platform-users\" to role \"SUPER_ADMIN\".","timestamp":"2025-01-26 21:06:49"}
{"level":"\u001b[32minfo\u001b[39m","message":"Assigned permission \"ADD /dashboard/platform-users\" to role \"SUPER_ADMIN\".","timestamp":"2025-01-26 21:06:49"}
{"level":"\u001b[32minfo\u001b[39m","message":"Assigned permission \"UPDATE /dashboard/platform-users\" to role \"SUPER_ADMIN\".","timestamp":"2025-01-26 21:06:49"}
{"level":"\u001b[32minfo\u001b[39m","message":"Assigned permission \"DELETE /dashboard/platform-users\" to role \"SUPER_ADMIN\".","timestamp":"2025-01-26 21:06:49"}
{"level":"\u001b[32minfo\u001b[39m","message":"SUPER_ADMIN permissions assigned successfully.","timestamp":"2025-01-26 21:06:49"}
{"level":"\u001b[32minfo\u001b[39m","message":"Assigned permission \"VIEW /dashboard\" to role \"ADMIN\".","timestamp":"2025-01-26 21:06:49"}
{"level":"\u001b[32minfo\u001b[39m","message":"Assigned permission \"VIEW /dashboard/batches\" to role \"ADMIN\".","timestamp":"2025-01-26 21:06:49"}
{"level":"\u001b[32minfo\u001b[39m","message":"Assigned permission \"ADD /dashboard/batches\" to role \"ADMIN\".","timestamp":"2025-01-26 21:06:49"}
{"level":"\u001b[32minfo\u001b[39m","message":"Assigned permission \"UPDATE /dashboard/batches\" to role \"ADMIN\".","timestamp":"2025-01-26 21:06:49"}
{"level":"\u001b[32minfo\u001b[39m","message":"Assigned permission \"DELETE /dashboard/batches\" to role \"ADMIN\".","timestamp":"2025-01-26 21:06:49"}
{"level":"\u001b[32minfo\u001b[39m","message":"Assigned permission \"VIEW /dashboard/users\" to role \"ADMIN\".","timestamp":"2025-01-26 21:06:49"}
{"level":"\u001b[33mwarn\u001b[39m","message":"Permission \"ADD /dashboard/users\" not found. Skipping assignment to role \"ADMIN\".","timestamp":"2025-01-26 21:06:49"}
{"level":"\u001b[33mwarn\u001b[39m","message":"Permission \"UPDATE /dashboard/users\" not found. Skipping assignment to role \"ADMIN\".","timestamp":"2025-01-26 21:06:49"}
{"level":"\u001b[33mwarn\u001b[39m","message":"Permission \"DELETE /dashboard/users\" not found. Skipping assignment to role \"ADMIN\".","timestamp":"2025-01-26 21:06:49"}
{"level":"\u001b[32minfo\u001b[39m","message":"Assigned permission \"VIEW /dashboard/invitations\" to role \"ADMIN\".","timestamp":"2025-01-26 21:06:49"}
{"level":"\u001b[32minfo\u001b[39m","message":"Assigned permission \"ADD /dashboard/invitations\" to role \"ADMIN\".","timestamp":"2025-01-26 21:06:49"}
{"level":"\u001b[32minfo\u001b[39m","message":"Assigned permission \"UPDATE /dashboard/invitations\" to role \"ADMIN\".","timestamp":"2025-01-26 21:06:49"}
{"level":"\u001b[32minfo\u001b[39m","message":"Assigned permission \"DELETE /dashboard/invitations\" to role \"ADMIN\".","timestamp":"2025-01-26 21:06:49"}
{"level":"\u001b[32minfo\u001b[39m","message":"Assigned permission \"VIEW /dashboard/calendar\" to role \"ADMIN\".","timestamp":"2025-01-26 21:06:49"}
{"level":"\u001b[32minfo\u001b[39m","message":"Assigned permission \"ADD /dashboard/calendar\" to role \"ADMIN\".","timestamp":"2025-01-26 21:06:49"}
{"level":"\u001b[32minfo\u001b[39m","message":"Assigned permission \"UPDATE /dashboard/calendar\" to role \"ADMIN\".","timestamp":"2025-01-26 21:06:49"}
{"level":"\u001b[32minfo\u001b[39m","message":"Assigned permission \"DELETE /dashboard/calendar\" to role \"ADMIN\".","timestamp":"2025-01-26 21:06:49"}
{"level":"\u001b[32minfo\u001b[39m","message":"Assigned permission \"VIEW /dashboard/communication\" to role \"ADMIN\".","timestamp":"2025-01-26 21:06:49"}
{"level":"\u001b[32minfo\u001b[39m","message":"Assigned permission \"ADD /dashboard/communication\" to role \"ADMIN\".","timestamp":"2025-01-26 21:06:49"}
{"level":"\u001b[32minfo\u001b[39m","message":"Assigned permission \"UPDATE /dashboard/communication\" to role \"ADMIN\".","timestamp":"2025-01-26 21:06:49"}
{"level":"\u001b[32minfo\u001b[39m","message":"Assigned permission \"DELETE /dashboard/communication\" to role \"ADMIN\".","timestamp":"2025-01-26 21:06:49"}
{"level":"\u001b[32minfo\u001b[39m","message":"Assigned permission \"VIEW /dashboard/goals\" to role \"ADMIN\".","timestamp":"2025-01-26 21:06:49"}
{"level":"\u001b[32minfo\u001b[39m","message":"Assigned permission \"VIEW /dashboard/goals/seasonal\" to role \"ADMIN\".","timestamp":"2025-01-26 21:06:49"}
{"level":"\u001b[32minfo\u001b[39m","message":"Assigned permission \"ADD /dashboard/goals/seasonal\" to role \"ADMIN\".","timestamp":"2025-01-26 21:06:49"}
{"level":"\u001b[32minfo\u001b[39m","message":"Assigned permission \"VIEW /dashboard/goals/monthly\" to role \"ADMIN\".","timestamp":"2025-01-26 21:06:49"}
{"level":"\u001b[32minfo\u001b[39m","message":"Assigned permission \"ADD /dashboard/goals/monthly\" to role \"ADMIN\".","timestamp":"2025-01-26 21:06:49"}
{"level":"\u001b[32minfo\u001b[39m","message":"Assigned permission \"VIEW /dashboard/goals/weekly\" to role \"ADMIN\".","timestamp":"2025-01-26 21:06:49"}
{"level":"\u001b[32minfo\u001b[39m","message":"Assigned permission \"ADD /dashboard/goals/weekly\" to role \"ADMIN\".","timestamp":"2025-01-26 21:06:49"}
{"level":"\u001b[32minfo\u001b[39m","message":"Assigned permission \"VIEW /dashboard/goals/assign-weekly\" to role \"ADMIN\".","timestamp":"2025-01-26 21:06:49"}
{"level":"\u001b[32minfo\u001b[39m","message":"Assigned permission \"ADD /dashboard/goals/assign-weekly\" to role \"ADMIN\".","timestamp":"2025-01-26 21:06:49"}
{"level":"\u001b[32minfo\u001b[39m","message":"Assigned permission \"VIEW /dashboard/website\" to role \"ADMIN\".","timestamp":"2025-01-26 21:06:49"}
{"level":"\u001b[32minfo\u001b[39m","message":"Assigned permission \"UPDATE /dashboard/website\" to role \"ADMIN\".","timestamp":"2025-01-26 21:06:49"}
{"level":"\u001b[32minfo\u001b[39m","message":"Assigned permission \"VIEW /dashboard/programs\" to role \"ADMIN\".","timestamp":"2025-01-26 21:06:49"}
{"level":"\u001b[32minfo\u001b[39m","message":"Assigned permission \"ADD /dashboard/programs\" to role \"ADMIN\".","timestamp":"2025-01-26 21:06:49"}
{"level":"\u001b[32minfo\u001b[39m","message":"Assigned permission \"UPDATE /dashboard/programs\" to role \"ADMIN\".","timestamp":"2025-01-26 21:06:49"}
{"level":"\u001b[32minfo\u001b[39m","message":"Assigned permission \"DELETE /dashboard/programs\" to role \"ADMIN\".","timestamp":"2025-01-26 21:06:49"}
{"level":"\u001b[32minfo\u001b[39m","message":"Assigned permission \"VIEW /dashboard/students/list\" to role \"ADMIN\".","timestamp":"2025-01-26 21:06:49"}
{"level":"\u001b[32minfo\u001b[39m","message":"Assigned permission \"VIEW /dashboard/students/signups\" to role \"ADMIN\".","timestamp":"2025-01-26 21:06:49"}
{"level":"\u001b[32minfo\u001b[39m","message":"Assigned permission \"ADD /dashboard/students/signups\" to role \"ADMIN\".","timestamp":"2025-01-26 21:06:49"}
{"level":"\u001b[32minfo\u001b[39m","message":"Assigned permission \"UPDATE /dashboard/students/signups\" to role \"ADMIN\".","timestamp":"2025-01-26 21:06:49"}
{"level":"\u001b[32minfo\u001b[39m","message":"Assigned permission \"DELETE /dashboard/students/signups\" to role \"ADMIN\".","timestamp":"2025-01-26 21:06:49"}
{"level":"\u001b[32minfo\u001b[39m","message":"Assigned permission \"VIEW /dashboard/reports\" to role \"ADMIN\".","timestamp":"2025-01-26 21:06:49"}
{"level":"\u001b[32minfo\u001b[39m","message":"Assigned permission \"VIEW /dashboard/reports/batches\" to role \"ADMIN\".","timestamp":"2025-01-26 21:06:49"}
{"level":"\u001b[32minfo\u001b[39m","message":"Assigned permission \"VIEW /dashboard/reports/enrollments\" to role \"ADMIN\".","timestamp":"2025-01-26 21:06:49"}
{"level":"\u001b[32minfo\u001b[39m","message":"Assigned permission \"VIEW /dashboard/reports/students\" to role \"ADMIN\".","timestamp":"2025-01-26 21:06:49"}
{"level":"\u001b[32minfo\u001b[39m","message":"Assigned permission \"VIEW /dashboard/reports/target-goals\" to role \"ADMIN\".","timestamp":"2025-01-26 21:06:49"}
{"level":"\u001b[32minfo\u001b[39m","message":"Assigned permission \"VIEW /dashboard/settings\" to role \"ADMIN\".","timestamp":"2025-01-26 21:06:49"}
{"level":"\u001b[33mwarn\u001b[39m","message":"Permission \"UPDATE /dashboard/settings\" not found. Skipping assignment to role \"ADMIN\".","timestamp":"2025-01-26 21:06:49"}
{"level":"\u001b[32minfo\u001b[39m","message":"Assigned permission \"VIEW /dashboard/settings/profile\" to role \"ADMIN\".","timestamp":"2025-01-26 21:06:49"}
{"level":"\u001b[32minfo\u001b[39m","message":"Assigned permission \"UPDATE /dashboard/settings/profile\" to role \"ADMIN\".","timestamp":"2025-01-26 21:06:49"}
{"level":"\u001b[32minfo\u001b[39m","message":"Assigned permission \"VIEW /dashboard/settings/admins\" to role \"ADMIN\".","timestamp":"2025-01-26 21:06:49"}
{"level":"\u001b[32minfo\u001b[39m","message":"Assigned permission \"UPDATE /dashboard/settings/admins\" to role \"ADMIN\".","timestamp":"2025-01-26 21:06:49"}
{"level":"\u001b[32minfo\u001b[39m","message":"Assigned permission \"VIEW /dashboard/settings/academy\" to role \"ADMIN\".","timestamp":"2025-01-26 21:06:49"}
{"level":"\u001b[32minfo\u001b[39m","message":"Assigned permission \"UPDATE /dashboard/settings/academy\" to role \"ADMIN\".","timestamp":"2025-01-26 21:06:49"}
{"level":"\u001b[32minfo\u001b[39m","message":"Assigned permission \"VIEW /dashboard/users/coaches\" to role \"ADMIN\".","timestamp":"2025-01-26 21:06:49"}
{"level":"\u001b[32minfo\u001b[39m","message":"Assigned permission \"VIEW /dashboard/users/coach-signups\" to role \"ADMIN\".","timestamp":"2025-01-26 21:06:49"}
{"level":"\u001b[32minfo\u001b[39m","message":"Assigned permission \"ADD /dashboard/users/coach-signups\" to role \"ADMIN\".","timestamp":"2025-01-26 21:06:49"}
{"level":"\u001b[32minfo\u001b[39m","message":"Assigned permission \"UPDATE /dashboard/users/coach-signups\" to role \"ADMIN\".","timestamp":"2025-01-26 21:06:49"}
{"level":"\u001b[32minfo\u001b[39m","message":"Assigned permission \"DELETE /dashboard/users/coach-signups\" to role \"ADMIN\".","timestamp":"2025-01-26 21:06:49"}
{"level":"\u001b[32minfo\u001b[39m","message":"ADMIN permissions assigned successfully.","timestamp":"2025-01-26 21:06:49"}
{"level":"\u001b[32minfo\u001b[39m","message":"Assigned permission \"VIEW /dashboard/goals\" to role \"COACH\".","timestamp":"2025-01-26 21:06:49"}
{"level":"\u001b[33mwarn\u001b[39m","message":"Permission \"ADD /dashboard/goals\" not found. Skipping assignment to role \"COACH\".","timestamp":"2025-01-26 21:06:49"}
{"level":"\u001b[33mwarn\u001b[39m","message":"Permission \"UPDATE /dashboard/goals\" not found. Skipping assignment to role \"COACH\".","timestamp":"2025-01-26 21:06:49"}
{"level":"\u001b[33mwarn\u001b[39m","message":"Permission \"DELETE /dashboard/goals\" not found. Skipping assignment to role \"COACH\".","timestamp":"2025-01-26 21:06:49"}
{"level":"\u001b[32minfo\u001b[39m","message":"Assigned permission \"VIEW /dashboard/goals/seasonal\" to role \"COACH\".","timestamp":"2025-01-26 21:06:49"}
{"level":"\u001b[32minfo\u001b[39m","message":"Assigned permission \"ADD /dashboard/goals/seasonal\" to role \"COACH\".","timestamp":"2025-01-26 21:06:49"}
{"level":"\u001b[33mwarn\u001b[39m","message":"Permission \"UPDATE /dashboard/goals/seasonal\" not found. Skipping assignment to role \"COACH\".","timestamp":"2025-01-26 21:06:49"}
{"level":"\u001b[33mwarn\u001b[39m","message":"Permission \"DELETE /dashboard/goals/seasonal\" not found. Skipping assignment to role \"COACH\".","timestamp":"2025-01-26 21:06:49"}
{"level":"\u001b[32minfo\u001b[39m","message":"Assigned permission \"VIEW /dashboard/goals/monthly\" to role \"COACH\".","timestamp":"2025-01-26 21:06:49"}
{"level":"\u001b[32minfo\u001b[39m","message":"Assigned permission \"ADD /dashboard/goals/monthly\" to role \"COACH\".","timestamp":"2025-01-26 21:06:49"}
{"level":"\u001b[33mwarn\u001b[39m","message":"Permission \"UPDATE /dashboard/goals/monthly\" not found. Skipping assignment to role \"COACH\".","timestamp":"2025-01-26 21:06:49"}
{"level":"\u001b[33mwarn\u001b[39m","message":"Permission \"DELETE /dashboard/goals/monthly\" not found. Skipping assignment to role \"COACH\".","timestamp":"2025-01-26 21:06:49"}
{"level":"\u001b[32minfo\u001b[39m","message":"Assigned permission \"VIEW /dashboard/goals/weekly\" to role \"COACH\".","timestamp":"2025-01-26 21:06:49"}
{"level":"\u001b[32minfo\u001b[39m","message":"Assigned permission \"ADD /dashboard/goals/weekly\" to role \"COACH\".","timestamp":"2025-01-26 21:06:49"}
{"level":"\u001b[33mwarn\u001b[39m","message":"Permission \"UPDATE /dashboard/goals/weekly\" not found. Skipping assignment to role \"COACH\".","timestamp":"2025-01-26 21:06:49"}
{"level":"\u001b[33mwarn\u001b[39m","message":"Permission \"DELETE /dashboard/goals/weekly\" not found. Skipping assignment to role \"COACH\".","timestamp":"2025-01-26 21:06:49"}
{"level":"\u001b[32minfo\u001b[39m","message":"Assigned permission \"VIEW /dashboard/goals/assign-weekly\" to role \"COACH\".","timestamp":"2025-01-26 21:06:49"}
{"level":"\u001b[32minfo\u001b[39m","message":"Assigned permission \"ADD /dashboard/goals/assign-weekly\" to role \"COACH\".","timestamp":"2025-01-26 21:06:49"}
{"level":"\u001b[33mwarn\u001b[39m","message":"Permission \"UPDATE /dashboard/goals/assign-weekly\" not found. Skipping assignment to role \"COACH\".","timestamp":"2025-01-26 21:06:49"}
{"level":"\u001b[33mwarn\u001b[39m","message":"Permission \"DELETE /dashboard/goals/assign-weekly\" not found. Skipping assignment to role \"COACH\".","timestamp":"2025-01-26 21:06:49"}
{"level":"\u001b[32minfo\u001b[39m","message":"Assigned permission \"VIEW /dashboard/students\" to role \"COACH\".","timestamp":"2025-01-26 21:06:49"}
{"level":"\u001b[32minfo\u001b[39m","message":"Assigned permission \"VIEW /dashboard/students/list\" to role \"COACH\".","timestamp":"2025-01-26 21:06:49"}
{"level":"\u001b[32minfo\u001b[39m","message":"Assigned permission \"VIEW /dashboard/students/signups\" to role \"COACH\".","timestamp":"2025-01-26 21:06:49"}
{"level":"\u001b[32minfo\u001b[39m","message":"Assigned permission \"ADD /dashboard/students/signups\" to role \"COACH\".","timestamp":"2025-01-26 21:06:49"}
{"level":"\u001b[32minfo\u001b[39m","message":"Assigned permission \"UPDATE /dashboard/students/signups\" to role \"COACH\".","timestamp":"2025-01-26 21:06:49"}
{"level":"\u001b[32minfo\u001b[39m","message":"Assigned permission \"DELETE /dashboard/students/signups\" to role \"COACH\".","timestamp":"2025-01-26 21:06:49"}
{"level":"\u001b[32minfo\u001b[39m","message":"Assigned permission \"VIEW /dashboard/reports\" to role \"COACH\".","timestamp":"2025-01-26 21:06:49"}
{"level":"\u001b[32minfo\u001b[39m","message":"Assigned permission \"VIEW /dashboard/reports/batches\" to role \"COACH\".","timestamp":"2025-01-26 21:06:49"}
{"level":"\u001b[32minfo\u001b[39m","message":"Assigned permission \"VIEW /dashboard/reports/enrollments\" to role \"COACH\".","timestamp":"2025-01-26 21:06:49"}
{"level":"\u001b[32minfo\u001b[39m","message":"Assigned permission \"VIEW /dashboard/reports/students\" to role \"COACH\".","timestamp":"2025-01-26 21:06:49"}
{"level":"\u001b[32minfo\u001b[39m","message":"Assigned permission \"VIEW /dashboard/reports/target-goals\" to role \"COACH\".","timestamp":"2025-01-26 21:06:49"}
{"level":"\u001b[32minfo\u001b[39m","message":"Assigned permission \"VIEW /dashboard/settings/profile\" to role \"COACH\".","timestamp":"2025-01-26 21:06:49"}
{"level":"\u001b[32minfo\u001b[39m","message":"Assigned permission \"UPDATE /dashboard/settings/profile\" to role \"COACH\".","timestamp":"2025-01-26 21:06:49"}
{"level":"\u001b[32minfo\u001b[39m","message":"Assigned permission \"VIEW /dashboard/tasks\" to role \"COACH\".","timestamp":"2025-01-26 21:06:49"}
{"level":"\u001b[32minfo\u001b[39m","message":"Assigned permission \"VIEW /dashboard/tasks/quizzes\" to role \"COACH\".","timestamp":"2025-01-26 21:06:49"}
{"level":"\u001b[32minfo\u001b[39m","message":"Assigned permission \"ADD /dashboard/tasks/quizzes\" to role \"COACH\".","timestamp":"2025-01-26 21:06:49"}
{"level":"\u001b[32minfo\u001b[39m","message":"Assigned permission \"UPDATE /dashboard/tasks/quizzes\" to role \"COACH\".","timestamp":"2025-01-26 21:06:49"}
{"level":"\u001b[32minfo\u001b[39m","message":"Assigned permission \"DELETE /dashboard/tasks/quizzes\" to role \"COACH\".","timestamp":"2025-01-26 21:06:49"}
{"level":"\u001b[32minfo\u001b[39m","message":"Assigned permission \"VIEW /dashboard/calendar\" to role \"COACH\".","timestamp":"2025-01-26 21:06:49"}
{"level":"\u001b[32minfo\u001b[39m","message":"Assigned permission \"VIEW /dashboard/users\" to role \"COACH\".","timestamp":"2025-01-26 21:06:49"}
{"level":"\u001b[33mwarn\u001b[39m","message":"Permission \"ADD /dashboard/users\" not found. Skipping assignment to role \"COACH\".","timestamp":"2025-01-26 21:06:49"}
{"level":"\u001b[32minfo\u001b[39m","message":"Assigned permission \"VIEW /dashboard/users/students\" to role \"COACH\".","timestamp":"2025-01-26 21:06:49"}
{"level":"\u001b[32minfo\u001b[39m","message":"Assigned permission \"VIEW /dashboard/users/student-signups\" to role \"COACH\".","timestamp":"2025-01-26 21:06:49"}
{"level":"\u001b[32minfo\u001b[39m","message":"Assigned permission \"ADD /dashboard/users/student-signups\" to role \"COACH\".","timestamp":"2025-01-26 21:06:49"}
{"level":"\u001b[32minfo\u001b[39m","message":"Assigned permission \"UPDATE /dashboard/users/student-signups\" to role \"COACH\".","timestamp":"2025-01-26 21:06:49"}
{"level":"\u001b[32minfo\u001b[39m","message":"Assigned permission \"DELETE /dashboard/users/student-signups\" to role \"COACH\".","timestamp":"2025-01-26 21:06:49"}
{"level":"\u001b[32minfo\u001b[39m","message":"COACH permissions assigned successfully.","timestamp":"2025-01-26 21:06:49"}
{"level":"\u001b[32minfo\u001b[39m","message":"All role permissions assigned successfully.","timestamp":"2025-01-26 21:06:49"}
{"level":"\u001b[32minfo\u001b[39m","message":"System codes seeded successfully","timestamp":"2025-01-26 21:06:49"}
{"level":"\u001b[32minfo\u001b[39m","message":"Seeding process completed successfully.","timestamp":"2025-01-26 21:06:49"}
{"level":"\u001b[32minfo\u001b[39m","message":"Seed done ✅","timestamp":"2025-01-26 21:06:49"}
{"level":"\u001b[32minfo\u001b[39m","message":"Starting database automation process...","timestamp":"2025-01-26 21:06:33"}
{"level":"\u001b[32minfo\u001b[39m","message":"Starting: Resetting database","timestamp":"2025-01-26 21:06:33"}
{"level":"\u001b[32minfo\u001b[39m","message":"Completed: Resetting database","timestamp":"2025-01-26 21:06:42"}
{"level":"\u001b[32minfo\u001b[39m","message":"Starting: Generating Prisma Client","timestamp":"2025-01-26 21:06:42"}
{"level":"\u001b[32minfo\u001b[39m","message":"Completed: Generating Prisma Client","timestamp":"2025-01-26 21:06:45"}
{"level":"\u001b[32minfo\u001b[39m","message":"Starting: Pushing schema changes","timestamp":"2025-01-26 21:06:45"}
{"level":"\u001b[32minfo\u001b[39m","message":"Completed: Pushing schema changes","timestamp":"2025-01-26 21:06:48"}
{"level":"\u001b[32minfo\u001b[39m","message":"Starting: Seeding data","timestamp":"2025-01-26 21:06:48"}
{"level":"\u001b[32minfo\u001b[39m","message":"Completed: Seeding data","timestamp":"2025-01-26 21:06:49"}
{"level":"\u001b[32minfo\u001b[39m","message":"Database automation completed successfully! âœ¨","timestamp":"2025-01-26 21:06:49"}
{"level":"\u001b[32minfo\u001b[39m","message":"Superadmin created successfully","timestamp":"2025-01-26 21:07:39"}
{"level":"\u001b[32minfo\u001b[39m","message":"Default academy created successfully","timestamp":"2025-01-26 21:07:39"}
{"level":"info","message":"Database connection successful","timestamp":"2025-01-26 21:07:43"}
{"level":"info","message":"Server is running on port 5000","timestamp":"2025-01-26 21:07:43"}
{"level":"info","message":"Initial origins update completed","timestamp":"2025-01-26 21:07:43"}
{"level":"warn","message":"Origin not allowed: http://chess-in-chunks.localhost:3001","timestamp":"2025-01-26 21:08:00"}
{"level":"warn","message":"Blocked request from unauthorized origin: http://chess-in-chunks.localhost:3001","timestamp":"2025-01-26 21:08:00"}
{"level":"info","message":"OPTIONS /api/v1/auth/login-with-password 403 4.661 ms - 43","timestamp":"2025-01-26 21:08:00"}
{"level":"warn","message":"Origin not allowed: http://chess-in-chunks.localhost:3001","timestamp":"2025-01-26 21:08:06"}
{"level":"warn","message":"Blocked request from unauthorized origin: http://chess-in-chunks.localhost:3001","timestamp":"2025-01-26 21:08:06"}
{"level":"info","message":"OPTIONS /api/v1/auth/login-with-password 403 2.031 ms - 43","timestamp":"2025-01-26 21:08:06"}
{"level":"warn","message":"Origin not allowed: http://chess-in-chunks.localhost:3001","timestamp":"2025-01-26 21:08:12"}
{"level":"warn","message":"Blocked request from unauthorized origin: http://chess-in-chunks.localhost:3001","timestamp":"2025-01-26 21:08:12"}
{"level":"info","message":"OPTIONS /api/v1/auth/login-with-password 403 1.494 ms - 43","timestamp":"2025-01-26 21:08:12"}
{"level":"warn","message":"Origin not allowed: http://chess-in-chunks.localhost:3001","timestamp":"2025-01-26 21:08:13"}
{"level":"warn","message":"Blocked request from unauthorized origin: http://chess-in-chunks.localhost:3001","timestamp":"2025-01-26 21:08:13"}
{"level":"info","message":"OPTIONS /api/v1/auth/login-with-password 403 1.006 ms - 43","timestamp":"2025-01-26 21:08:13"}
{"level":"\u001b[32minfo\u001b[39m","message":"Starting the seeding process","timestamp":"2025-01-26 21:08:30"}
{"level":"\u001b[32minfo\u001b[39m","message":"Password hashed successfully","timestamp":"2025-01-26 21:08:30"}
{"level":"\u001b[32minfo\u001b[39m","message":"Roles created successfully","timestamp":"2025-01-26 21:08:30"}
{"level":"\u001b[32minfo\u001b[39m","message":"Academy created: Chess In Chunks Academy","timestamp":"2025-01-26 21:08:30"}
{"level":"\u001b[32minfo\u001b[39m","message":"Admin created: admin@chessinchunks.com (CIC ID: CIC-ADMIN-001)","timestamp":"2025-01-26 21:08:30"}
{"level":"\u001b[32minfo\u001b[39m","message":"Coach created: head.coach@example.com (CIC ID: CIC-COACH-JM001, Role: HEAD_COACH)","timestamp":"2025-01-26 21:08:30"}
{"level":"\u001b[32minfo\u001b[39m","message":"Coach created: senior.coach@example.com (CIC ID: CIC-COACH-SE001, Role: SENIOR_COACH)","timestamp":"2025-01-26 21:08:30"}
{"level":"\u001b[32minfo\u001b[39m","message":"Batch created: BATCH-2024-01","timestamp":"2025-01-26 21:08:30"}
{"level":"\u001b[32minfo\u001b[39m","message":"Student created: kitten@example.com (CIC ID: CIC-STU-KP001, ChessComId: supercutekittenpuff)","timestamp":"2025-01-26 21:08:30"}
{"level":"\u001b[32minfo\u001b[39m","message":"Student created: sashwin@example.com (CIC ID: CIC-STU-SG001, ChessComId: SashwinG)","timestamp":"2025-01-26 21:08:30"}
{"level":"\u001b[32minfo\u001b[39m","message":"Student created: ranjhana@example.com (CIC ID: CIC-STU-RR001, ChessComId: Ranjhannaa)","timestamp":"2025-01-26 21:08:30"}
{"level":"\u001b[32minfo\u001b[39m","message":"Student created: nive@example.com (CIC ID: CIC-STU-NC001, ChessComId: nive_chitti)","timestamp":"2025-01-26 21:08:30"}
{"level":"\u001b[32minfo\u001b[39m","message":"Student created: rishaan@example.com (CIC ID: CIC-STU-RJ001, ChessComId: Rishaan-RJ)","timestamp":"2025-01-26 21:08:30"}
{"level":"\u001b[32minfo\u001b[39m","message":"\n=== Final Batch Status ===","timestamp":"2025-01-26 21:08:30"}
{"level":"\u001b[32minfo\u001b[39m","message":"Batch Code: BATCH-2024-01","timestamp":"2025-01-26 21:08:30"}
{"level":"\u001b[32minfo\u001b[39m","message":"Number of coaches: 2","timestamp":"2025-01-26 21:08:30"}
{"level":"\u001b[32minfo\u001b[39m","message":"Number of students: 5","timestamp":"2025-01-26 21:08:30"}
{"level":"\u001b[32minfo\u001b[39m","message":"\n=== Summary of Created Users and Their CIC IDs ===","timestamp":"2025-01-26 21:08:30"}
{"level":"\u001b[32minfo\u001b[39m","message":"\nAdmin:","timestamp":"2025-01-26 21:08:30"}
{"level":"\u001b[32minfo\u001b[39m","message":"- admin@chessinchunks.com: CIC-ADMIN-001","timestamp":"2025-01-26 21:08:30"}
{"level":"\u001b[32minfo\u001b[39m","message":"\nCoaches:","timestamp":"2025-01-26 21:08:30"}
{"level":"\u001b[32minfo\u001b[39m","message":"- head.coach@example.com: CIC-COACH-JM001 (HEAD_COACH)","timestamp":"2025-01-26 21:08:30"}
{"level":"\u001b[32minfo\u001b[39m","message":"- senior.coach@example.com: CIC-COACH-SE001 (SENIOR_COACH)","timestamp":"2025-01-26 21:08:30"}
{"level":"\u001b[32minfo\u001b[39m","message":"\nStudents:","timestamp":"2025-01-26 21:08:30"}
{"level":"\u001b[32minfo\u001b[39m","message":"- rishaan@example.com: CIC-STU-RJ001 (ChessComId: Rishaan-RJ)","timestamp":"2025-01-26 21:08:30"}
{"level":"\u001b[32minfo\u001b[39m","message":"- sashwin@example.com: CIC-STU-SG001 (ChessComId: SashwinG)","timestamp":"2025-01-26 21:08:30"}
{"level":"\u001b[32minfo\u001b[39m","message":"- kitten@example.com: CIC-STU-KP001 (ChessComId: supercutekittenpuff)","timestamp":"2025-01-26 21:08:30"}
{"level":"\u001b[32minfo\u001b[39m","message":"- ranjhana@example.com: CIC-STU-RR001 (ChessComId: Ranjhannaa)","timestamp":"2025-01-26 21:08:30"}
{"level":"\u001b[32minfo\u001b[39m","message":"- nive@example.com: CIC-STU-NC001 (ChessComId: nive_chitti)","timestamp":"2025-01-26 21:08:30"}
{"level":"\u001b[32minfo\u001b[39m","message":"\n=== End of Summary ===","timestamp":"2025-01-26 21:08:30"}
{"level":"\u001b[32minfo\u001b[39m","message":"\nSeeding completed successfully","timestamp":"2025-01-26 21:08:30"}
{"level":"\u001b[32minfo\u001b[39m","message":"All users created with password: password1","timestamp":"2025-01-26 21:08:30"}
{"level":"\u001b[32minfo\u001b[39m","message":"Prisma client disconnected","timestamp":"2025-01-26 21:08:30"}
{"level":"info","message":"Database connection successful","timestamp":"2025-01-26 21:08:34"}
{"level":"info","message":"Server is running on port 5000","timestamp":"2025-01-26 21:08:34"}
{"level":"info","message":"Initial origins update completed","timestamp":"2025-01-26 21:08:34"}
{"level":"info","message":"OPTIONS /api/v1/auth/login-with-password 200 0.989 ms - -","timestamp":"2025-01-26 21:08:35"}
{"level":"error","statusCode":401,"timestamp":"2025-01-26 21:08:35"}
{"level":"info","message":"POST /api/v1/auth/login-with-password 401 146.062 ms - 354","timestamp":"2025-01-26 21:08:35"}
{"level":"error","statusCode":401,"timestamp":"2025-01-26 21:08:36"}
{"level":"info","message":"POST /api/v1/auth/login-with-password 401 112.271 ms - 354","timestamp":"2025-01-26 21:08:36"}
{"level":"info","message":"POST /api/v1/auth/login-with-password 200 138.138 ms - 887","timestamp":"2025-01-26 21:08:39"}
{"level":"info","message":"OPTIONS /api/v1/notifications 200 0.183 ms - -","timestamp":"2025-01-26 21:08:39"}
{"level":"info","message":"OPTIONS /api/v1/dashboard 200 0.231 ms - -","timestamp":"2025-01-26 21:08:39"}
{"level":"info","message":"OPTIONS /api/v1/permission 200 0.133 ms - -","timestamp":"2025-01-26 21:08:39"}
{"level":"info","message":"GET /api/v1/notifications 304 16.115 ms - -","timestamp":"2025-01-26 21:08:39"}
{"level":"info","message":"GET /api/v1/permission 200 18.440 ms - 3063","timestamp":"2025-01-26 21:08:39"}
{"level":"info","message":"GET /api/v1/dashboard 304 48.908 ms - -","timestamp":"2025-01-26 21:08:39"}
{"level":"info","message":"OPTIONS /api/v1/invitation/all-invitations?page=1&limit=1000&query= 200 0.139 ms - -","timestamp":"2025-01-26 21:08:41"}
{"level":"info","message":"GET /api/v1/invitation/all-invitations?page=1&limit=1000&query= 304 20.408 ms - -","timestamp":"2025-01-26 21:08:41"}
{"level":"info","message":"OPTIONS /api/v1/coach/all-coaches 200 0.168 ms - -","timestamp":"2025-01-26 21:08:42"}
{"level":"info","message":"OPTIONS /api/v1/student/all-students 200 0.173 ms - -","timestamp":"2025-01-26 21:08:42"}
{"level":"info","message":"OPTIONS /api/v1/superadmin/all-academies?page=1&limit=10&query= 200 0.122 ms - -","timestamp":"2025-01-26 21:08:42"}
{"level":"info","message":"OPTIONS /api/v1/batch?page=1&limit=10&query= 200 0.256 ms - -","timestamp":"2025-01-26 21:08:42"}
{"level":"info","message":"GET /api/v1/coach/all-coaches 200 47.135 ms - 1106","timestamp":"2025-01-26 21:08:42"}
{"level":"info","message":"GET /api/v1/superadmin/all-academies?page=1&limit=10&query= 200 40.494 ms - 246","timestamp":"2025-01-26 21:08:42"}
{"level":"info","message":"GET /api/v1/batch?page=1&limit=10&query= 200 35.052 ms - 2011","timestamp":"2025-01-26 21:08:42"}
{"level":"info","message":"GET /api/v1/student/all-students 200 50.963 ms - 5320","timestamp":"2025-01-26 21:08:42"}
{"level":"info","message":"GET /api/v1/superadmin/all-academies?page=1&limit=10&query= 304 16.413 ms - -","timestamp":"2025-01-26 21:08:42"}
{"level":"info","message":"GET /api/v1/batch?page=1&limit=10&query= 304 21.267 ms - -","timestamp":"2025-01-26 21:08:42"}
{"level":"info","message":"GET /api/v1/invitation/all-invitations?page=1&limit=1000&query= 304 18.889 ms - -","timestamp":"2025-01-26 21:08:42"}
{"level":"info","message":"OPTIONS /api/v1/invitation/all-invitations?page=1&limit=1000&query= 200 0.122 ms - -","timestamp":"2025-01-26 21:08:47"}
{"level":"info","message":"GET /api/v1/invitation/all-invitations?page=1&limit=1000&query= 304 14.129 ms - -","timestamp":"2025-01-26 21:08:47"}
{"level":"info","message":"OPTIONS /api/v1/academy-programs?page=1&limit=10&search= 200 0.108 ms - -","timestamp":"2025-01-26 21:08:48"}
{"level":"info","message":"GET /api/v1/academy-programs?page=1&limit=10&search= 200 16.781 ms - 66","timestamp":"2025-01-26 21:08:48"}
{"level":"info","message":"GET /api/v1/academy-programs?page=1&limit=10&search= 304 17.156 ms - -","timestamp":"2025-01-26 21:08:51"}
{"level":"info","message":"Database connection successful","timestamp":"2025-01-26 21:09:27"}
{"level":"info","message":"Server is running on port 5000","timestamp":"2025-01-26 21:09:27"}
{"level":"info","message":"Initial origins update completed","timestamp":"2025-01-26 21:09:27"}
{"level":"info","message":"Database connection successful","timestamp":"2025-01-26 21:20:33"}
{"level":"info","message":"Server is running on port 5000","timestamp":"2025-01-26 21:20:33"}
{"level":"info","message":"Initial origins update completed","timestamp":"2025-01-26 21:20:33"}
{"level":"info","message":"Database connection successful","timestamp":"2025-01-26 21:20:53"}
{"level":"info","message":"Server is running on port 5000","timestamp":"2025-01-26 21:20:53"}
{"level":"info","message":"Initial origins update completed","timestamp":"2025-01-26 21:20:53"}
{"level":"info","message":"Database connection successful","timestamp":"2025-01-26 21:21:08"}
{"level":"info","message":"Server is running on port 5000","timestamp":"2025-01-26 21:21:08"}
{"level":"info","message":"Initial origins update completed","timestamp":"2025-01-26 21:21:08"}
{"level":"info","message":"Database connection successful","timestamp":"2025-01-26 21:21:16"}
{"level":"info","message":"Server is running on port 5000","timestamp":"2025-01-26 21:21:16"}
{"level":"info","message":"Initial origins update completed","timestamp":"2025-01-26 21:21:16"}
{"level":"info","message":"Database connection successful","timestamp":"2025-01-26 21:23:05"}
{"level":"info","message":"Server is running on port 5000","timestamp":"2025-01-26 21:23:05"}
{"level":"info","message":"Initial origins update completed","timestamp":"2025-01-26 21:23:05"}
{"level":"info","message":"Database connection successful","timestamp":"2025-01-26 21:23:30"}
{"level":"info","message":"Server is running on port 5000","timestamp":"2025-01-26 21:23:30"}
{"level":"info","message":"Initial origins update completed","timestamp":"2025-01-26 21:23:30"}
{"level":"info","message":"Database connection successful","timestamp":"2025-01-26 21:24:56"}
{"level":"info","message":"Server is running on port 5000","timestamp":"2025-01-26 21:24:56"}
{"level":"info","message":"Initial origins update completed","timestamp":"2025-01-26 21:24:56"}
{"level":"info","message":"Database connection successful","timestamp":"2025-01-26 21:25:00"}
{"level":"info","message":"Server is running on port 5000","timestamp":"2025-01-26 21:25:00"}
{"level":"info","message":"Initial origins update completed","timestamp":"2025-01-26 21:25:00"}
{"level":"info","message":"Database connection successful","timestamp":"2025-01-26 21:25:28"}
{"level":"info","message":"Server is running on port 5000","timestamp":"2025-01-26 21:25:28"}
{"level":"info","message":"Initial origins update completed","timestamp":"2025-01-26 21:25:28"}
{"level":"info","message":"Database connection successful","timestamp":"2025-01-26 21:26:22"}
{"level":"info","message":"Server is running on port 5000","timestamp":"2025-01-26 21:26:22"}
{"level":"info","message":"Initial origins update completed","timestamp":"2025-01-26 21:26:22"}
{"level":"info","message":"Database connection successful","timestamp":"2025-01-26 21:26:26"}
{"level":"info","message":"Server is running on port 5000","timestamp":"2025-01-26 21:26:26"}
{"level":"info","message":"Initial origins update completed","timestamp":"2025-01-26 21:26:26"}
{"level":"info","message":"Database connection successful","timestamp":"2025-01-26 21:26:35"}
{"level":"info","message":"Server is running on port 5000","timestamp":"2025-01-26 21:26:35"}
{"level":"info","message":"Initial origins update completed","timestamp":"2025-01-26 21:26:35"}
{"level":"info","message":"Database connection successful","timestamp":"2025-01-26 21:30:06"}
{"level":"info","message":"Server is running on port 5000","timestamp":"2025-01-26 21:30:06"}
{"level":"info","message":"Initial origins update completed","timestamp":"2025-01-26 21:30:06"}
{"level":"info","message":"Database connection successful","timestamp":"2025-01-26 21:30:11"}
{"level":"info","message":"Server is running on port 5000","timestamp":"2025-01-26 21:30:11"}
{"level":"info","message":"Initial origins update completed","timestamp":"2025-01-26 21:30:11"}
{"level":"info","message":"Database connection successful","timestamp":"2025-01-26 21:30:16"}
{"level":"info","message":"Server is running on port 5000","timestamp":"2025-01-26 21:30:16"}
{"level":"info","message":"Initial origins update completed","timestamp":"2025-01-26 21:30:16"}
{"level":"info","message":"Database connection successful","timestamp":"2025-01-26 21:30:26"}
{"level":"info","message":"Server is running on port 5000","timestamp":"2025-01-26 21:30:26"}
{"level":"info","message":"Initial origins update completed","timestamp":"2025-01-26 21:30:26"}
{"level":"info","message":"Database connection successful","timestamp":"2025-01-26 21:30:30"}
{"level":"info","message":"Server is running on port 5000","timestamp":"2025-01-26 21:30:30"}
{"level":"info","message":"Initial origins update completed","timestamp":"2025-01-26 21:30:30"}
{"level":"info","message":"Database connection successful","timestamp":"2025-01-26 21:31:18"}
{"level":"info","message":"Server is running on port 5000","timestamp":"2025-01-26 21:31:18"}
{"level":"info","message":"Initial origins update completed","timestamp":"2025-01-26 21:31:18"}
{"level":"info","message":"Database connection successful","timestamp":"2025-01-26 21:32:04"}
{"level":"info","message":"Server is running on port 5000","timestamp":"2025-01-26 21:32:04"}
{"level":"info","message":"Initial origins update completed","timestamp":"2025-01-26 21:32:04"}
{"level":"info","message":"Database connection successful","timestamp":"2025-01-26 21:32:07"}
{"level":"info","message":"Server is running on port 5000","timestamp":"2025-01-26 21:32:07"}
{"level":"info","message":"Initial origins update completed","timestamp":"2025-01-26 21:32:07"}
{"level":"info","message":"Database connection successful","timestamp":"2025-01-26 21:32:10"}
{"level":"info","message":"Server is running on port 5000","timestamp":"2025-01-26 21:32:10"}
{"level":"info","message":"Initial origins update completed","timestamp":"2025-01-26 21:32:10"}
{"level":"info","message":"Database connection successful","timestamp":"2025-01-26 21:32:15"}
{"level":"info","message":"Server is running on port 5000","timestamp":"2025-01-26 21:32:15"}
{"level":"info","message":"Initial origins update completed","timestamp":"2025-01-26 21:32:15"}
{"level":"info","message":"Database connection successful","timestamp":"2025-01-26 21:32:24"}
{"level":"info","message":"Server is running on port 5000","timestamp":"2025-01-26 21:32:24"}
{"level":"info","message":"Initial origins update completed","timestamp":"2025-01-26 21:32:24"}
{"level":"info","message":"Database connection successful","timestamp":"2025-01-26 21:32:31"}
{"level":"info","message":"Server is running on port 5000","timestamp":"2025-01-26 21:32:31"}
{"level":"info","message":"Initial origins update completed","timestamp":"2025-01-26 21:32:31"}
{"level":"info","message":"Database connection successful","timestamp":"2025-01-26 21:32:35"}
{"level":"info","message":"Server is running on port 5000","timestamp":"2025-01-26 21:32:35"}
{"level":"info","message":"Initial origins update completed","timestamp":"2025-01-26 21:32:35"}
{"level":"info","message":"Database connection successful","timestamp":"2025-01-26 21:32:40"}
{"level":"info","message":"Server is running on port 5000","timestamp":"2025-01-26 21:32:40"}
{"level":"info","message":"Initial origins update completed","timestamp":"2025-01-26 21:32:40"}
{"level":"info","message":"Database connection successful","timestamp":"2025-01-26 21:32:48"}
{"level":"info","message":"Server is running on port 5000","timestamp":"2025-01-26 21:32:48"}
{"level":"info","message":"Initial origins update completed","timestamp":"2025-01-26 21:32:48"}
{"level":"info","message":"Database connection successful","timestamp":"2025-01-26 21:32:51"}
{"level":"info","message":"Server is running on port 5000","timestamp":"2025-01-26 21:32:51"}
{"level":"info","message":"Initial origins update completed","timestamp":"2025-01-26 21:32:51"}
{"level":"info","message":"Database connection successful","timestamp":"2025-01-26 21:33:30"}
{"level":"info","message":"Server is running on port 5000","timestamp":"2025-01-26 21:33:30"}
{"level":"info","message":"Initial origins update completed","timestamp":"2025-01-26 21:33:30"}
{"level":"info","message":"Database connection successful","timestamp":"2025-01-26 21:33:36"}
{"level":"info","message":"Server is running on port 5000","timestamp":"2025-01-26 21:33:36"}
{"level":"info","message":"Initial origins update completed","timestamp":"2025-01-26 21:33:36"}
{"level":"info","message":"Database connection successful","timestamp":"2025-01-26 21:33:42"}
{"level":"info","message":"Server is running on port 5000","timestamp":"2025-01-26 21:33:42"}
{"level":"info","message":"Initial origins update completed","timestamp":"2025-01-26 21:33:42"}
{"level":"info","message":"Database connection successful","timestamp":"2025-01-26 21:33:55"}
{"level":"info","message":"Server is running on port 5000","timestamp":"2025-01-26 21:33:55"}
{"level":"info","message":"Initial origins update completed","timestamp":"2025-01-26 21:33:55"}
{"level":"info","message":"Database connection successful","timestamp":"2025-01-26 21:34:25"}
{"level":"info","message":"Server is running on port 5000","timestamp":"2025-01-26 21:34:25"}
{"level":"info","message":"Initial origins update completed","timestamp":"2025-01-26 21:34:25"}
{"level":"info","message":"Database connection successful","timestamp":"2025-01-26 21:34:30"}
{"level":"info","message":"Server is running on port 5000","timestamp":"2025-01-26 21:34:30"}
{"level":"info","message":"Initial origins update completed","timestamp":"2025-01-26 21:34:30"}
{"level":"info","message":"Database connection successful","timestamp":"2025-01-26 21:34:34"}
{"level":"info","message":"Server is running on port 5000","timestamp":"2025-01-26 21:34:34"}
{"level":"info","message":"Initial origins update completed","timestamp":"2025-01-26 21:34:34"}
{"level":"info","message":"Database connection successful","timestamp":"2025-01-26 21:34:37"}
{"level":"info","message":"Server is running on port 5000","timestamp":"2025-01-26 21:34:37"}
{"level":"info","message":"Initial origins update completed","timestamp":"2025-01-26 21:34:37"}
{"level":"info","message":"Database connection successful","timestamp":"2025-01-26 21:34:42"}
{"level":"info","message":"Server is running on port 5000","timestamp":"2025-01-26 21:34:42"}
{"level":"info","message":"Initial origins update completed","timestamp":"2025-01-26 21:34:42"}
{"level":"info","message":"Database connection successful","timestamp":"2025-01-26 21:35:09"}
{"level":"info","message":"Server is running on port 5000","timestamp":"2025-01-26 21:35:09"}
{"level":"info","message":"Initial origins update completed","timestamp":"2025-01-26 21:35:09"}
{"level":"info","message":"Database connection successful","timestamp":"2025-01-26 21:35:17"}
{"level":"info","message":"Server is running on port 5000","timestamp":"2025-01-26 21:35:17"}
{"level":"info","message":"Initial origins update completed","timestamp":"2025-01-26 21:35:17"}
{"level":"info","message":"Database connection successful","timestamp":"2025-01-26 21:35:23"}
{"level":"info","message":"Server is running on port 5000","timestamp":"2025-01-26 21:35:23"}
{"level":"info","message":"Initial origins update completed","timestamp":"2025-01-26 21:35:23"}
{"level":"info","message":"Database connection successful","timestamp":"2025-01-26 21:35:28"}
{"level":"info","message":"Server is running on port 5000","timestamp":"2025-01-26 21:35:28"}
{"level":"info","message":"Initial origins update completed","timestamp":"2025-01-26 21:35:28"}
{"level":"info","message":"Database connection successful","timestamp":"2025-01-26 21:35:55"}
{"level":"info","message":"Server is running on port 5000","timestamp":"2025-01-26 21:35:55"}
{"level":"info","message":"Initial origins update completed","timestamp":"2025-01-26 21:35:55"}
{"level":"info","message":"Database connection successful","timestamp":"2025-01-26 21:35:57"}
{"level":"info","message":"Server is running on port 5000","timestamp":"2025-01-26 21:35:57"}
{"level":"info","message":"Initial origins update completed","timestamp":"2025-01-26 21:35:57"}
{"level":"info","message":"Database connection successful","timestamp":"2025-01-26 21:36:01"}
{"level":"info","message":"Server is running on port 5000","timestamp":"2025-01-26 21:36:01"}
{"level":"info","message":"Initial origins update completed","timestamp":"2025-01-26 21:36:01"}
{"level":"info","message":"Database connection successful","timestamp":"2025-01-26 21:36:21"}
{"level":"info","message":"Server is running on port 5000","timestamp":"2025-01-26 21:36:21"}
{"level":"info","message":"Initial origins update completed","timestamp":"2025-01-26 21:36:22"}
{"level":"info","message":"Database connection successful","timestamp":"2025-01-26 21:36:39"}
{"level":"info","message":"Server is running on port 5000","timestamp":"2025-01-26 21:36:39"}
{"level":"info","message":"Initial origins update completed","timestamp":"2025-01-26 21:36:39"}
{"level":"info","message":"Database connection successful","timestamp":"2025-01-26 21:36:55"}
{"level":"info","message":"Server is running on port 5000","timestamp":"2025-01-26 21:36:55"}
{"level":"info","message":"Initial origins update completed","timestamp":"2025-01-26 21:36:55"}
{"level":"info","message":"Database connection successful","timestamp":"2025-01-26 21:36:57"}
{"level":"info","message":"Server is running on port 5000","timestamp":"2025-01-26 21:36:57"}
{"level":"info","message":"Initial origins update completed","timestamp":"2025-01-26 21:36:57"}
{"level":"info","message":"Database connection successful","timestamp":"2025-01-26 21:37:04"}
{"level":"info","message":"Server is running on port 5000","timestamp":"2025-01-26 21:37:04"}
{"level":"info","message":"Initial origins update completed","timestamp":"2025-01-26 21:37:04"}
{"level":"info","message":"Database connection successful","timestamp":"2025-01-26 21:37:08"}
{"level":"info","message":"Server is running on port 5000","timestamp":"2025-01-26 21:37:08"}
{"level":"info","message":"Initial origins update completed","timestamp":"2025-01-26 21:37:08"}
{"level":"info","message":"Database connection successful","timestamp":"2025-01-26 21:37:11"}
{"level":"info","message":"Server is running on port 5000","timestamp":"2025-01-26 21:37:11"}
{"level":"info","message":"Initial origins update completed","timestamp":"2025-01-26 21:37:11"}
{"level":"info","message":"Database connection successful","timestamp":"2025-01-26 21:37:13"}
{"level":"info","message":"Server is running on port 5000","timestamp":"2025-01-26 21:37:13"}
{"level":"info","message":"Initial origins update completed","timestamp":"2025-01-26 21:37:13"}
{"level":"info","message":"Database connection successful","timestamp":"2025-01-26 21:37:34"}
{"level":"info","message":"Server is running on port 5000","timestamp":"2025-01-26 21:37:34"}
{"level":"info","message":"Initial origins update completed","timestamp":"2025-01-26 21:37:34"}
{"level":"info","message":"Database connection successful","timestamp":"2025-01-26 21:37:40"}
{"level":"info","message":"Server is running on port 5000","timestamp":"2025-01-26 21:37:40"}
{"level":"info","message":"Initial origins update completed","timestamp":"2025-01-26 21:37:40"}
{"level":"info","message":"Database connection successful","timestamp":"2025-01-26 21:38:12"}
{"level":"info","message":"Server is running on port 5000","timestamp":"2025-01-26 21:38:12"}
{"level":"info","message":"Initial origins update completed","timestamp":"2025-01-26 21:38:12"}
{"level":"info","message":"Database connection successful","timestamp":"2025-01-26 21:38:23"}
{"level":"info","message":"Server is running on port 5000","timestamp":"2025-01-26 21:38:23"}
{"level":"info","message":"Initial origins update completed","timestamp":"2025-01-26 21:38:23"}
{"level":"info","message":"Database connection successful","timestamp":"2025-01-26 21:38:35"}
{"level":"info","message":"Server is running on port 5000","timestamp":"2025-01-26 21:38:35"}
{"level":"info","message":"Initial origins update completed","timestamp":"2025-01-26 21:38:35"}
{"level":"info","message":"Database connection successful","timestamp":"2025-01-26 21:38:37"}
{"level":"info","message":"Server is running on port 5000","timestamp":"2025-01-26 21:38:37"}
{"level":"info","message":"Initial origins update completed","timestamp":"2025-01-26 21:38:37"}
{"level":"info","message":"Database connection successful","timestamp":"2025-01-26 21:38:41"}
{"level":"info","message":"Server is running on port 5000","timestamp":"2025-01-26 21:38:41"}
{"level":"info","message":"Initial origins update completed","timestamp":"2025-01-26 21:38:41"}
{"level":"info","message":"Database connection successful","timestamp":"2025-01-26 21:38:48"}
{"level":"info","message":"Server is running on port 5000","timestamp":"2025-01-26 21:38:48"}
{"level":"info","message":"Initial origins update completed","timestamp":"2025-01-26 21:38:48"}
{"level":"info","message":"Database connection successful","timestamp":"2025-01-26 21:38:56"}
{"level":"info","message":"Server is running on port 5000","timestamp":"2025-01-26 21:38:56"}
{"level":"info","message":"Initial origins update completed","timestamp":"2025-01-26 21:38:56"}
{"level":"info","message":"Database connection successful","timestamp":"2025-01-26 21:39:04"}
{"level":"info","message":"Server is running on port 5000","timestamp":"2025-01-26 21:39:04"}
{"level":"info","message":"Initial origins update completed","timestamp":"2025-01-26 21:39:04"}
{"level":"info","message":"Database connection successful","timestamp":"2025-01-26 21:39:47"}
{"level":"info","message":"Server is running on port 5000","timestamp":"2025-01-26 21:39:47"}
{"level":"info","message":"Initial origins update completed","timestamp":"2025-01-26 21:39:47"}
{"level":"info","message":"Database connection successful","timestamp":"2025-01-26 21:39:57"}
{"level":"info","message":"Server is running on port 5000","timestamp":"2025-01-26 21:39:57"}
{"level":"info","message":"Initial origins update completed","timestamp":"2025-01-26 21:39:57"}
{"level":"info","message":"Database connection successful","timestamp":"2025-01-26 21:39:59"}
{"level":"info","message":"Server is running on port 5000","timestamp":"2025-01-26 21:39:59"}
{"level":"info","message":"Initial origins update completed","timestamp":"2025-01-26 21:39:59"}
{"level":"info","message":"Database connection successful","timestamp":"2025-01-26 21:40:15"}
{"level":"info","message":"Server is running on port 5000","timestamp":"2025-01-26 21:40:15"}
{"level":"info","message":"Initial origins update completed","timestamp":"2025-01-26 21:40:15"}
{"level":"info","message":"Database connection successful","timestamp":"2025-01-26 21:40:22"}
{"level":"info","message":"Server is running on port 5000","timestamp":"2025-01-26 21:40:22"}
{"level":"info","message":"Initial origins update completed","timestamp":"2025-01-26 21:40:22"}
{"level":"info","message":"Database connection successful","timestamp":"2025-01-26 21:40:28"}
{"level":"info","message":"Server is running on port 5000","timestamp":"2025-01-26 21:40:28"}
{"level":"info","message":"Initial origins update completed","timestamp":"2025-01-26 21:40:28"}
{"level":"info","message":"Database connection successful","timestamp":"2025-01-26 21:41:33"}
{"level":"info","message":"Server is running on port 5000","timestamp":"2025-01-26 21:41:33"}
{"level":"info","message":"Initial origins update completed","timestamp":"2025-01-26 21:41:33"}
{"level":"info","message":"Database connection successful","timestamp":"2025-01-26 21:41:35"}
{"level":"info","message":"Server is running on port 5000","timestamp":"2025-01-26 21:41:35"}
{"level":"info","message":"Initial origins update completed","timestamp":"2025-01-26 21:41:35"}
{"level":"info","message":"Database connection successful","timestamp":"2025-01-26 21:41:38"}
{"level":"info","message":"Server is running on port 5000","timestamp":"2025-01-26 21:41:38"}
{"level":"info","message":"Initial origins update completed","timestamp":"2025-01-26 21:41:38"}
{"level":"info","message":"Database connection successful","timestamp":"2025-01-26 21:41:41"}
{"level":"info","message":"Server is running on port 5000","timestamp":"2025-01-26 21:41:41"}
{"level":"info","message":"Initial origins update completed","timestamp":"2025-01-26 21:41:41"}
{"level":"info","message":"Database connection successful","timestamp":"2025-01-26 21:41:43"}
{"level":"info","message":"Server is running on port 5000","timestamp":"2025-01-26 21:41:43"}
{"level":"info","message":"Initial origins update completed","timestamp":"2025-01-26 21:41:43"}
{"level":"info","message":"Database connection successful","timestamp":"2025-01-26 21:41:44"}
{"level":"info","message":"Server is running on port 5000","timestamp":"2025-01-26 21:41:44"}
{"level":"info","message":"Initial origins update completed","timestamp":"2025-01-26 21:41:44"}
{"level":"info","message":"Database connection successful","timestamp":"2025-01-26 21:41:47"}
{"level":"info","message":"Server is running on port 5000","timestamp":"2025-01-26 21:41:47"}
{"level":"info","message":"Initial origins update completed","timestamp":"2025-01-26 21:41:47"}
{"level":"info","message":"Database connection successful","timestamp":"2025-01-26 21:41:49"}
{"level":"info","message":"Server is running on port 5000","timestamp":"2025-01-26 21:41:49"}
{"level":"info","message":"Initial origins update completed","timestamp":"2025-01-26 21:41:49"}
{"level":"info","message":"Database connection successful","timestamp":"2025-01-26 21:41:51"}
{"level":"info","message":"Server is running on port 5000","timestamp":"2025-01-26 21:41:51"}
{"level":"info","message":"Initial origins update completed","timestamp":"2025-01-26 21:41:51"}
{"level":"info","message":"Database connection successful","timestamp":"2025-01-26 21:42:02"}
{"level":"info","message":"Server is running on port 5000","timestamp":"2025-01-26 21:42:02"}
{"level":"info","message":"Initial origins update completed","timestamp":"2025-01-26 21:42:02"}
{"level":"info","message":"Database connection successful","timestamp":"2025-01-26 21:42:04"}
{"level":"info","message":"Server is running on port 5000","timestamp":"2025-01-26 21:42:04"}
{"level":"info","message":"Initial origins update completed","timestamp":"2025-01-26 21:42:04"}
{"level":"info","message":"Database connection successful","timestamp":"2025-01-26 21:42:06"}
{"level":"info","message":"Server is running on port 5000","timestamp":"2025-01-26 21:42:06"}
{"level":"info","message":"Initial origins update completed","timestamp":"2025-01-26 21:42:06"}
{"level":"info","message":"Database connection successful","timestamp":"2025-01-26 21:43:19"}
{"level":"info","message":"Server is running on port 5000","timestamp":"2025-01-26 21:43:19"}
{"level":"info","message":"Initial origins update completed","timestamp":"2025-01-26 21:43:19"}
{"level":"info","message":"Database connection successful","timestamp":"2025-01-26 21:43:29"}
{"level":"info","message":"Server is running on port 5000","timestamp":"2025-01-26 21:43:29"}
{"level":"info","message":"Database connection successful","timestamp":"2025-01-26 21:43:30"}
{"level":"info","message":"Server is running on port 5000","timestamp":"2025-01-26 21:43:30"}
{"level":"info","message":"Initial origins update completed","timestamp":"2025-01-26 21:43:30"}
{"level":"info","message":"Database connection successful","timestamp":"2025-01-26 21:43:32"}
{"level":"info","message":"Server is running on port 5000","timestamp":"2025-01-26 21:43:32"}
{"level":"info","message":"Initial origins update completed","timestamp":"2025-01-26 21:43:32"}
{"level":"info","message":"Database connection successful","timestamp":"2025-01-26 21:43:34"}
{"level":"info","message":"Server is running on port 5000","timestamp":"2025-01-26 21:43:34"}
{"level":"info","message":"Initial origins update completed","timestamp":"2025-01-26 21:43:34"}
{"level":"info","message":"Database connection successful","timestamp":"2025-01-26 21:43:36"}
{"level":"info","message":"Server is running on port 5000","timestamp":"2025-01-26 21:43:36"}
{"level":"info","message":"Initial origins update completed","timestamp":"2025-01-26 21:43:36"}
{"level":"info","message":"Database connection successful","timestamp":"2025-01-26 21:43:37"}
{"level":"info","message":"Server is running on port 5000","timestamp":"2025-01-26 21:43:37"}
{"level":"info","message":"Initial origins update completed","timestamp":"2025-01-26 21:43:37"}
{"level":"info","message":"Database connection successful","timestamp":"2025-01-26 21:43:39"}
{"level":"info","message":"Server is running on port 5000","timestamp":"2025-01-26 21:43:39"}
{"level":"info","message":"Initial origins update completed","timestamp":"2025-01-26 21:43:39"}
{"level":"info","message":"Database connection successful","timestamp":"2025-01-26 21:43:51"}
{"level":"info","message":"Server is running on port 5000","timestamp":"2025-01-26 21:43:51"}
{"level":"info","message":"Initial origins update completed","timestamp":"2025-01-26 21:43:51"}
{"level":"info","message":"Database connection successful","timestamp":"2025-01-26 21:46:56"}
{"level":"info","message":"Server is running on port 5000","timestamp":"2025-01-26 21:46:56"}
{"level":"info","message":"Initial origins update completed","timestamp":"2025-01-26 21:46:56"}
{"level":"info","message":"Database connection successful","timestamp":"2025-01-26 21:47:01"}
{"level":"info","message":"Server is running on port 5000","timestamp":"2025-01-26 21:47:01"}
{"level":"info","message":"Initial origins update completed","timestamp":"2025-01-26 21:47:01"}
{"level":"info","message":"Database connection successful","timestamp":"2025-01-26 21:47:35"}
{"level":"info","message":"Server is running on port 5000","timestamp":"2025-01-26 21:47:35"}
{"level":"info","message":"Initial origins update completed","timestamp":"2025-01-26 21:47:35"}
{"level":"info","message":"Database connection successful","timestamp":"2025-01-26 21:47:41"}
{"level":"info","message":"Server is running on port 5000","timestamp":"2025-01-26 21:47:41"}
{"level":"info","message":"Initial origins update completed","timestamp":"2025-01-26 21:47:41"}
{"level":"info","message":"Database connection successful","timestamp":"2025-01-26 21:47:44"}
{"level":"info","message":"Server is running on port 5000","timestamp":"2025-01-26 21:47:44"}
{"level":"info","message":"Initial origins update completed","timestamp":"2025-01-26 21:47:44"}
{"level":"info","message":"Database connection successful","timestamp":"2025-01-26 21:47:58"}
{"level":"info","message":"Server is running on port 5000","timestamp":"2025-01-26 21:47:58"}
{"level":"info","message":"Initial origins update completed","timestamp":"2025-01-26 21:47:58"}
{"level":"info","message":"Database connection successful","timestamp":"2025-01-26 21:48:29"}
{"level":"info","message":"Server is running on port 5000","timestamp":"2025-01-26 21:48:29"}
{"level":"info","message":"Initial origins update completed","timestamp":"2025-01-26 21:48:29"}
{"level":"info","message":"Database connection successful","timestamp":"2025-01-26 21:48:39"}
{"level":"info","message":"Server is running on port 5000","timestamp":"2025-01-26 21:48:39"}
{"level":"info","message":"Initial origins update completed","timestamp":"2025-01-26 21:48:39"}
{"level":"info","message":"Database connection successful","timestamp":"2025-01-26 21:50:40"}
{"level":"info","message":"Server is running on port 5000","timestamp":"2025-01-26 21:50:40"}
{"level":"info","message":"Initial origins update completed","timestamp":"2025-01-26 21:50:40"}
{"level":"info","message":"Database connection successful","timestamp":"2025-01-26 21:50:47"}
{"level":"info","message":"Server is running on port 5000","timestamp":"2025-01-26 21:50:47"}
{"level":"info","message":"Initial origins update completed","timestamp":"2025-01-26 21:50:47"}
{"level":"info","message":"Database connection successful","timestamp":"2025-01-26 21:50:52"}
{"level":"info","message":"Server is running on port 5000","timestamp":"2025-01-26 21:50:52"}
{"level":"info","message":"Initial origins update completed","timestamp":"2025-01-26 21:50:52"}
{"level":"info","message":"Database connection successful","timestamp":"2025-01-26 21:50:54"}
{"level":"info","message":"Server is running on port 5000","timestamp":"2025-01-26 21:50:54"}
{"level":"info","message":"Initial origins update completed","timestamp":"2025-01-26 21:50:54"}
{"level":"info","message":"Database connection successful","timestamp":"2025-01-26 21:51:09"}
{"level":"info","message":"Server is running on port 5000","timestamp":"2025-01-26 21:51:09"}
{"level":"info","message":"Initial origins update completed","timestamp":"2025-01-26 21:51:09"}
{"level":"info","message":"Database connection successful","timestamp":"2025-01-26 21:51:15"}
{"level":"info","message":"Server is running on port 5000","timestamp":"2025-01-26 21:51:15"}
{"level":"info","message":"Initial origins update completed","timestamp":"2025-01-26 21:51:15"}
{"level":"info","message":"Database connection successful","timestamp":"2025-01-26 21:51:23"}
{"level":"info","message":"Server is running on port 5000","timestamp":"2025-01-26 21:51:23"}
{"level":"info","message":"Initial origins update completed","timestamp":"2025-01-26 21:51:23"}
{"level":"info","message":"Database connection successful","timestamp":"2025-01-26 21:51:24"}
{"level":"info","message":"Server is running on port 5000","timestamp":"2025-01-26 21:51:24"}
{"level":"info","message":"Initial origins update completed","timestamp":"2025-01-26 21:51:24"}
{"level":"info","message":"Database connection successful","timestamp":"2025-01-26 21:51:29"}
{"level":"info","message":"Server is running on port 5000","timestamp":"2025-01-26 21:51:29"}
{"level":"info","message":"Initial origins update completed","timestamp":"2025-01-26 21:51:29"}
{"level":"info","message":"Database connection successful","timestamp":"2025-01-26 21:51:44"}
{"level":"info","message":"Server is running on port 5000","timestamp":"2025-01-26 21:51:44"}
{"level":"info","message":"Initial origins update completed","timestamp":"2025-01-26 21:51:44"}
{"level":"info","message":"Database connection successful","timestamp":"2025-01-26 21:51:51"}
{"level":"info","message":"Server is running on port 5000","timestamp":"2025-01-26 21:51:51"}
{"level":"info","message":"Initial origins update completed","timestamp":"2025-01-26 21:51:51"}
{"level":"info","message":"Database connection successful","timestamp":"2025-01-26 21:52:12"}
{"level":"info","message":"Server is running on port 5000","timestamp":"2025-01-26 21:52:12"}
{"level":"info","message":"Initial origins update completed","timestamp":"2025-01-26 21:52:12"}
{"level":"info","message":"OPTIONS /api/v1/notifications 200 2.593 ms - -","timestamp":"2025-01-26 21:55:03"}
{"level":"info","message":"OPTIONS /api/v1/academy-programs?page=1&limit=10&search= 200 0.357 ms - -","timestamp":"2025-01-26 21:55:03"}
{"level":"info","message":"OPTIONS /api/v1/permission 200 0.243 ms - -","timestamp":"2025-01-26 21:55:03"}
{"level":"info","message":"GET /api/v1/notifications 304 53.333 ms - -","timestamp":"2025-01-26 21:55:03"}
{"level":"info","message":"GET /api/v1/permission 304 35.721 ms - -","timestamp":"2025-01-26 21:55:03"}
{"level":"info","message":"GET /api/v1/academy-programs?page=1&limit=10&search= 304 53.728 ms - -","timestamp":"2025-01-26 21:55:03"}
{"level":"info","message":"OPTIONS /api/v1/notifications 200 0.321 ms - -","timestamp":"2025-01-26 21:55:16"}
{"level":"info","message":"OPTIONS /api/v1/student-signups?page=1&limit=10&search= 200 0.286 ms - -","timestamp":"2025-01-26 21:55:16"}
{"level":"info","message":"OPTIONS /api/v1/permission 200 0.234 ms - -","timestamp":"2025-01-26 21:55:16"}
{"level":"info","message":"GET /api/v1/notifications 304 16.206 ms - -","timestamp":"2025-01-26 21:55:16"}
{"level":"info","message":"GET /api/v1/permission 304 25.548 ms - -","timestamp":"2025-01-26 21:55:16"}
{"level":"info","message":"GET /api/v1/student-signups?page=1&limit=10&search= 304 36.659 ms - -","timestamp":"2025-01-26 21:55:16"}
{"level":"info","message":"Running expired signups check cron job","timestamp":"2025-01-26 22:00:00"}
{"level":"info","message":"Processed 0 expired signups","timestamp":"2025-01-26 22:00:00"}
{"level":"info","message":"OPTIONS /api/v1/notifications 200 0.227 ms - -","timestamp":"2025-01-26 22:03:59"}
{"level":"info","message":"OPTIONS /api/v1/permission 200 0.279 ms - -","timestamp":"2025-01-26 22:03:59"}
{"level":"info","message":"GET /api/v1/notifications 304 89.908 ms - -","timestamp":"2025-01-26 22:03:59"}
{"level":"info","message":"GET /api/v1/permission 304 90.527 ms - -","timestamp":"2025-01-26 22:03:59"}
{"level":"info","message":"OPTIONS /api/v1/notifications 200 0.181 ms - -","timestamp":"2025-01-26 22:04:00"}
{"level":"info","message":"OPTIONS /api/v1/batch/options 200 0.199 ms - -","timestamp":"2025-01-26 22:04:00"}
{"level":"info","message":"OPTIONS /api/v1/superadmin/all-academies?page=1&limit=10&query= 200 0.274 ms - -","timestamp":"2025-01-26 22:04:00"}
{"level":"info","message":"OPTIONS /api/v1/user/all-users?page=1&limit=10&query= 200 0.196 ms - -","timestamp":"2025-01-26 22:04:00"}
{"level":"info","message":"OPTIONS /api/v1/permission 200 0.215 ms - -","timestamp":"2025-01-26 22:04:00"}
{"level":"info","message":"GET /api/v1/user/all-users?page=1&limit=10&query= 401 9.651 ms - 46","timestamp":"2025-01-26 22:04:00"}
{"level":"info","message":"GET /api/v1/notifications 401 6.913 ms - 46","timestamp":"2025-01-26 22:04:00"}
{"level":"info","message":"GET /api/v1/batch/options 401 11.044 ms - 46","timestamp":"2025-01-26 22:04:00"}
{"level":"info","message":"GET /api/v1/superadmin/all-academies?page=1&limit=10&query= 401 10.862 ms - 46","timestamp":"2025-01-26 22:04:00"}
{"level":"info","message":"GET /api/v1/permission 401 6.673 ms - 46","timestamp":"2025-01-26 22:04:00"}
{"level":"info","message":"OPTIONS /api/v1/notifications 200 0.169 ms - -","timestamp":"2025-01-26 22:04:06"}
{"level":"info","message":"OPTIONS /api/v1/permission 200 0.285 ms - -","timestamp":"2025-01-26 22:04:06"}
{"level":"info","message":"GET /api/v1/notifications 304 13.084 ms - -","timestamp":"2025-01-26 22:04:06"}
{"level":"info","message":"GET /api/v1/permission 304 17.063 ms - -","timestamp":"2025-01-26 22:04:06"}
{"level":"info","message":"OPTIONS /api/v1/coach-signups?page=1&limit=10&search= 200 0.163 ms - -","timestamp":"2025-01-26 22:04:15"}
{"level":"info","message":"GET /api/v1/coach-signups?page=1&limit=10&search= 404 9.382 ms - 159","timestamp":"2025-01-26 22:04:15"}
{"level":"info","message":"OPTIONS /api/v1/coach-signups?page=1&limit=10&search= 200 0.166 ms - -","timestamp":"2025-01-26 22:04:21"}
{"level":"info","message":"GET /api/v1/coach-signups?page=1&limit=10&search= 404 1.703 ms - 159","timestamp":"2025-01-26 22:04:21"}
{"level":"info","message":"GET /api/v1/coach-signups?page=1&limit=10&search= 404 0.833 ms - 159","timestamp":"2025-01-26 22:04:24"}
{"level":"info","message":"OPTIONS /api/v1/coach-signups?page=1&limit=10&search= 200 0.169 ms - -","timestamp":"2025-01-26 22:04:29"}
{"level":"info","message":"GET /api/v1/coach-signups?page=1&limit=10&search= 404 0.933 ms - 159","timestamp":"2025-01-26 22:04:29"}
{"level":"info","message":"OPTIONS /api/v1/permission 200 0.185 ms - -","timestamp":"2025-01-26 22:05:15"}
{"level":"info","message":"GET /api/v1/permission 304 15.740 ms - -","timestamp":"2025-01-26 22:05:15"}
{"level":"info","message":"OPTIONS /api/v1/notifications 200 0.068 ms - -","timestamp":"2025-01-26 22:05:31"}
{"level":"info","message":"OPTIONS /api/v1/permission 200 0.091 ms - -","timestamp":"2025-01-26 22:05:31"}
{"level":"info","message":"GET /api/v1/notifications 304 7.832 ms - -","timestamp":"2025-01-26 22:05:31"}
{"level":"info","message":"GET /api/v1/permission 304 8.221 ms - -","timestamp":"2025-01-26 22:05:31"}
{"level":"info","message":"OPTIONS /api/v1/permission 200 0.102 ms - -","timestamp":"2025-01-26 22:15:40"}
{"level":"info","message":"GET /api/v1/permission 304 9.052 ms - -","timestamp":"2025-01-26 22:15:40"}
{"level":"info","message":"OPTIONS /api/v1/permission 200 0.081 ms - -","timestamp":"2025-01-26 22:16:11"}
{"level":"info","message":"GET /api/v1/permission 304 6.273 ms - -","timestamp":"2025-01-26 22:16:11"}
{"level":"info","message":"OPTIONS /api/v1/notifications 200 0.098 ms - -","timestamp":"2025-01-26 22:16:34"}
{"level":"info","message":"OPTIONS /api/v1/permission 200 0.127 ms - -","timestamp":"2025-01-26 22:16:34"}
{"level":"info","message":"GET /api/v1/permission 304 8.981 ms - -","timestamp":"2025-01-26 22:16:34"}
{"level":"info","message":"GET /api/v1/notifications 304 17.313 ms - -","timestamp":"2025-01-26 22:16:34"}
{"level":"info","message":"OPTIONS /api/v1/notifications 200 0.077 ms - -","timestamp":"2025-01-26 22:16:53"}
{"level":"info","message":"OPTIONS /api/v1/permission 200 0.106 ms - -","timestamp":"2025-01-26 22:16:53"}
{"level":"info","message":"GET /api/v1/notifications 304 7.926 ms - -","timestamp":"2025-01-26 22:16:53"}
{"level":"info","message":"GET /api/v1/permission 304 9.294 ms - -","timestamp":"2025-01-26 22:16:53"}
{"level":"info","message":"OPTIONS /api/v1/dashboard 200 0.088 ms - -","timestamp":"2025-01-26 22:20:26"}
{"level":"info","message":"GET /api/v1/dashboard 304 37.893 ms - -","timestamp":"2025-01-26 22:20:26"}
{"level":"info","message":"OPTIONS /api/v1/coach-signups?page=1&limit=10&search= 200 0.116 ms - -","timestamp":"2025-01-26 22:20:28"}
{"level":"info","message":"GET /api/v1/coach-signups?page=1&limit=10&search= 404 0.387 ms - 159","timestamp":"2025-01-26 22:20:28"}
{"level":"info","message":"OPTIONS /api/v1/coach-signups 200 0.199 ms - -","timestamp":"2025-01-26 22:21:39"}
{"level":"info","message":"POST /api/v1/coach-signups 404 25.155 ms - 160","timestamp":"2025-01-26 22:21:39"}
{"level":"info","message":"OPTIONS /api/v1/coach-signups 200 0.142 ms - -","timestamp":"2025-01-26 22:21:58"}
{"level":"info","message":"POST /api/v1/coach-signups 404 0.707 ms - 160","timestamp":"2025-01-26 22:21:58"}
{"level":"info","message":"Database connection successful","timestamp":"2025-01-26 22:22:23"}
{"level":"info","message":"Server is running on port 5000","timestamp":"2025-01-26 22:22:23"}
{"level":"info","message":"Initial origins update completed","timestamp":"2025-01-26 22:22:23"}
{"level":"info","message":"Database connection successful","timestamp":"2025-01-26 22:22:27"}
{"level":"info","message":"Server is running on port 5000","timestamp":"2025-01-26 22:22:27"}
{"level":"info","message":"Initial origins update completed","timestamp":"2025-01-26 22:22:27"}
{"level":"info","message":"Database connection successful","timestamp":"2025-01-26 22:22:29"}
{"level":"info","message":"Server is running on port 5000","timestamp":"2025-01-26 22:22:29"}
{"level":"info","message":"Initial origins update completed","timestamp":"2025-01-26 22:22:29"}
{"level":"info","message":"Database connection successful","timestamp":"2025-01-26 22:22:31"}
{"level":"info","message":"Server is running on port 5000","timestamp":"2025-01-26 22:22:31"}
{"level":"info","message":"Initial origins update completed","timestamp":"2025-01-26 22:22:31"}
{"level":"info","message":"Database connection successful","timestamp":"2025-01-26 22:22:44"}
{"level":"info","message":"Server is running on port 5000","timestamp":"2025-01-26 22:22:44"}
{"level":"info","message":"Initial origins update completed","timestamp":"2025-01-26 22:22:44"}
{"level":"info","message":"Database connection successful","timestamp":"2025-01-26 22:22:53"}
{"level":"info","message":"Server is running on port 5000","timestamp":"2025-01-26 22:22:53"}
{"level":"info","message":"Initial origins update completed","timestamp":"2025-01-26 22:22:53"}
{"level":"info","message":"Database connection successful","timestamp":"2025-01-26 22:22:56"}
{"level":"info","message":"Server is running on port 5000","timestamp":"2025-01-26 22:22:56"}
{"level":"info","message":"Initial origins update completed","timestamp":"2025-01-26 22:22:56"}
{"level":"info","message":"Database connection successful","timestamp":"2025-01-26 22:23:09"}
{"level":"info","message":"Server is running on port 5000","timestamp":"2025-01-26 22:23:09"}
{"level":"info","message":"Initial origins update completed","timestamp":"2025-01-26 22:23:09"}
{"level":"info","message":"Database connection successful","timestamp":"2025-01-26 22:23:12"}
{"level":"info","message":"Server is running on port 5000","timestamp":"2025-01-26 22:23:12"}
{"level":"info","message":"Initial origins update completed","timestamp":"2025-01-26 22:23:12"}
{"level":"info","message":"Database connection successful","timestamp":"2025-01-26 22:23:14"}
{"level":"info","message":"Server is running on port 5000","timestamp":"2025-01-26 22:23:14"}
{"level":"info","message":"Initial origins update completed","timestamp":"2025-01-26 22:23:14"}
{"level":"info","message":"OPTIONS /api/v1/coach-signups 200 0.819 ms - -","timestamp":"2025-01-26 22:23:15"}
{"level":"info","message":"POST /api/v1/coach-signups 404 10.827 ms - 160","timestamp":"2025-01-26 22:23:15"}
{"level":"info","message":"POST /api/v1/coach-signups 404 1.948 ms - 160","timestamp":"2025-01-26 22:23:19"}
{"level":"info","message":"OPTIONS /api/v1/coach-signups 200 0.352 ms - -","timestamp":"2025-01-26 22:24:13"}
{"level":"info","message":"POST /api/v1/coach-signups 404 0.960 ms - 160","timestamp":"2025-01-26 22:24:13"}
{"level":"info","message":"OPTIONS /api/v1/coach-signups 200 0.106 ms - -","timestamp":"2025-01-26 22:24:20"}
{"level":"info","message":"POST /api/v1/coach-signups 404 1.038 ms - 160","timestamp":"2025-01-26 22:24:20"}
{"level":"info","message":"OPTIONS /api/v1/dashboard 200 0.150 ms - -","timestamp":"2025-01-26 22:24:22"}
{"level":"info","message":"GET /api/v1/dashboard 304 32.737 ms - -","timestamp":"2025-01-26 22:24:22"}
{"level":"info","message":"OPTIONS /api/v1/coach-signups?page=1&limit=10&search= 200 0.324 ms - -","timestamp":"2025-01-26 22:24:25"}
{"level":"info","message":"GET /api/v1/coach-signups?page=1&limit=10&search= 404 0.900 ms - 159","timestamp":"2025-01-26 22:24:25"}
{"level":"info","message":"OPTIONS /api/v1/coach-signups 200 0.265 ms - -","timestamp":"2025-01-26 22:24:55"}
{"level":"info","message":"POST /api/v1/coach-signups 404 0.693 ms - 160","timestamp":"2025-01-26 22:24:55"}
{"level":"info","message":"OPTIONS /api/v1/notifications 200 0.084 ms - -","timestamp":"2025-01-26 22:25:06"}
{"level":"info","message":"OPTIONS /api/v1/permission 200 0.115 ms - -","timestamp":"2025-01-26 22:25:06"}
{"level":"info","message":"GET /api/v1/notifications 304 8.435 ms - -","timestamp":"2025-01-26 22:25:06"}
{"level":"info","message":"GET /api/v1/permission 304 10.937 ms - -","timestamp":"2025-01-26 22:25:06"}
{"level":"info","message":"OPTIONS /api/v1/coach-signup 200 0.175 ms - -","timestamp":"2025-01-26 22:25:22"}
{"clientVersion":"5.20.0","level":"error","name":"PrismaClientValidationError","timestamp":"2025-01-26 22:25:22"}
{"level":"info","message":"POST /api/v1/coach-signup 500 33.011 ms - 2121","timestamp":"2025-01-26 22:25:22"}
{"level":"info","message":"Database connection successful","timestamp":"2025-01-26 22:26:09"}
{"level":"info","message":"Server is running on port 5000","timestamp":"2025-01-26 22:26:09"}
{"level":"info","message":"Initial origins update completed","timestamp":"2025-01-26 22:26:09"}
{"level":"info","message":"Database connection successful","timestamp":"2025-01-26 22:26:24"}
{"level":"info","message":"Server is running on port 5000","timestamp":"2025-01-26 22:26:24"}
{"level":"info","message":"Initial origins update completed","timestamp":"2025-01-26 22:26:24"}
{"level":"info","message":"Database connection successful","timestamp":"2025-01-26 22:26:29"}
{"level":"info","message":"Server is running on port 5000","timestamp":"2025-01-26 22:26:29"}
{"level":"info","message":"Initial origins update completed","timestamp":"2025-01-26 22:26:29"}
{"level":"info","message":"OPTIONS /api/v1/coach-signup 200 0.965 ms - -","timestamp":"2025-01-26 22:26:33"}
{"clientVersion":"5.20.0","level":"error","name":"PrismaClientValidationError","timestamp":"2025-01-26 22:26:33"}
{"level":"info","message":"POST /api/v1/coach-signup 500 53.530 ms - 2300","timestamp":"2025-01-26 22:26:33"}
{"level":"info","message":"Database connection successful","timestamp":"2025-01-26 22:26:53"}
{"level":"info","message":"Server is running on port 5000","timestamp":"2025-01-26 22:26:53"}
{"level":"info","message":"Initial origins update completed","timestamp":"2025-01-26 22:26:53"}
{"level":"info","message":"OPTIONS /api/v1/coach-signup 200 0.997 ms - -","timestamp":"2025-01-26 22:26:55"}
{"level":"error","timestamp":"2025-01-26 22:26:55"}
{"level":"info","message":"POST /api/v1/coach-signup 500 52.154 ms - 390","timestamp":"2025-01-26 22:26:55"}
{"level":"error","statusCode":400,"timestamp":"2025-01-26 22:26:58"}
{"level":"info","message":"POST /api/v1/coach-signup 400 17.925 ms - 410","timestamp":"2025-01-26 22:26:58"}
{"level":"info","message":"OPTIONS /api/v1/coach-signup?page=1&limit=10&search= 200 0.185 ms - -","timestamp":"2025-01-26 22:27:03"}
{"level":"info","message":"GET /api/v1/coach-signup?page=1&limit=10&search= 200 13.378 ms - 1347","timestamp":"2025-01-26 22:27:03"}
{"level":"info","message":"OPTIONS /api/v1/notifications 200 0.093 ms - -","timestamp":"2025-01-26 22:27:31"}
{"level":"info","message":"OPTIONS /api/v1/coach-signup?page=1&limit=10&search= 200 0.120 ms - -","timestamp":"2025-01-26 22:27:31"}
{"level":"info","message":"OPTIONS /api/v1/permission 200 0.158 ms - -","timestamp":"2025-01-26 22:27:31"}
{"level":"info","message":"GET /api/v1/notifications 304 12.434 ms - -","timestamp":"2025-01-26 22:27:31"}
{"level":"info","message":"GET /api/v1/permission 304 12.664 ms - -","timestamp":"2025-01-26 22:27:31"}
{"level":"info","message":"GET /api/v1/coach-signup?page=1&limit=10&search= 304 22.731 ms - -","timestamp":"2025-01-26 22:27:31"}
{"level":"info","message":"OPTIONS /api/v1/notifications 200 0.114 ms - -","timestamp":"2025-01-26 22:27:42"}
{"level":"info","message":"OPTIONS /api/v1/coach-signup?page=1&limit=10&search= 200 0.248 ms - -","timestamp":"2025-01-26 22:27:42"}
{"level":"info","message":"OPTIONS /api/v1/permission 200 0.125 ms - -","timestamp":"2025-01-26 22:27:42"}
{"level":"info","message":"GET /api/v1/notifications 304 8.733 ms - -","timestamp":"2025-01-26 22:27:42"}
{"level":"info","message":"GET /api/v1/permission 304 10.194 ms - -","timestamp":"2025-01-26 22:27:42"}
{"level":"info","message":"GET /api/v1/coach-signup?page=1&limit=10&search= 304 14.899 ms - -","timestamp":"2025-01-26 22:27:42"}
{"level":"info","message":"OPTIONS /api/v1/coach-signup 200 0.092 ms - -","timestamp":"2025-01-26 22:28:04"}
{"clientVersion":"5.20.0","code":"P2002","level":"error","meta":{"modelName":"UserSignup","target":"user_signups_chessComId_key"},"name":"PrismaClientKnownRequestError","timestamp":"2025-01-26 22:28:04"}
{"level":"info","message":"POST /api/v1/coach-signup 500 34.445 ms - 1325","timestamp":"2025-01-26 22:28:04"}
{"level":"info","message":"OPTIONS /api/v1/batch/options 200 0.092 ms - -","timestamp":"2025-01-26 22:33:31"}
{"level":"info","message":"GET /api/v1/batch/options 200 29.014 ms - 3451","timestamp":"2025-01-26 22:33:31"}
{"level":"info","message":"OPTIONS /api/v1/coach-signup 200 0.110 ms - -","timestamp":"2025-01-26 22:36:45"}
{"clientVersion":"5.20.0","code":"P2002","level":"error","meta":{"modelName":"UserSignup","target":"user_signups_chessComId_key"},"name":"PrismaClientKnownRequestError","timestamp":"2025-01-26 22:36:45"}
{"level":"info","message":"POST /api/v1/coach-signup 500 28.794 ms - 1325","timestamp":"2025-01-26 22:36:45"}
{"level":"info","message":"Database connection successful","timestamp":"2025-01-26 22:37:23"}
{"level":"info","message":"Server is running on port 5000","timestamp":"2025-01-26 22:37:23"}
{"level":"info","message":"Initial origins update completed","timestamp":"2025-01-26 22:37:23"}
{"level":"info","message":"Database connection successful","timestamp":"2025-01-26 22:37:43"}
{"level":"info","message":"Server is running on port 5000","timestamp":"2025-01-26 22:37:43"}
{"level":"info","message":"Initial origins update completed","timestamp":"2025-01-26 22:37:43"}
{"level":"info","message":"Database connection successful","timestamp":"2025-01-26 22:37:51"}
{"level":"info","message":"Server is running on port 5000","timestamp":"2025-01-26 22:37:51"}
{"level":"info","message":"Initial origins update completed","timestamp":"2025-01-26 22:37:51"}
{"level":"info","message":"Database connection successful","timestamp":"2025-01-26 22:37:56"}
{"level":"info","message":"Server is running on port 5000","timestamp":"2025-01-26 22:37:56"}
{"level":"info","message":"Initial origins update completed","timestamp":"2025-01-26 22:37:56"}
{"level":"info","message":"Database connection successful","timestamp":"2025-01-26 22:39:14"}
{"level":"info","message":"Server is running on port 5000","timestamp":"2025-01-26 22:39:14"}
{"level":"info","message":"Initial origins update completed","timestamp":"2025-01-26 22:39:14"}
{"level":"info","message":"Database connection successful","timestamp":"2025-01-26 22:39:16"}
{"level":"info","message":"Server is running on port 5000","timestamp":"2025-01-26 22:39:16"}
{"level":"info","message":"Initial origins update completed","timestamp":"2025-01-26 22:39:16"}
{"level":"info","message":"Database connection successful","timestamp":"2025-01-26 22:39:18"}
{"level":"info","message":"Server is running on port 5000","timestamp":"2025-01-26 22:39:18"}
{"level":"info","message":"Initial origins update completed","timestamp":"2025-01-26 22:39:18"}
{"level":"info","message":"Database connection successful","timestamp":"2025-01-26 22:39:19"}
{"level":"info","message":"Server is running on port 5000","timestamp":"2025-01-26 22:39:19"}
{"level":"info","message":"Initial origins update completed","timestamp":"2025-01-26 22:39:19"}
{"level":"info","message":"OPTIONS /api/v1/coach-signup?page=1&limit=10&search= 200 0.966 ms - -","timestamp":"2025-01-26 22:39:44"}
{"level":"info","message":"GET /api/v1/coach-signup?page=1&limit=10&search= 304 23.094 ms - -","timestamp":"2025-01-26 22:39:44"}
{"level":"info","message":"OPTIONS /api/v1/coach-signup 200 0.103 ms - -","timestamp":"2025-01-26 22:40:24"}
{"clientVersion":"5.20.0","level":"error","name":"PrismaClientValidationError","timestamp":"2025-01-26 22:40:24"}
{"level":"info","message":"POST /api/v1/coach-signup 500 40.880 ms - 2075","timestamp":"2025-01-26 22:40:24"}
{"level":"info","message":"Database connection successful","timestamp":"2025-01-26 22:41:08"}
{"level":"info","message":"Server is running on port 5000","timestamp":"2025-01-26 22:41:08"}
{"level":"info","message":"Initial origins update completed","timestamp":"2025-01-26 22:41:08"}
{"level":"info","message":"OPTIONS /api/v1/coach-signup 200 1.027 ms - -","timestamp":"2025-01-26 22:41:14"}
{"clientVersion":"5.20.0","level":"error","name":"PrismaClientValidationError","timestamp":"2025-01-26 22:41:14"}
{"level":"info","message":"POST /api/v1/coach-signup 500 45.654 ms - 2730","timestamp":"2025-01-26 22:41:14"}
{"level":"info","message":"OPTIONS /api/v1/coach-signup 200 0.133 ms - -","timestamp":"2025-01-26 22:41:28"}
{"clientVersion":"5.20.0","level":"error","name":"PrismaClientValidationError","timestamp":"2025-01-26 22:41:28"}
{"level":"info","message":"POST /api/v1/coach-signup 500 33.808 ms - 3363","timestamp":"2025-01-26 22:41:28"}
{"level":"info","message":"Database connection successful","timestamp":"2025-01-26 22:41:41"}
{"level":"info","message":"Server is running on port 5000","timestamp":"2025-01-26 22:41:41"}
{"level":"info","message":"Initial origins update completed","timestamp":"2025-01-26 22:41:41"}
{"level":"info","message":"OPTIONS /api/v1/coach-signup 200 0.858 ms - -","timestamp":"2025-01-26 22:41:43"}
{"clientVersion":"5.20.0","level":"error","name":"PrismaClientValidationError","timestamp":"2025-01-26 22:41:44"}
{"level":"info","message":"POST /api/v1/coach-signup 500 47.331 ms - 3407","timestamp":"2025-01-26 22:41:44"}
{"level":"info","message":"Database connection successful","timestamp":"2025-01-26 22:41:58"}
{"level":"info","message":"Server is running on port 5000","timestamp":"2025-01-26 22:41:58"}
{"level":"info","message":"Initial origins update completed","timestamp":"2025-01-26 22:41:58"}
{"level":"info","message":"OPTIONS /api/v1/coach-signup 200 1.149 ms - -","timestamp":"2025-01-26 22:42:00"}
{"clientVersion":"5.20.0","code":"P2002","level":"error","meta":{"modelName":"UserSignup","target":"user_signups_chessComId_key"},"name":"PrismaClientKnownRequestError","timestamp":"2025-01-26 22:42:00"}
{"level":"info","message":"POST /api/v1/coach-signup 500 47.156 ms - 1325","timestamp":"2025-01-26 22:42:00"}
{"level":"info","message":"OPTIONS /api/v1/notifications 200 0.171 ms - -","timestamp":"2025-01-26 22:45:00"}
{"level":"info","message":"OPTIONS /api/v1/batch/options 200 0.195 ms - -","timestamp":"2025-01-26 22:45:00"}
{"level":"info","message":"OPTIONS /api/v1/permission 200 0.198 ms - -","timestamp":"2025-01-26 22:45:00"}
{"level":"info","message":"GET /api/v1/notifications 304 13.054 ms - -","timestamp":"2025-01-26 22:45:00"}
{"level":"info","message":"GET /api/v1/permission 304 13.360 ms - -","timestamp":"2025-01-26 22:45:00"}
{"level":"info","message":"GET /api/v1/batch/options 304 24.435 ms - -","timestamp":"2025-01-26 22:45:00"}
{"level":"info","message":"OPTIONS /api/v1/coach-signup?page=1&limit=10&search= 200 0.101 ms - -","timestamp":"2025-01-26 22:45:04"}
{"level":"info","message":"GET /api/v1/coach-signup?page=1&limit=10&search= 304 16.677 ms - -","timestamp":"2025-01-26 22:45:04"}
{"level":"info","message":"OPTIONS /api/v1/notifications 200 0.145 ms - -","timestamp":"2025-01-26 22:45:07"}
{"level":"info","message":"OPTIONS /api/v1/batch/options 200 0.088 ms - -","timestamp":"2025-01-26 22:45:07"}
{"level":"info","message":"OPTIONS /api/v1/permission 200 0.101 ms - -","timestamp":"2025-01-26 22:45:07"}
{"level":"info","message":"GET /api/v1/notifications 304 8.530 ms - -","timestamp":"2025-01-26 22:45:07"}
{"level":"info","message":"GET /api/v1/permission 304 8.045 ms - -","timestamp":"2025-01-26 22:45:07"}
{"level":"info","message":"GET /api/v1/batch/options 304 12.093 ms - -","timestamp":"2025-01-26 22:45:07"}
{"level":"info","message":"OPTIONS /api/v1/notifications 200 0.348 ms - -","timestamp":"2025-01-26 22:45:30"}
{"level":"info","message":"OPTIONS /api/v1/batch/options 200 0.178 ms - -","timestamp":"2025-01-26 22:45:30"}
{"level":"info","message":"OPTIONS /api/v1/permission 200 0.180 ms - -","timestamp":"2025-01-26 22:45:30"}
{"level":"info","message":"GET /api/v1/notifications 304 13.468 ms - -","timestamp":"2025-01-26 22:45:30"}
{"level":"info","message":"GET /api/v1/permission 304 15.417 ms - -","timestamp":"2025-01-26 22:45:30"}
{"level":"info","message":"GET /api/v1/batch/options 304 23.149 ms - -","timestamp":"2025-01-26 22:45:30"}
{"level":"info","message":"OPTIONS /api/v1/coach-signup 200 0.158 ms - -","timestamp":"2025-01-26 22:45:33"}
{"clientVersion":"5.20.0","level":"error","name":"PrismaClientValidationError","timestamp":"2025-01-26 22:45:33"}
{"level":"info","message":"POST /api/v1/coach-signup 500 28.304 ms - 2659","timestamp":"2025-01-26 22:45:33"}
{"level":"info","message":"OPTIONS /api/v1/coach-signup 200 0.112 ms - -","timestamp":"2025-01-26 22:46:51"}
{"clientVersion":"5.20.0","code":"P2002","level":"error","meta":{"modelName":"UserSignup","target":"user_signups_chessComId_key"},"name":"PrismaClientKnownRequestError","timestamp":"2025-01-26 22:46:51"}
{"level":"info","message":"POST /api/v1/coach-signup 500 27.289 ms - 1325","timestamp":"2025-01-26 22:46:51"}
{"level":"info","message":"OPTIONS /api/v1/coach-signup 200 0.129 ms - -","timestamp":"2025-01-26 22:47:16"}
{"clientVersion":"5.20.0","code":"P2002","level":"error","meta":{"modelName":"UserSignup","target":"user_signups_chessComId_key"},"name":"PrismaClientKnownRequestError","timestamp":"2025-01-26 22:47:16"}
{"level":"info","message":"POST /api/v1/coach-signup 500 28.748 ms - 1325","timestamp":"2025-01-26 22:47:16"}
{"level":"info","message":"Database connection successful","timestamp":"2025-01-26 22:49:12"}
{"level":"info","message":"Server is running on port 5000","timestamp":"2025-01-26 22:49:12"}
{"level":"info","message":"Initial origins update completed","timestamp":"2025-01-26 22:49:12"}
{"level":"info","message":"OPTIONS /api/v1/coach-signup 200 1.015 ms - -","timestamp":"2025-01-26 22:49:14"}
{"level":"error","timestamp":"2025-01-26 22:49:14"}
{"level":"info","message":"POST /api/v1/coach-signup 500 59.296 ms - 549","timestamp":"2025-01-26 22:49:14"}
{"level":"info","message":"Database connection successful","timestamp":"2025-01-26 22:49:35"}
{"level":"info","message":"Server is running on port 5000","timestamp":"2025-01-26 22:49:35"}
{"level":"info","message":"Initial origins update completed","timestamp":"2025-01-26 22:49:35"}
{"level":"info","message":"OPTIONS /api/v1/coach-signup 200 1.013 ms - -","timestamp":"2025-01-26 22:49:38"}
{"level":"error","statusCode":400,"timestamp":"2025-01-26 22:49:38"}
{"level":"info","message":"POST /api/v1/coach-signup 400 36.515 ms - 410","timestamp":"2025-01-26 22:49:38"}
{"level":"info","message":"OPTIONS /api/v1/coach-signup 200 0.144 ms - -","timestamp":"2025-01-26 22:49:43"}
{"level":"error","timestamp":"2025-01-26 22:49:43"}
{"level":"info","message":"POST /api/v1/coach-signup 500 34.131 ms - 555","timestamp":"2025-01-26 22:49:43"}
{"level":"info","message":"Database connection successful","timestamp":"2025-01-26 22:49:50"}
{"level":"info","message":"Server is running on port 5000","timestamp":"2025-01-26 22:49:50"}
{"level":"info","message":"Initial origins update completed","timestamp":"2025-01-26 22:49:50"}
{"level":"info","message":"OPTIONS /api/v1/coach-signup 200 0.614 ms - -","timestamp":"2025-01-26 22:49:54"}
{"level":"error","timestamp":"2025-01-26 22:49:54"}
{"level":"info","message":"POST /api/v1/coach-signup 500 86.446 ms - 551","timestamp":"2025-01-26 22:49:54"}
{"level":"info","message":"Database connection successful","timestamp":"2025-01-26 22:50:00"}
{"level":"info","message":"Server is running on port 5000","timestamp":"2025-01-26 22:50:00"}
{"level":"info","message":"Initial origins update completed","timestamp":"2025-01-26 22:50:00"}
{"level":"info","message":"OPTIONS /api/v1/coach-signup 200 1.180 ms - -","timestamp":"2025-01-26 22:50:02"}
{"level":"info","message":"POST /api/v1/coach-signup 201 4146.507 ms - 981","timestamp":"2025-01-26 22:50:06"}
{"level":"info","message":"OPTIONS /api/v1/coach-signup?page=1&limit=10&search= 200 0.106 ms - -","timestamp":"2025-01-26 22:50:12"}
{"level":"info","message":"GET /api/v1/coach-signup?page=1&limit=10&search= 200 18.334 ms - 6751","timestamp":"2025-01-26 22:50:12"}
{"level":"info","message":"OPTIONS /api/v1/coach-signup?page=1&limit=10&search= 200 0.104 ms - -","timestamp":"2025-01-26 22:51:39"}
{"level":"info","message":"GET /api/v1/coach-signup?page=1&limit=10&search= 304 13.162 ms - -","timestamp":"2025-01-26 22:51:39"}
{"level":"info","message":"OPTIONS /api/v1/coach-signup?page=1&limit=10&search= 200 0.238 ms - -","timestamp":"2025-01-26 22:52:10"}
{"level":"info","message":"GET /api/v1/coach-signup?page=1&limit=10&search= 304 16.499 ms - -","timestamp":"2025-01-26 22:52:10"}
{"level":"info","message":"OPTIONS /api/v1/notifications 200 0.112 ms - -","timestamp":"2025-01-26 22:53:20"}
{"level":"info","message":"OPTIONS /api/v1/batch/options 200 0.129 ms - -","timestamp":"2025-01-26 22:53:20"}
{"level":"info","message":"OPTIONS /api/v1/superadmin/all-academies?page=1&limit=10&query= 200 0.084 ms - -","timestamp":"2025-01-26 22:53:20"}
{"level":"info","message":"OPTIONS /api/v1/user/all-users?page=1&limit=10&query= 200 0.208 ms - -","timestamp":"2025-01-26 22:53:20"}
{"level":"info","message":"OPTIONS /api/v1/permission 200 0.115 ms - -","timestamp":"2025-01-26 22:53:20"}
{"level":"info","message":"GET /api/v1/notifications 401 4.758 ms - 46","timestamp":"2025-01-26 22:53:20"}
{"level":"info","message":"GET /api/v1/user/all-users?page=1&limit=10&query= 401 3.808 ms - 46","timestamp":"2025-01-26 22:53:20"}
{"level":"info","message":"GET /api/v1/batch/options 401 4.989 ms - 46","timestamp":"2025-01-26 22:53:20"}
{"level":"info","message":"GET /api/v1/superadmin/all-academies?page=1&limit=10&query= 401 4.468 ms - 46","timestamp":"2025-01-26 22:53:20"}
{"level":"info","message":"GET /api/v1/permission 401 3.606 ms - 46","timestamp":"2025-01-26 22:53:20"}
{"level":"info","message":"OPTIONS /api/v1/coach-signup?page=1&limit=10&search= 200 0.150 ms - -","timestamp":"2025-01-26 22:53:27"}
{"level":"info","message":"GET /api/v1/coach-signup?page=1&limit=10&search= 304 19.567 ms - -","timestamp":"2025-01-26 22:53:27"}
{"level":"info","message":"OPTIONS /api/v1/coach-signup?page=1&limit=10&search= 200 0.123 ms - -","timestamp":"2025-01-26 22:53:33"}
{"level":"info","message":"GET /api/v1/coach-signup?page=1&limit=10&search= 304 10.767 ms - -","timestamp":"2025-01-26 22:53:34"}
{"level":"info","message":"OPTIONS /api/v1/batch/options 200 0.154 ms - -","timestamp":"2025-01-26 22:53:35"}
{"level":"info","message":"GET /api/v1/batch/options 304 16.658 ms - -","timestamp":"2025-01-26 22:53:35"}
{"level":"info","message":"OPTIONS /api/v1/coach-signup?page=1&limit=10&search= 200 0.094 ms - -","timestamp":"2025-01-26 22:54:09"}
{"level":"info","message":"GET /api/v1/coach-signup?page=1&limit=10&search= 304 11.087 ms - -","timestamp":"2025-01-26 22:54:09"}
{"level":"info","message":"OPTIONS /api/v1/notifications 200 0.143 ms - -","timestamp":"2025-01-26 22:54:43"}
{"level":"info","message":"OPTIONS /api/v1/batch/options 200 0.092 ms - -","timestamp":"2025-01-26 22:54:43"}
{"level":"info","message":"OPTIONS /api/v1/permission 200 0.103 ms - -","timestamp":"2025-01-26 22:54:43"}
{"level":"info","message":"GET /api/v1/notifications 304 15.088 ms - -","timestamp":"2025-01-26 22:54:43"}
{"level":"info","message":"GET /api/v1/permission 304 15.206 ms - -","timestamp":"2025-01-26 22:54:43"}
{"level":"info","message":"GET /api/v1/batch/options 304 20.752 ms - -","timestamp":"2025-01-26 22:54:43"}
{"level":"info","message":"OPTIONS /api/v1/coach-signup?page=1&limit=10&search= 200 0.144 ms - -","timestamp":"2025-01-26 22:54:53"}
{"level":"info","message":"GET /api/v1/coach-signup?page=1&limit=10&search= 304 13.902 ms - -","timestamp":"2025-01-26 22:54:53"}
{"level":"info","message":"OPTIONS /api/v1/coach-signup?page=1&limit=10&search= 200 0.135 ms - -","timestamp":"2025-01-26 22:55:00"}
{"level":"info","message":"GET /api/v1/coach-signup?page=1&limit=10&search= 304 11.923 ms - -","timestamp":"2025-01-26 22:55:00"}
{"level":"info","message":"OPTIONS /api/v1/coach-signup?page=1&limit=10&search=ASDADA%40yopmail.com 200 0.070 ms - -","timestamp":"2025-01-26 22:55:05"}
{"level":"info","message":"GET /api/v1/coach-signup?page=1&limit=10&search=ASDADA%40yopmail.com 200 11.604 ms - 1414","timestamp":"2025-01-26 22:55:05"}
{"level":"info","message":"OPTIONS /api/v1/coach-signup?page=1&limit=10&search= 200 0.139 ms - -","timestamp":"2025-01-26 22:55:08"}
{"level":"info","message":"GET /api/v1/coach-signup?page=1&limit=10&search= 304 12.895 ms - -","timestamp":"2025-01-26 22:55:08"}
{"level":"info","message":"GET /api/v1/coach-signup?page=1&limit=10&search= 304 10.134 ms - -","timestamp":"2025-01-26 22:55:13"}
{"level":"info","message":"OPTIONS /api/v1/coach-signup?page=1&limit=10&search= 200 0.095 ms - -","timestamp":"2025-01-26 22:57:18"}
{"level":"info","message":"GET /api/v1/coach-signup?page=1&limit=10&search= 304 10.913 ms - -","timestamp":"2025-01-26 22:57:18"}
{"level":"info","message":"OPTIONS /api/v1/coach-signup?page=1&limit=10&search= 200 0.074 ms - -","timestamp":"2025-01-26 22:57:26"}
{"level":"info","message":"GET /api/v1/coach-signup?page=1&limit=10&search= 304 15.029 ms - -","timestamp":"2025-01-26 22:57:26"}
{"level":"info","message":"OPTIONS /api/v1/coach-signup/31e2b526-bc0a-48d6-89ee-8fbd0e653607 200 0.081 ms - -","timestamp":"2025-01-26 22:57:51"}
{"level":"info","message":"GET /api/v1/coach-signup/31e2b526-bc0a-48d6-89ee-8fbd0e653607 200 5.101 ms - 1352","timestamp":"2025-01-26 22:57:51"}
{"level":"info","message":"OPTIONS /api/v1/notifications 200 0.138 ms - -","timestamp":"2025-01-26 22:58:47"}
{"level":"info","message":"OPTIONS /api/v1/batch/options 200 0.201 ms - -","timestamp":"2025-01-26 22:58:47"}
{"level":"info","message":"OPTIONS /api/v1/coach-signup/31e2b526-bc0a-48d6-89ee-8fbd0e653607 200 0.133 ms - -","timestamp":"2025-01-26 22:58:47"}
{"level":"info","message":"OPTIONS /api/v1/permission 200 0.145 ms - -","timestamp":"2025-01-26 22:58:47"}
{"level":"info","message":"GET /api/v1/notifications 304 14.405 ms - -","timestamp":"2025-01-26 22:58:47"}
{"level":"info","message":"GET /api/v1/coach-signup/31e2b526-bc0a-48d6-89ee-8fbd0e653607 304 13.993 ms - -","timestamp":"2025-01-26 22:58:47"}
{"level":"info","message":"GET /api/v1/permission 304 22.348 ms - -","timestamp":"2025-01-26 22:58:47"}
{"level":"info","message":"GET /api/v1/batch/options 304 32.395 ms - -","timestamp":"2025-01-26 22:58:47"}
{"level":"info","message":"OPTIONS /api/v1/notifications 200 0.133 ms - -","timestamp":"2025-01-26 22:59:27"}
{"level":"info","message":"OPTIONS /api/v1/batch/options 200 0.118 ms - -","timestamp":"2025-01-26 22:59:27"}
{"level":"info","message":"OPTIONS /api/v1/coach-signup/31e2b526-bc0a-48d6-89ee-8fbd0e653607 200 0.112 ms - -","timestamp":"2025-01-26 22:59:27"}
{"level":"info","message":"OPTIONS /api/v1/permission 200 0.108 ms - -","timestamp":"2025-01-26 22:59:27"}
{"level":"info","message":"GET /api/v1/coach-signup/31e2b526-bc0a-48d6-89ee-8fbd0e653607 304 3.904 ms - -","timestamp":"2025-01-26 22:59:27"}
{"level":"info","message":"GET /api/v1/notifications 304 14.967 ms - -","timestamp":"2025-01-26 22:59:27"}
{"level":"info","message":"GET /api/v1/batch/options 304 19.301 ms - -","timestamp":"2025-01-26 22:59:27"}
{"level":"info","message":"GET /api/v1/permission 304 13.625 ms - -","timestamp":"2025-01-26 22:59:27"}
{"level":"info","message":"Running expired signups check cron job","timestamp":"2025-01-26 23:00:00"}
{"level":"info","message":"Processed 0 expired signups","timestamp":"2025-01-26 23:00:00"}
{"level":"info","message":"OPTIONS /api/v1/coach-signup?page=1&limit=10&search= 200 0.071 ms - -","timestamp":"2025-01-26 23:01:59"}
{"level":"info","message":"GET /api/v1/coach-signup?page=1&limit=10&search= 304 37.482 ms - -","timestamp":"2025-01-26 23:01:59"}
{"level":"info","message":"OPTIONS /api/v1/coach-signup?page=1&limit=10&search= 200 0.072 ms - -","timestamp":"2025-01-26 23:02:08"}
{"level":"info","message":"GET /api/v1/coach-signup?page=1&limit=10&search= 304 9.609 ms - -","timestamp":"2025-01-26 23:02:08"}
{"level":"info","message":"OPTIONS /api/v1/coach-signup/31e2b526-bc0a-48d6-89ee-8fbd0e653607 200 0.085 ms - -","timestamp":"2025-01-26 23:02:11"}
{"level":"info","message":"PUT /api/v1/coach-signup/31e2b526-bc0a-48d6-89ee-8fbd0e653607 200 15.310 ms - 1340","timestamp":"2025-01-26 23:02:11"}
{"level":"info","message":"GET /api/v1/coach-signup/31e2b526-bc0a-48d6-89ee-8fbd0e653607 200 2.901 ms - 1352","timestamp":"2025-01-26 23:02:11"}
{"level":"info","message":"OPTIONS /api/v1/coach-signup?page=1&limit=10&search= 200 0.111 ms - -","timestamp":"2025-01-26 23:02:15"}
{"level":"info","message":"GET /api/v1/coach-signup?page=1&limit=10&search= 200 11.377 ms - 6751","timestamp":"2025-01-26 23:02:15"}
{"level":"info","message":"OPTIONS /api/v1/coach-signup 200 0.092 ms - -","timestamp":"2025-01-26 23:02:20"}
{"clientVersion":"5.20.0","level":"error","name":"PrismaClientValidationError","timestamp":"2025-01-26 23:02:20"}
{"level":"info","message":"POST /api/v1/coach-signup 500 31.601 ms - 2659","timestamp":"2025-01-26 23:02:20"}
{"level":"info","message":"OPTIONS /api/v1/coach-signup?page=1&limit=10&search= 200 0.098 ms - -","timestamp":"2025-01-26 23:02:24"}
{"level":"info","message":"GET /api/v1/coach-signup?page=1&limit=10&search= 304 8.652 ms - -","timestamp":"2025-01-26 23:02:24"}
{"level":"info","message":"OPTIONS /api/v1/coach-signup/31e2b526-bc0a-48d6-89ee-8fbd0e653607 200 0.072 ms - -","timestamp":"2025-01-26 23:02:25"}
{"level":"info","message":"GET /api/v1/coach-signup/31e2b526-bc0a-48d6-89ee-8fbd0e653607 304 3.030 ms - -","timestamp":"2025-01-26 23:02:25"}
{"level":"info","message":"PUT /api/v1/coach-signup/31e2b526-bc0a-48d6-89ee-8fbd0e653607 200 14.006 ms - 1340","timestamp":"2025-01-26 23:02:29"}
{"level":"info","message":"GET /api/v1/coach-signup/31e2b526-bc0a-48d6-89ee-8fbd0e653607 200 3.105 ms - 1352","timestamp":"2025-01-26 23:02:29"}
{"level":"info","message":"OPTIONS /api/v1/coach-signup/31e2b526-bc0a-48d6-89ee-8fbd0e653607 200 0.097 ms - -","timestamp":"2025-01-26 23:02:36"}
{"clientVersion":"5.20.0","level":"error","name":"PrismaClientValidationError","timestamp":"2025-01-26 23:02:36"}
{"level":"info","message":"PUT /api/v1/coach-signup/31e2b526-bc0a-48d6-89ee-8fbd0e653607 500 7.909 ms - 4388","timestamp":"2025-01-26 23:02:36"}
{"level":"info","message":"GET /api/v1/coach-signup/31e2b526-bc0a-48d6-89ee-8fbd0e653607 304 3.157 ms - -","timestamp":"2025-01-26 23:02:36"}
{"level":"info","message":"Database connection successful","timestamp":"2025-01-26 23:03:03"}
{"level":"info","message":"Server is running on port 5000","timestamp":"2025-01-26 23:03:03"}
{"level":"info","message":"Initial origins update completed","timestamp":"2025-01-26 23:03:03"}
{"level":"info","message":"Database connection successful","timestamp":"2025-01-26 23:03:08"}
{"level":"info","message":"Server is running on port 5000","timestamp":"2025-01-26 23:03:08"}
{"level":"info","message":"Initial origins update completed","timestamp":"2025-01-26 23:03:08"}
{"level":"info","message":"Database connection successful","timestamp":"2025-01-26 23:03:31"}
{"level":"info","message":"Server is running on port 5000","timestamp":"2025-01-26 23:03:31"}
{"level":"info","message":"Initial origins update completed","timestamp":"2025-01-26 23:03:31"}
{"level":"info","message":"OPTIONS /api/v1/coach-signup/31e2b526-bc0a-48d6-89ee-8fbd0e653607 200 0.933 ms - -","timestamp":"2025-01-26 23:03:37"}
{"clientVersion":"5.20.0","level":"error","name":"PrismaClientValidationError","timestamp":"2025-01-26 23:03:37"}
{"level":"info","message":"PUT /api/v1/coach-signup/31e2b526-bc0a-48d6-89ee-8fbd0e653607 500 26.698 ms - 4449","timestamp":"2025-01-26 23:03:37"}
{"level":"info","message":"GET /api/v1/coach-signup/31e2b526-bc0a-48d6-89ee-8fbd0e653607 304 5.625 ms - -","timestamp":"2025-01-26 23:03:37"}
{"level":"info","message":"Database connection successful","timestamp":"2025-01-26 23:04:01"}
{"level":"info","message":"Server is running on port 5000","timestamp":"2025-01-26 23:04:01"}
{"level":"info","message":"Initial origins update completed","timestamp":"2025-01-26 23:04:01"}
{"level":"info","message":"OPTIONS /api/v1/coach-signup/31e2b526-bc0a-48d6-89ee-8fbd0e653607 200 0.993 ms - -","timestamp":"2025-01-26 23:04:05"}
{"clientVersion":"5.20.0","level":"error","name":"PrismaClientValidationError","timestamp":"2025-01-26 23:04:05"}
{"level":"info","message":"PUT /api/v1/coach-signup/31e2b526-bc0a-48d6-89ee-8fbd0e653607 500 30.003 ms - 4383","timestamp":"2025-01-26 23:04:05"}
{"level":"info","message":"GET /api/v1/coach-signup/31e2b526-bc0a-48d6-89ee-8fbd0e653607 304 5.541 ms - -","timestamp":"2025-01-26 23:04:05"}
{"level":"info","message":"Database connection successful","timestamp":"2025-01-26 23:05:28"}
{"level":"info","message":"Server is running on port 5000","timestamp":"2025-01-26 23:05:28"}
{"level":"info","message":"Initial origins update completed","timestamp":"2025-01-26 23:05:28"}
{"level":"info","message":"OPTIONS /api/v1/coach-signup/31e2b526-bc0a-48d6-89ee-8fbd0e653607 200 0.673 ms - -","timestamp":"2025-01-26 23:05:34"}
{"level":"info","message":"PUT /api/v1/coach-signup/31e2b526-bc0a-48d6-89ee-8fbd0e653607 200 27.103 ms - 1340","timestamp":"2025-01-26 23:05:34"}
{"level":"info","message":"GET /api/v1/coach-signup/31e2b526-bc0a-48d6-89ee-8fbd0e653607 200 4.516 ms - 1352","timestamp":"2025-01-26 23:05:34"}
{"level":"info","message":"OPTIONS /api/v1/coach-signup?page=1&limit=10&search= 200 0.119 ms - -","timestamp":"2025-01-26 23:05:38"}
{"level":"info","message":"GET /api/v1/coach-signup?page=1&limit=10&search= 200 18.006 ms - 6751","timestamp":"2025-01-26 23:05:38"}
{"level":"info","message":"OPTIONS /api/v1/notifications 200 0.074 ms - -","timestamp":"2025-01-26 23:05:39"}
{"level":"info","message":"OPTIONS /api/v1/permission 200 0.087 ms - -","timestamp":"2025-01-26 23:05:39"}
{"level":"info","message":"GET /api/v1/notifications 304 9.046 ms - -","timestamp":"2025-01-26 23:05:39"}
{"level":"info","message":"GET /api/v1/coach-signup?page=1&limit=10&search= 304 18.843 ms - -","timestamp":"2025-01-26 23:05:39"}
{"level":"info","message":"GET /api/v1/permission 304 11.437 ms - -","timestamp":"2025-01-26 23:05:39"}
{"level":"info","message":"OPTIONS /api/v1/batch/options 200 0.082 ms - -","timestamp":"2025-01-26 23:05:41"}
{"level":"info","message":"OPTIONS /api/v1/coach-signup/31e2b526-bc0a-48d6-89ee-8fbd0e653607 200 0.082 ms - -","timestamp":"2025-01-26 23:05:41"}
{"level":"info","message":"GET /api/v1/coach-signup/31e2b526-bc0a-48d6-89ee-8fbd0e653607 304 4.340 ms - -","timestamp":"2025-01-26 23:05:41"}
{"level":"info","message":"GET /api/v1/batch/options 304 15.039 ms - -","timestamp":"2025-01-26 23:05:41"}
{"level":"info","message":"OPTIONS /api/v1/coach-signup/31e2b526-bc0a-48d6-89ee-8fbd0e653607 200 0.272 ms - -","timestamp":"2025-01-26 23:10:05"}
{"level":"info","message":"PUT /api/v1/coach-signup/31e2b526-bc0a-48d6-89ee-8fbd0e653607 200 42.989 ms - 1340","timestamp":"2025-01-26 23:10:05"}
{"level":"info","message":"GET /api/v1/coach-signup/31e2b526-bc0a-48d6-89ee-8fbd0e653607 200 4.066 ms - 1352","timestamp":"2025-01-26 23:10:05"}
{"level":"info","message":"OPTIONS /api/v1/coach-signup/undefined/verify-otp 200 0.144 ms - -","timestamp":"2025-01-26 23:10:24"}
{"level":"info","message":"POST /api/v1/coach-signup/undefined/verify-otp 404 2.217 ms - 180","timestamp":"2025-01-26 23:10:24"}
{"level":"info","message":"OPTIONS /api/v1/coach-signup/31e2b526-bc0a-48d6-89ee-8fbd0e653607 200 0.095 ms - -","timestamp":"2025-01-26 23:10:24"}
{"level":"info","message":"GET /api/v1/coach-signup/31e2b526-bc0a-48d6-89ee-8fbd0e653607 304 2.915 ms - -","timestamp":"2025-01-26 23:10:24"}
{"level":"info","message":"OPTIONS /api/v1/coach-signup/undefined/verify-otp 200 0.121 ms - -","timestamp":"2025-01-26 23:10:31"}
{"level":"info","message":"POST /api/v1/coach-signup/undefined/verify-otp 404 0.822 ms - 180","timestamp":"2025-01-26 23:10:31"}
{"level":"info","message":"OPTIONS /api/v1/coach-signup/31e2b526-bc0a-48d6-89ee-8fbd0e653607 200 0.090 ms - -","timestamp":"2025-01-26 23:10:32"}
{"level":"info","message":"GET /api/v1/coach-signup/31e2b526-bc0a-48d6-89ee-8fbd0e653607 304 3.233 ms - -","timestamp":"2025-01-26 23:10:32"}
{"level":"info","message":"OPTIONS /api/v1/permission 200 0.112 ms - -","timestamp":"2025-01-26 23:17:13"}
{"level":"info","message":"GET /api/v1/permission 401 4.359 ms - 46","timestamp":"2025-01-26 23:17:13"}
{"level":"info","message":"OPTIONS /api/v1/notifications 200 0.115 ms - -","timestamp":"2025-01-26 23:17:13"}
{"level":"info","message":"OPTIONS /api/v1/dashboard 200 0.087 ms - -","timestamp":"2025-01-26 23:17:13"}
{"level":"info","message":"GET /api/v1/notifications 401 5.971 ms - 46","timestamp":"2025-01-26 23:17:13"}
{"level":"info","message":"GET /api/v1/dashboard 401 3.548 ms - 46","timestamp":"2025-01-26 23:17:13"}
{"level":"info","message":"OPTIONS /api/v1/permission 200 0.139 ms - -","timestamp":"2025-01-26 23:17:19"}
{"level":"info","message":"GET /api/v1/permission 304 11.353 ms - -","timestamp":"2025-01-26 23:17:19"}
{"level":"info","message":"OPTIONS /api/v1/notifications 200 0.101 ms - -","timestamp":"2025-01-26 23:17:19"}
{"level":"info","message":"OPTIONS /api/v1/dashboard 200 0.133 ms - -","timestamp":"2025-01-26 23:17:19"}
{"level":"info","message":"GET /api/v1/notifications 304 22.765 ms - -","timestamp":"2025-01-26 23:17:19"}
{"level":"info","message":"GET /api/v1/dashboard 304 34.797 ms - -","timestamp":"2025-01-26 23:17:19"}
{"level":"info","message":"OPTIONS /api/v1/coach-signup?page=1&limit=10&search= 200 0.069 ms - -","timestamp":"2025-01-26 23:17:21"}
{"level":"info","message":"GET /api/v1/coach-signup?page=1&limit=10&search= 200 12.937 ms - 6751","timestamp":"2025-01-26 23:17:21"}
{"level":"info","message":"OPTIONS /api/v1/batch/options 200 0.157 ms - -","timestamp":"2025-01-26 23:17:22"}
{"level":"info","message":"OPTIONS /api/v1/coach-signup/31e2b526-bc0a-48d6-89ee-8fbd0e653607 200 0.104 ms - -","timestamp":"2025-01-26 23:17:22"}
{"level":"info","message":"GET /api/v1/coach-signup/31e2b526-bc0a-48d6-89ee-8fbd0e653607 304 3.897 ms - -","timestamp":"2025-01-26 23:17:22"}
{"level":"info","message":"GET /api/v1/batch/options 304 17.056 ms - -","timestamp":"2025-01-26 23:17:22"}
{"level":"info","message":"PUT /api/v1/coach-signup/31e2b526-bc0a-48d6-89ee-8fbd0e653607 200 23.489 ms - 1340","timestamp":"2025-01-26 23:17:24"}
{"level":"info","message":"GET /api/v1/coach-signup/31e2b526-bc0a-48d6-89ee-8fbd0e653607 200 3.449 ms - 1352","timestamp":"2025-01-26 23:17:24"}
{"level":"info","message":"OPTIONS /api/v1/notifications 200 0.097 ms - -","timestamp":"2025-01-26 23:17:48"}
{"level":"info","message":"OPTIONS /api/v1/batch/options 200 0.148 ms - -","timestamp":"2025-01-26 23:17:48"}
{"level":"info","message":"OPTIONS /api/v1/coach-signup/31e2b526-bc0a-48d6-89ee-8fbd0e653607 200 0.116 ms - -","timestamp":"2025-01-26 23:17:48"}
{"level":"info","message":"OPTIONS /api/v1/permission 200 0.097 ms - -","timestamp":"2025-01-26 23:17:48"}
{"level":"info","message":"GET /api/v1/notifications 304 13.459 ms - -","timestamp":"2025-01-26 23:17:48"}
{"level":"info","message":"GET /api/v1/coach-signup/31e2b526-bc0a-48d6-89ee-8fbd0e653607 304 10.224 ms - -","timestamp":"2025-01-26 23:17:48"}
{"level":"info","message":"GET /api/v1/batch/options 304 19.668 ms - -","timestamp":"2025-01-26 23:17:48"}
{"level":"info","message":"GET /api/v1/permission 304 14.705 ms - -","timestamp":"2025-01-26 23:17:48"}
{"level":"info","message":"PUT /api/v1/coach-signup/31e2b526-bc0a-48d6-89ee-8fbd0e653607 200 12.145 ms - 1340","timestamp":"2025-01-26 23:17:50"}
{"level":"info","message":"GET /api/v1/coach-signup/31e2b526-bc0a-48d6-89ee-8fbd0e653607 200 3.380 ms - 1352","timestamp":"2025-01-26 23:17:50"}
{"level":"info","message":"OPTIONS /api/v1/notifications 200 0.090 ms - -","timestamp":"2025-01-26 23:19:08"}
{"level":"info","message":"OPTIONS /api/v1/batch/options 200 0.114 ms - -","timestamp":"2025-01-26 23:19:08"}
{"level":"info","message":"OPTIONS /api/v1/coach-signup/31e2b526-bc0a-48d6-89ee-8fbd0e653607 200 0.089 ms - -","timestamp":"2025-01-26 23:19:08"}
{"level":"info","message":"OPTIONS /api/v1/permission 200 0.116 ms - -","timestamp":"2025-01-26 23:19:08"}
{"level":"info","message":"GET /api/v1/notifications 304 4.978 ms - -","timestamp":"2025-01-26 23:19:08"}
{"level":"info","message":"GET /api/v1/coach-signup/31e2b526-bc0a-48d6-89ee-8fbd0e653607 304 5.082 ms - -","timestamp":"2025-01-26 23:19:08"}
{"level":"info","message":"GET /api/v1/permission 304 10.200 ms - -","timestamp":"2025-01-26 23:19:08"}
{"level":"info","message":"GET /api/v1/batch/options 304 15.934 ms - -","timestamp":"2025-01-26 23:19:08"}
{"level":"info","message":"PUT /api/v1/coach-signup/31e2b526-bc0a-48d6-89ee-8fbd0e653607 200 14.653 ms - 1340","timestamp":"2025-01-26 23:19:10"}
{"level":"info","message":"GET /api/v1/coach-signup/31e2b526-bc0a-48d6-89ee-8fbd0e653607 200 3.012 ms - 1352","timestamp":"2025-01-26 23:19:10"}
{"level":"info","message":"OPTIONS /api/v1/notifications 200 0.110 ms - -","timestamp":"2025-01-26 23:31:41"}
{"level":"info","message":"OPTIONS /api/v1/batch/options 200 0.113 ms - -","timestamp":"2025-01-26 23:31:41"}
{"level":"info","message":"OPTIONS /api/v1/coach-signup/31e2b526-bc0a-48d6-89ee-8fbd0e653607 200 0.094 ms - -","timestamp":"2025-01-26 23:31:41"}
{"level":"info","message":"OPTIONS /api/v1/permission 200 0.128 ms - -","timestamp":"2025-01-26 23:31:41"}
{"level":"info","message":"GET /api/v1/notifications 304 7.424 ms - -","timestamp":"2025-01-26 23:31:41"}
{"level":"info","message":"GET /api/v1/batch/options 304 15.200 ms - -","timestamp":"2025-01-26 23:31:41"}
{"level":"info","message":"GET /api/v1/coach-signup/31e2b526-bc0a-48d6-89ee-8fbd0e653607 304 21.352 ms - -","timestamp":"2025-01-26 23:31:41"}
{"level":"info","message":"GET /api/v1/permission 304 25.925 ms - -","timestamp":"2025-01-26 23:31:41"}
{"level":"info","message":"PUT /api/v1/coach-signup/31e2b526-bc0a-48d6-89ee-8fbd0e653607 200 23.007 ms - 1340","timestamp":"2025-01-26 23:31:44"}
{"level":"info","message":"GET /api/v1/coach-signup/31e2b526-bc0a-48d6-89ee-8fbd0e653607 200 3.747 ms - 1352","timestamp":"2025-01-26 23:31:44"}
{"level":"info","message":"OPTIONS /api/v1/notifications 200 0.125 ms - -","timestamp":"2025-01-26 23:31:50"}
{"level":"info","message":"OPTIONS /api/v1/batch/options 200 0.137 ms - -","timestamp":"2025-01-26 23:31:50"}
{"level":"info","message":"OPTIONS /api/v1/coach-signup/31e2b526-bc0a-48d6-89ee-8fbd0e653607 200 0.204 ms - -","timestamp":"2025-01-26 23:31:50"}
{"level":"info","message":"OPTIONS /api/v1/permission 200 0.151 ms - -","timestamp":"2025-01-26 23:31:50"}
{"level":"info","message":"GET /api/v1/coach-signup/31e2b526-bc0a-48d6-89ee-8fbd0e653607 304 4.517 ms - -","timestamp":"2025-01-26 23:31:50"}
{"level":"info","message":"GET /api/v1/notifications 304 17.772 ms - -","timestamp":"2025-01-26 23:31:50"}
{"level":"info","message":"GET /api/v1/permission 304 25.415 ms - -","timestamp":"2025-01-26 23:31:50"}
{"level":"info","message":"GET /api/v1/batch/options 304 36.365 ms - -","timestamp":"2025-01-26 23:31:50"}
{"level":"info","message":"PUT /api/v1/coach-signup/31e2b526-bc0a-48d6-89ee-8fbd0e653607 200 10.521 ms - 1340","timestamp":"2025-01-26 23:31:51"}
{"level":"info","message":"GET /api/v1/coach-signup/31e2b526-bc0a-48d6-89ee-8fbd0e653607 200 3.111 ms - 1352","timestamp":"2025-01-26 23:31:51"}
{"level":"info","message":"OPTIONS /api/v1/permission 200 0.163 ms - -","timestamp":"2025-01-26 23:38:35"}
{"level":"info","message":"GET /api/v1/permission 304 18.640 ms - -","timestamp":"2025-01-26 23:38:35"}
{"level":"info","message":"OPTIONS /api/v1/notifications 200 0.074 ms - -","timestamp":"2025-01-26 23:38:43"}
{"level":"info","message":"OPTIONS /api/v1/batch/options 200 0.076 ms - -","timestamp":"2025-01-26 23:38:43"}
{"level":"info","message":"OPTIONS /api/v1/coach-signup/31e2b526-bc0a-48d6-89ee-8fbd0e653607 200 0.082 ms - -","timestamp":"2025-01-26 23:38:43"}
{"level":"info","message":"OPTIONS /api/v1/permission 200 0.072 ms - -","timestamp":"2025-01-26 23:38:43"}
{"level":"info","message":"GET /api/v1/notifications 304 7.053 ms - -","timestamp":"2025-01-26 23:38:43"}
{"level":"info","message":"GET /api/v1/permission 304 10.799 ms - -","timestamp":"2025-01-26 23:38:43"}
{"level":"info","message":"GET /api/v1/coach-signup/31e2b526-bc0a-48d6-89ee-8fbd0e653607 304 19.252 ms - -","timestamp":"2025-01-26 23:38:43"}
{"level":"info","message":"GET /api/v1/batch/options 304 36.995 ms - -","timestamp":"2025-01-26 23:38:43"}
{"level":"info","message":"PUT /api/v1/coach-signup/31e2b526-bc0a-48d6-89ee-8fbd0e653607 200 21.820 ms - 1340","timestamp":"2025-01-26 23:38:45"}
{"level":"info","message":"GET /api/v1/coach-signup/31e2b526-bc0a-48d6-89ee-8fbd0e653607 200 2.910 ms - 1352","timestamp":"2025-01-26 23:38:45"}
{"level":"info","message":"OPTIONS /api/v1/coach-signup/31e2b526-bc0a-48d6-89ee-8fbd0e653607 200 0.067 ms - -","timestamp":"2025-01-26 23:39:57"}
{"level":"info","message":"PUT /api/v1/coach-signup/31e2b526-bc0a-48d6-89ee-8fbd0e653607 200 9.843 ms - 1340","timestamp":"2025-01-26 23:39:57"}
{"level":"info","message":"GET /api/v1/coach-signup/31e2b526-bc0a-48d6-89ee-8fbd0e653607 200 2.762 ms - 1352","timestamp":"2025-01-26 23:39:57"}
{"level":"info","message":"OPTIONS /api/v1/coach-signup/undefined/verify-otp 200 0.093 ms - -","timestamp":"2025-01-26 23:39:59"}
{"level":"info","message":"POST /api/v1/coach-signup/undefined/verify-otp 404 1.768 ms - 180","timestamp":"2025-01-26 23:39:59"}
{"level":"info","message":"GET /api/v1/coach-signup/31e2b526-bc0a-48d6-89ee-8fbd0e653607 304 3.170 ms - -","timestamp":"2025-01-26 23:39:59"}
{"level":"info","message":"OPTIONS /api/v1/coach-signup/undefined/verify-otp 200 0.077 ms - -","timestamp":"2025-01-26 23:41:19"}
{"level":"info","message":"POST /api/v1/coach-signup/undefined/verify-otp 404 1.257 ms - 180","timestamp":"2025-01-26 23:41:19"}
{"level":"info","message":"OPTIONS /api/v1/coach-signup/31e2b526-bc0a-48d6-89ee-8fbd0e653607 200 0.077 ms - -","timestamp":"2025-01-26 23:41:19"}
{"level":"info","message":"GET /api/v1/coach-signup/31e2b526-bc0a-48d6-89ee-8fbd0e653607 304 2.942 ms - -","timestamp":"2025-01-26 23:41:19"}
{"level":"info","message":"OPTIONS /api/v1/notifications 200 0.073 ms - -","timestamp":"2025-01-26 23:41:29"}
{"level":"info","message":"OPTIONS /api/v1/batch/options 200 0.111 ms - -","timestamp":"2025-01-26 23:41:29"}
{"level":"info","message":"OPTIONS /api/v1/coach-signup/31e2b526-bc0a-48d6-89ee-8fbd0e653607 200 0.116 ms - -","timestamp":"2025-01-26 23:41:29"}
{"level":"info","message":"OPTIONS /api/v1/permission 200 0.097 ms - -","timestamp":"2025-01-26 23:41:29"}
{"level":"info","message":"GET /api/v1/notifications 304 9.544 ms - -","timestamp":"2025-01-26 23:41:29"}
{"level":"info","message":"GET /api/v1/coach-signup/31e2b526-bc0a-48d6-89ee-8fbd0e653607 304 4.873 ms - -","timestamp":"2025-01-26 23:41:29"}
{"level":"info","message":"GET /api/v1/batch/options 304 14.365 ms - -","timestamp":"2025-01-26 23:41:29"}
{"level":"info","message":"GET /api/v1/permission 304 12.784 ms - -","timestamp":"2025-01-26 23:41:29"}
{"level":"info","message":"PUT /api/v1/coach-signup/31e2b526-bc0a-48d6-89ee-8fbd0e653607 200 16.264 ms - 1340","timestamp":"2025-01-26 23:41:30"}
{"level":"info","message":"GET /api/v1/coach-signup/31e2b526-bc0a-48d6-89ee-8fbd0e653607 200 3.499 ms - 1352","timestamp":"2025-01-26 23:41:30"}
{"level":"info","message":"OPTIONS /api/v1/coach-signup/verify-otp 200 0.150 ms - -","timestamp":"2025-01-26 23:41:34"}
{"clientVersion":"5.20.0","level":"error","name":"PrismaClientValidationError","timestamp":"2025-01-26 23:41:34"}
{"level":"info","message":"POST /api/v1/coach-signup/verify-otp 500 28.067 ms - 4708","timestamp":"2025-01-26 23:41:34"}
{"level":"info","message":"OPTIONS /api/v1/coach-signup/31e2b526-bc0a-48d6-89ee-8fbd0e653607 200 0.071 ms - -","timestamp":"2025-01-26 23:41:34"}
{"level":"info","message":"GET /api/v1/coach-signup/31e2b526-bc0a-48d6-89ee-8fbd0e653607 304 2.870 ms - -","timestamp":"2025-01-26 23:41:34"}
{"level":"info","message":"Database connection successful","timestamp":"2025-01-26 23:41:52"}
{"level":"info","message":"Server is running on port 5000","timestamp":"2025-01-26 23:41:52"}
{"level":"info","message":"Initial origins update completed","timestamp":"2025-01-26 23:41:52"}
{"level":"info","message":"OPTIONS /api/v1/coach-signup/verify-otp 200 0.869 ms - -","timestamp":"2025-01-26 23:41:55"}
{"clientVersion":"5.20.0","level":"error","name":"PrismaClientValidationError","timestamp":"2025-01-26 23:41:55"}
{"level":"info","message":"POST /api/v1/coach-signup/verify-otp 500 24.932 ms - 4708","timestamp":"2025-01-26 23:41:55"}
{"level":"info","message":"OPTIONS /api/v1/coach-signup/31e2b526-bc0a-48d6-89ee-8fbd0e653607 200 0.125 ms - -","timestamp":"2025-01-26 23:41:55"}
{"level":"info","message":"GET /api/v1/coach-signup/31e2b526-bc0a-48d6-89ee-8fbd0e653607 304 6.180 ms - -","timestamp":"2025-01-26 23:41:55"}
{"level":"info","message":"OPTIONS /api/v1/coach-signup/verify-otp 200 0.293 ms - -","timestamp":"2025-01-26 23:42:58"}
{"clientVersion":"5.20.0","level":"error","name":"PrismaClientValidationError","timestamp":"2025-01-26 23:42:58"}
{"level":"info","message":"POST /api/v1/coach-signup/verify-otp 500 6.580 ms - 4708","timestamp":"2025-01-26 23:42:58"}
{"level":"info","message":"OPTIONS /api/v1/coach-signup/31e2b526-bc0a-48d6-89ee-8fbd0e653607 200 0.087 ms - -","timestamp":"2025-01-26 23:42:58"}
{"level":"info","message":"GET /api/v1/coach-signup/31e2b526-bc0a-48d6-89ee-8fbd0e653607 304 3.769 ms - -","timestamp":"2025-01-26 23:42:58"}
{"level":"info","message":"OPTIONS /api/v1/notifications 200 0.211 ms - -","timestamp":"2025-01-26 23:43:17"}
{"level":"info","message":"OPTIONS /api/v1/batch/options 200 0.149 ms - -","timestamp":"2025-01-26 23:43:17"}
{"level":"info","message":"OPTIONS /api/v1/coach-signup/31e2b526-bc0a-48d6-89ee-8fbd0e653607 200 0.111 ms - -","timestamp":"2025-01-26 23:43:17"}
{"level":"info","message":"OPTIONS /api/v1/permission 200 0.069 ms - -","timestamp":"2025-01-26 23:43:17"}
{"level":"info","message":"GET /api/v1/coach-signup/31e2b526-bc0a-48d6-89ee-8fbd0e653607 304 7.242 ms - -","timestamp":"2025-01-26 23:43:17"}
{"level":"info","message":"GET /api/v1/notifications 304 18.685 ms - -","timestamp":"2025-01-26 23:43:17"}
{"level":"info","message":"GET /api/v1/permission 304 15.385 ms - -","timestamp":"2025-01-26 23:43:17"}
{"level":"info","message":"GET /api/v1/batch/options 304 26.063 ms - -","timestamp":"2025-01-26 23:43:17"}
{"level":"info","message":"OPTIONS /api/v1/coach-signup/31e2b526-bc0a-48d6-89ee-8fbd0e653607 200 0.168 ms - -","timestamp":"2025-01-26 23:43:23"}
{"level":"info","message":"PUT /api/v1/coach-signup/31e2b526-bc0a-48d6-89ee-8fbd0e653607 200 17.818 ms - 1340","timestamp":"2025-01-26 23:43:23"}
{"level":"info","message":"GET /api/v1/coach-signup/31e2b526-bc0a-48d6-89ee-8fbd0e653607 200 3.179 ms - 1352","timestamp":"2025-01-26 23:43:23"}
{"level":"info","message":"OPTIONS /api/v1/coach-signup/verify-otp 200 0.094 ms - -","timestamp":"2025-01-26 23:43:26"}
{"clientVersion":"5.20.0","level":"error","name":"PrismaClientValidationError","timestamp":"2025-01-26 23:43:26"}
{"level":"info","message":"POST /api/v1/coach-signup/verify-otp 500 4.821 ms - 4708","timestamp":"2025-01-26 23:43:26"}
{"level":"info","message":"GET /api/v1/coach-signup/31e2b526-bc0a-48d6-89ee-8fbd0e653607 304 3.816 ms - -","timestamp":"2025-01-26 23:43:26"}
{"level":"info","message":"OPTIONS /api/v1/coach-signup/verify-otp 200 0.124 ms - -","timestamp":"2025-01-26 23:46:41"}
{"clientVersion":"5.20.0","level":"error","name":"PrismaClientValidationError","timestamp":"2025-01-26 23:46:41"}
{"level":"info","message":"POST /api/v1/coach-signup/verify-otp 500 4.693 ms - 4708","timestamp":"2025-01-26 23:46:41"}
{"level":"info","message":"OPTIONS /api/v1/coach-signup/31e2b526-bc0a-48d6-89ee-8fbd0e653607 200 0.075 ms - -","timestamp":"2025-01-26 23:46:41"}
{"level":"info","message":"GET /api/v1/coach-signup/31e2b526-bc0a-48d6-89ee-8fbd0e653607 304 3.139 ms - -","timestamp":"2025-01-26 23:46:41"}
{"level":"info","message":"OPTIONS /api/v1/coach-signup/verify-otp 200 0.104 ms - -","timestamp":"2025-01-26 23:47:14"}
{"clientVersion":"5.20.0","level":"error","name":"PrismaClientValidationError","timestamp":"2025-01-26 23:47:14"}
{"level":"info","message":"POST /api/v1/coach-signup/verify-otp 500 3.326 ms - 4708","timestamp":"2025-01-26 23:47:14"}
{"level":"info","message":"OPTIONS /api/v1/coach-signup/31e2b526-bc0a-48d6-89ee-8fbd0e653607 200 0.122 ms - -","timestamp":"2025-01-26 23:47:14"}
{"level":"info","message":"GET /api/v1/coach-signup/31e2b526-bc0a-48d6-89ee-8fbd0e653607 304 3.205 ms - -","timestamp":"2025-01-26 23:47:14"}
{"level":"info","message":"Database connection successful","timestamp":"2025-01-26 23:48:23"}
{"level":"info","message":"Server is running on port 5000","timestamp":"2025-01-26 23:48:23"}
{"level":"info","message":"Initial origins update completed","timestamp":"2025-01-26 23:48:23"}
{"level":"info","message":"Database connection successful","timestamp":"2025-01-26 23:48:29"}
{"level":"info","message":"Server is running on port 5000","timestamp":"2025-01-26 23:48:29"}
{"level":"info","message":"Initial origins update completed","timestamp":"2025-01-26 23:48:29"}
{"level":"info","message":"Database connection successful","timestamp":"2025-01-26 23:48:39"}
{"level":"info","message":"Server is running on port 5000","timestamp":"2025-01-26 23:48:39"}
{"level":"info","message":"Initial origins update completed","timestamp":"2025-01-26 23:48:39"}
{"level":"info","message":"Database connection successful","timestamp":"2025-01-26 23:48:41"}
{"level":"info","message":"Server is running on port 5000","timestamp":"2025-01-26 23:48:41"}
{"level":"info","message":"Initial origins update completed","timestamp":"2025-01-26 23:48:41"}
{"level":"info","message":"Database connection successful","timestamp":"2025-01-26 23:48:43"}
{"level":"info","message":"Server is running on port 5000","timestamp":"2025-01-26 23:48:43"}
{"level":"info","message":"Initial origins update completed","timestamp":"2025-01-26 23:48:43"}
{"level":"info","message":"Database connection successful","timestamp":"2025-01-26 23:48:54"}
{"level":"info","message":"Server is running on port 5000","timestamp":"2025-01-26 23:48:54"}
{"level":"info","message":"Initial origins update completed","timestamp":"2025-01-26 23:48:54"}
{"level":"info","message":"Database connection successful","timestamp":"2025-01-26 23:49:07"}
{"level":"info","message":"Server is running on port 5000","timestamp":"2025-01-26 23:49:07"}
{"level":"info","message":"Initial origins update completed","timestamp":"2025-01-26 23:49:07"}
{"level":"info","message":"OPTIONS /api/v1/coach-signup/verify-otp 200 0.837 ms - -","timestamp":"2025-01-26 23:49:15"}
{"level":"info","message":"POST /api/v1/coach-signup/verify-otp 200 28.711 ms - 988","timestamp":"2025-01-26 23:49:15"}
{"level":"info","message":"OPTIONS /api/v1/coach-signup/31e2b526-bc0a-48d6-89ee-8fbd0e653607 200 0.077 ms - -","timestamp":"2025-01-26 23:49:15"}
{"level":"info","message":"GET /api/v1/coach-signup/31e2b526-bc0a-48d6-89ee-8fbd0e653607 200 5.180 ms - 1359","timestamp":"2025-01-26 23:49:15"}
{"level":"info","message":"OPTIONS /api/v1/coach-signup/verify-otp 200 0.162 ms - -","timestamp":"2025-01-26 23:49:29"}
{"clientVersion":"5.20.0","level":"error","name":"PrismaClientValidationError","timestamp":"2025-01-26 23:49:29"}
{"level":"info","message":"POST /api/v1/coach-signup/verify-otp 500 8.842 ms - 4705","timestamp":"2025-01-26 23:49:29"}
{"level":"info","message":"OPTIONS /api/v1/coach-signup/31e2b526-bc0a-48d6-89ee-8fbd0e653607 200 0.103 ms - -","timestamp":"2025-01-26 23:49:29"}
{"level":"info","message":"GET /api/v1/coach-signup/31e2b526-bc0a-48d6-89ee-8fbd0e653607 304 4.254 ms - -","timestamp":"2025-01-26 23:49:29"}
{"level":"info","message":"OPTIONS /api/v1/coach-signup/verify-otp 200 0.099 ms - -","timestamp":"2025-01-26 23:51:06"}
{"clientVersion":"5.20.0","level":"error","name":"PrismaClientValidationError","timestamp":"2025-01-26 23:51:06"}
{"level":"info","message":"POST /api/v1/coach-signup/verify-otp 500 5.183 ms - 4705","timestamp":"2025-01-26 23:51:06"}
{"level":"info","message":"OPTIONS /api/v1/coach-signup/31e2b526-bc0a-48d6-89ee-8fbd0e653607 200 0.116 ms - -","timestamp":"2025-01-26 23:51:06"}
{"level":"info","message":"GET /api/v1/coach-signup/31e2b526-bc0a-48d6-89ee-8fbd0e653607 304 4.351 ms - -","timestamp":"2025-01-26 23:51:06"}
{"level":"info","message":"OPTIONS /api/v1/coach-signup/31e2b526-bc0a-48d6-89ee-8fbd0e653607 200 0.106 ms - -","timestamp":"2025-01-26 23:52:24"}
{"level":"info","message":"PUT /api/v1/coach-signup/31e2b526-bc0a-48d6-89ee-8fbd0e653607 200 18.071 ms - 1347","timestamp":"2025-01-26 23:52:24"}
{"level":"info","message":"GET /api/v1/coach-signup/31e2b526-bc0a-48d6-89ee-8fbd0e653607 200 3.047 ms - 1359","timestamp":"2025-01-26 23:52:24"}
{"level":"info","message":"OPTIONS /api/v1/coach-signup/verify-otp 200 0.154 ms - -","timestamp":"2025-01-26 23:52:52"}
{"level":"error","statusCode":400,"timestamp":"2025-01-26 23:52:52"}
{"level":"info","message":"POST /api/v1/coach-signup/verify-otp 400 6.357 ms - 364","timestamp":"2025-01-26 23:52:52"}
{"level":"info","message":"OPTIONS /api/v1/coach-signup/31e2b526-bc0a-48d6-89ee-8fbd0e653607 200 0.201 ms - -","timestamp":"2025-01-26 23:52:52"}
{"level":"info","message":"GET /api/v1/coach-signup/31e2b526-bc0a-48d6-89ee-8fbd0e653607 304 2.957 ms - -","timestamp":"2025-01-26 23:52:52"}
{"level":"info","message":"OPTIONS /api/v1/coach-signup/31e2b526-bc0a-48d6-89ee-8fbd0e653607 200 0.150 ms - -","timestamp":"2025-01-26 23:52:57"}
{"level":"info","message":"PUT /api/v1/coach-signup/31e2b526-bc0a-48d6-89ee-8fbd0e653607 200 16.761 ms - 1347","timestamp":"2025-01-26 23:52:57"}
{"level":"info","message":"GET /api/v1/coach-signup/31e2b526-bc0a-48d6-89ee-8fbd0e653607 200 3.544 ms - 1359","timestamp":"2025-01-26 23:52:57"}
{"level":"info","message":"PUT /api/v1/coach-signup/31e2b526-bc0a-48d6-89ee-8fbd0e653607 200 15.899 ms - 1347","timestamp":"2025-01-26 23:53:01"}
{"level":"info","message":"GET /api/v1/coach-signup/31e2b526-bc0a-48d6-89ee-8fbd0e653607 200 2.850 ms - 1359","timestamp":"2025-01-26 23:53:01"}
{"level":"info","message":"OPTIONS /api/v1/notifications 200 0.168 ms - -","timestamp":"2025-01-26 23:53:07"}
{"level":"info","message":"OPTIONS /api/v1/batch/options 200 0.150 ms - -","timestamp":"2025-01-26 23:53:07"}
{"level":"info","message":"OPTIONS /api/v1/coach-signup/31e2b526-bc0a-48d6-89ee-8fbd0e653607 200 0.090 ms - -","timestamp":"2025-01-26 23:53:07"}
{"level":"info","message":"OPTIONS /api/v1/permission 200 0.179 ms - -","timestamp":"2025-01-26 23:53:07"}
{"level":"info","message":"GET /api/v1/coach-signup/31e2b526-bc0a-48d6-89ee-8fbd0e653607 304 8.382 ms - -","timestamp":"2025-01-26 23:53:07"}
{"level":"info","message":"GET /api/v1/notifications 304 20.584 ms - -","timestamp":"2025-01-26 23:53:07"}
{"level":"info","message":"GET /api/v1/permission 304 18.904 ms - -","timestamp":"2025-01-26 23:53:07"}
{"level":"info","message":"GET /api/v1/batch/options 304 27.894 ms - -","timestamp":"2025-01-26 23:53:07"}
{"level":"info","message":"OPTIONS /api/v1/permission 200 0.094 ms - -","timestamp":"2025-01-26 23:53:33"}
{"level":"info","message":"GET /api/v1/permission 401 3.905 ms - 46","timestamp":"2025-01-26 23:53:33"}
{"level":"info","message":"OPTIONS /api/v1/notifications 200 0.183 ms - -","timestamp":"2025-01-26 23:53:33"}
{"level":"info","message":"OPTIONS /api/v1/dashboard 200 0.105 ms - -","timestamp":"2025-01-26 23:53:33"}
{"level":"info","message":"GET /api/v1/notifications 401 3.844 ms - 46","timestamp":"2025-01-26 23:53:33"}
{"level":"info","message":"GET /api/v1/dashboard 401 2.947 ms - 46","timestamp":"2025-01-26 23:53:33"}
{"level":"info","message":"OPTIONS /api/v1/permission 200 0.147 ms - -","timestamp":"2025-01-26 23:53:45"}
{"level":"info","message":"GET /api/v1/permission 304 12.363 ms - -","timestamp":"2025-01-26 23:53:45"}
{"level":"info","message":"OPTIONS /api/v1/notifications 200 0.092 ms - -","timestamp":"2025-01-26 23:53:45"}
{"level":"info","message":"OPTIONS /api/v1/dashboard 200 0.126 ms - -","timestamp":"2025-01-26 23:53:45"}
{"level":"info","message":"GET /api/v1/notifications 304 6.830 ms - -","timestamp":"2025-01-26 23:53:45"}
{"level":"info","message":"GET /api/v1/dashboard 304 37.167 ms - -","timestamp":"2025-01-26 23:53:45"}
{"level":"info","message":"OPTIONS /api/v1/invitation/all-invitations?page=1&limit=1000&query= 200 0.073 ms - -","timestamp":"2025-01-26 23:54:02"}
{"level":"info","message":"GET /api/v1/invitation/all-invitations?page=1&limit=1000&query= 304 12.661 ms - -","timestamp":"2025-01-26 23:54:02"}
{"level":"info","message":"OPTIONS /api/v1/coach/all-coaches 200 0.079 ms - -","timestamp":"2025-01-26 23:54:02"}
{"level":"info","message":"OPTIONS /api/v1/student/all-students 200 0.088 ms - -","timestamp":"2025-01-26 23:54:02"}
{"level":"info","message":"OPTIONS /api/v1/superadmin/all-academies?page=1&limit=10&query= 200 0.110 ms - -","timestamp":"2025-01-26 23:54:02"}
{"level":"info","message":"OPTIONS /api/v1/batch?page=1&limit=10&query= 200 0.068 ms - -","timestamp":"2025-01-26 23:54:02"}
{"level":"info","message":"GET /api/v1/superadmin/all-academies?page=1&limit=10&query= 304 29.732 ms - -","timestamp":"2025-01-26 23:54:02"}
{"level":"info","message":"GET /api/v1/coach/all-coaches 304 38.144 ms - -","timestamp":"2025-01-26 23:54:02"}
{"level":"info","message":"GET /api/v1/student/all-students 304 39.218 ms - -","timestamp":"2025-01-26 23:54:02"}
{"level":"info","message":"GET /api/v1/batch?page=1&limit=10&query= 304 30.905 ms - -","timestamp":"2025-01-26 23:54:02"}
{"level":"info","message":"GET /api/v1/invitation/all-invitations?page=1&limit=1000&query= 304 17.134 ms - -","timestamp":"2025-01-26 23:54:02"}
{"level":"info","message":"OPTIONS /api/v1/events 200 0.084 ms - -","timestamp":"2025-01-26 23:54:03"}
{"level":"info","message":"GET /api/v1/events 304 19.195 ms - -","timestamp":"2025-01-26 23:54:03"}
{"level":"info","message":"OPTIONS /api/v1/batch/options 200 0.074 ms - -","timestamp":"2025-01-26 23:54:04"}
{"level":"info","message":"GET /api/v1/batch/options 304 15.503 ms - -","timestamp":"2025-01-26 23:54:04"}
{"level":"info","message":"GET /api/v1/invitation/all-invitations?page=1&limit=1000&query= 304 14.674 ms - -","timestamp":"2025-01-26 23:54:04"}
{"level":"info","message":"GET /api/v1/superadmin/all-academies?page=1&limit=10&query= 304 20.637 ms - -","timestamp":"2025-01-26 23:54:05"}
{"level":"info","message":"GET /api/v1/batch?page=1&limit=10&query= 304 24.692 ms - -","timestamp":"2025-01-26 23:54:05"}
{"level":"info","message":"OPTIONS /api/v1/student/all-students-from-batch?batchId=dd9350bb-0c8b-4ef7-92ee-f1f3a704508b&query= 200 0.099 ms - -","timestamp":"2025-01-26 23:54:06"}
{"level":"info","message":"GET /api/v1/student/all-students-from-batch?batchId=dd9350bb-0c8b-4ef7-92ee-f1f3a704508b&query= 200 21.958 ms - 3560","timestamp":"2025-01-26 23:54:06"}
{"level":"info","message":"OPTIONS /api/v1/superadmin/all-academies?page=1&limit=10&query= 200 0.127 ms - -","timestamp":"2025-01-26 23:54:17"}
{"level":"info","message":"OPTIONS /api/v1/batch?page=1&limit=10&query= 200 0.126 ms - -","timestamp":"2025-01-26 23:54:17"}
{"level":"info","message":"GET /api/v1/superadmin/all-academies?page=1&limit=10&query= 304 13.360 ms - -","timestamp":"2025-01-26 23:54:18"}
{"level":"info","message":"GET /api/v1/batch?page=1&limit=10&query= 304 12.324 ms - -","timestamp":"2025-01-26 23:54:18"}
{"level":"info","message":"OPTIONS /api/v1/batch/dd9350bb-0c8b-4ef7-92ee-f1f3a704508b/coaches 200 0.074 ms - -","timestamp":"2025-01-26 23:54:19"}
{"level":"info","message":"OPTIONS /api/v1/coach/all-coaches 200 0.102 ms - -","timestamp":"2025-01-26 23:54:19"}
{"level":"info","message":"GET /api/v1/batch/dd9350bb-0c8b-4ef7-92ee-f1f3a704508b/coaches 200 10.776 ms - 438","timestamp":"2025-01-26 23:54:19"}
{"level":"info","message":"GET /api/v1/coach/all-coaches 304 14.746 ms - -","timestamp":"2025-01-26 23:54:19"}
{"level":"info","message":"OPTIONS /api/v1/superadmin/all-academies?page=1&limit=10&query= 200 0.094 ms - -","timestamp":"2025-01-26 23:54:23"}
{"level":"info","message":"OPTIONS /api/v1/batch?page=1&limit=10&query= 200 0.099 ms - -","timestamp":"2025-01-26 23:54:23"}
{"level":"info","message":"GET /api/v1/superadmin/all-academies?page=1&limit=10&query= 304 12.769 ms - -","timestamp":"2025-01-26 23:54:23"}
{"level":"info","message":"GET /api/v1/batch?page=1&limit=10&query= 304 13.107 ms - -","timestamp":"2025-01-26 23:54:23"}
{"level":"info","message":"OPTIONS /api/v1/invitation/all-invitations?page=1&limit=1000&query= 200 0.161 ms - -","timestamp":"2025-01-26 23:54:24"}
{"level":"info","message":"GET /api/v1/invitation/all-invitations?page=1&limit=1000&query= 304 8.114 ms - -","timestamp":"2025-01-26 23:54:24"}
{"level":"info","message":"OPTIONS /api/v1/coach-signup?page=1&limit=10&search= 200 0.146 ms - -","timestamp":"2025-01-26 23:54:28"}
{"level":"info","message":"GET /api/v1/coach-signup?page=1&limit=10&search= 200 12.879 ms - 6758","timestamp":"2025-01-26 23:54:28"}
{"level":"info","message":"OPTIONS /api/v1/coach-signup?page=1&limit=10&search= 200 0.130 ms - -","timestamp":"2025-01-26 23:58:53"}
{"level":"info","message":"GET /api/v1/coach-signup?page=1&limit=10&search= 304 11.411 ms - -","timestamp":"2025-01-26 23:58:53"}
{"level":"info","message":"GET /api/v1/coach-signup?page=1&limit=10&search= 304 13.335 ms - -","timestamp":"2025-01-26 23:58:56"}
{"level":"info","message":"GET /api/v1/coach-signup?page=1&limit=10&search= 304 11.788 ms - -","timestamp":"2025-01-26 23:58:58"}
{"level":"info","message":"OPTIONS /api/v1/coach-signup?page=1&limit=10&search= 200 0.804 ms - -","timestamp":"2025-01-26 23:59:26"}
{"level":"info","message":"GET /api/v1/coach-signup?page=1&limit=10&search= 304 10.679 ms - -","timestamp":"2025-01-26 23:59:26"}
{"level":"info","message":"Running expired signups check cron job","timestamp":"2025-01-27 00:00:00"}
{"level":"info","message":"Running cleanup cron job","timestamp":"2025-01-27 00:00:00"}
{"clientVersion":"5.20.0","level":"error","message":"Error in cleanup cron job: \nInvalid `db.userSignup.deleteMany()` invocation in\n/home/whynotparit/Desktop/work/chessinchunks/backend/src/cron/studentSignup.cron.js:24:49\n\n  21 const thirtyDaysAgo = new Date();\n  22 thirtyDaysAgo.setDate(thirtyDaysAgo.getDate() - 30);\n  23 \n→ 24 const cleanupResult = await db.userSignup.deleteMany({\n       where: {\n         signupStatus: \"EXPIRED\",\n                       ~~~~~~~~~\n         updatedAt: {\n           lt: new Date(\"2024-12-27T18:30:00.460Z\")\n         }\n       }\n     })\n\nInvalid value for argument `signupStatus`. Expected SIGNUP_STATUS.","name":"PrismaClientValidationError","stack":"PrismaClientValidationError: \nInvalid `db.userSignup.deleteMany()` invocation in\n/home/whynotparit/Desktop/work/chessinchunks/backend/src/cron/studentSignup.cron.js:24:49\n\n  21 const thirtyDaysAgo = new Date();\n  22 thirtyDaysAgo.setDate(thirtyDaysAgo.getDate() - 30);\n  23 \n→ 24 const cleanupResult = await db.userSignup.deleteMany({\n       where: {\n         signupStatus: \"EXPIRED\",\n                       ~~~~~~~~~\n         updatedAt: {\n           lt: new Date(\"2024-12-27T18:30:00.460Z\")\n         }\n       }\n     })\n\nInvalid value for argument `signupStatus`. Expected SIGNUP_STATUS.\n    at Dn (/home/whynotparit/Desktop/work/chessinchunks/backend/node_modules/@prisma/client/runtime/library.js:114:8082)\n    at Mn.handleRequestError (/home/whynotparit/Desktop/work/chessinchunks/backend/node_modules/@prisma/client/runtime/library.js:121:7396)\n    at Mn.handleAndLogRequestError (/home/whynotparit/Desktop/work/chessinchunks/backend/node_modules/@prisma/client/runtime/library.js:121:7061)\n    at Mn.request (/home/whynotparit/Desktop/work/chessinchunks/backend/node_modules/@prisma/client/runtime/library.js:121:6745)\n    at async l (/home/whynotparit/Desktop/work/chessinchunks/backend/node_modules/@prisma/client/runtime/library.js:130:9633)\n    at async Task._execution (/home/whynotparit/Desktop/work/chessinchunks/backend/src/cron/studentSignup.cron.js:24:29)","timestamp":"2025-01-27 00:00:00"}
{"level":"info","message":"Processed 0 expired signups","timestamp":"2025-01-27 00:00:00"}
{"level":"info","message":"OPTIONS /api/v1/coach-signup?page=1&limit=10&search= 200 0.117 ms - -","timestamp":"2025-01-27 00:06:05"}
{"level":"info","message":"GET /api/v1/coach-signup?page=1&limit=10&search= 304 11.896 ms - -","timestamp":"2025-01-27 00:06:05"}
{"level":"info","message":"OPTIONS /api/v1/batch/options 200 0.148 ms - -","timestamp":"2025-01-27 00:06:07"}
{"level":"info","message":"GET /api/v1/batch/options 304 21.964 ms - -","timestamp":"2025-01-27 00:06:07"}
{"level":"info","message":"OPTIONS /api/v1/coach-signup 200 0.097 ms - -","timestamp":"2025-01-27 00:06:10"}
{"clientVersion":"5.20.0","level":"error","name":"PrismaClientValidationError","timestamp":"2025-01-27 00:06:10"}
{"level":"info","message":"POST /api/v1/coach-signup 500 30.272 ms - 2654","timestamp":"2025-01-27 00:06:10"}
{"level":"info","message":"OPTIONS /api/v1/coach-signup?page=1&limit=10&search= 200 0.120 ms - -","timestamp":"2025-01-27 00:06:12"}
{"level":"info","message":"GET /api/v1/coach-signup?page=1&limit=10&search= 304 11.532 ms - -","timestamp":"2025-01-27 00:06:12"}
